source	stage	object_path	provenance_class	object_sha256	compiler_binary_path	compiler_binary_sha256	fnv1a64
src/holyc-lib/all.HC	stage0	build/b02-corpus-A/0_all.o	stage0-historical	2dda65210bd70f48c9087bf171811e54018a131edf738a072432a4ac35993d63	./build/hcc	86b6756cdfd39cc92c9a8cd031821fdbe1d9ce42274791fd402934f903092499	ce658c0b61239cd5
src/holyc-lib/all.HC	stage1	build/lexer07-corpus-4stage/s1/1_all.o	stage1	2dda65210bd70f48c9087bf171811e54018a131edf738a072432a4ac35993d63	./build/hcc-bootstrap02	9916a3786fdadcad3962f754120c396f36a0f9d44b50291f3bbeb4dd961da2c6	ce658c0b61239cd5
src/holyc-lib/all.HC	stage2	build/lexer07-corpus-4stage/s2/1_all.o	stage2	2dda65210bd70f48c9087bf171811e54018a131edf738a072432a4ac35993d63	./build/hcc-bootstrap03	9c1166868fae2573328af1f5c86373577a4a4b9b7464872aa2e209e3fe3c84f4	ce658c0b61239cd5
src/holyc-lib/all.HC	stage3	build/lexer07-corpus-4stage/s3/1_all.o	stage3	2dda65210bd70f48c9087bf171811e54018a131edf738a072432a4ac35993d63	./build/hcc-bootstrap04	2aec4181f1d40a8239828a1b7a00da3782114cf6efffe6c618f471687b40b7c7	ce658c0b61239cd5
src/holyc-lib/csv.HC	stage0	build/lexer07-corpus-4stage/s0/5_csv.o	stage0-current	f7523fab5c25020bf9db6dcdaa19c984cff9b6efe51943047b001df625c5c414	./build/hcc	86b6756cdfd39cc92c9a8cd031821fdbe1d9ce42274791fd402934f903092499	f7b278810e18df6a
src/holyc-lib/csv.HC	stage1	build/lexer07-corpus-4stage/s1/5_csv.o	stage1	f7523fab5c25020bf9db6dcdaa19c984cff9b6efe51943047b001df625c5c414	./build/hcc-bootstrap02	9916a3786fdadcad3962f754120c396f36a0f9d44b50291f3bbeb4dd961da2c6	f7b278810e18df6a
src/holyc-lib/csv.HC	stage2	build/lexer07-corpus-4stage/s2/5_csv.o	stage2	f7523fab5c25020bf9db6dcdaa19c984cff9b6efe51943047b001df625c5c414	./build/hcc-bootstrap03	9c1166868fae2573328af1f5c86373577a4a4b9b7464872aa2e209e3fe3c84f4	f7b278810e18df6a
src/holyc-lib/csv.HC	stage3	build/lexer07-corpus-4stage/s3/5_csv.o	stage3	f7523fab5c25020bf9db6dcdaa19c984cff9b6efe51943047b001df625c5c414	./build/hcc-bootstrap04	2aec4181f1d40a8239828a1b7a00da3782114cf6efffe6c618f471687b40b7c7	f7b278810e18df6a
src/holyc-lib/date.HC	stage0	build/b02-corpus-A/5_date.o	stage0-historical	84cfbd4684c175ca4e3888501f1a7019a4acba02de384ac99c204732b2e766f2	./build/hcc	86b6756cdfd39cc92c9a8cd031821fdbe1d9ce42274791fd402934f903092499	8583013d69fbbf29
src/holyc-lib/date.HC	stage1	build/lexer07-corpus-4stage/s1/6_date.o	stage1	84cfbd4684c175ca4e3888501f1a7019a4acba02de384ac99c204732b2e766f2	./build/hcc-bootstrap02	9916a3786fdadcad3962f754120c396f36a0f9d44b50291f3bbeb4dd961da2c6	8583013d69fbbf29
src/holyc-lib/date.HC	stage2	build/lexer07-corpus-4stage/s2/6_date.o	stage2	84cfbd4684c175ca4e3888501f1a7019a4acba02de384ac99c204732b2e766f2	./build/hcc-bootstrap03	9c1166868fae2573328af1f5c86373577a4a4b9b7464872aa2e209e3fe3c84f4	8583013d69fbbf29
src/holyc-lib/date.HC	stage3	build/lexer07-corpus-4stage/s3/6_date.o	stage3	84cfbd4684c175ca4e3888501f1a7019a4acba02de384ac99c204732b2e766f2	./build/hcc-bootstrap04	2aec4181f1d40a8239828a1b7a00da3782114cf6efffe6c618f471687b40b7c7	8583013d69fbbf29
src/holyc-lib/dir.HC	stage0	build/lexer07-corpus-4stage/s0/7_dir.o	stage0-current	ff793de5949f0315390d6fb401311263c851d9c5df9f99e29788a9ed815634da	./build/hcc	86b6756cdfd39cc92c9a8cd031821fdbe1d9ce42274791fd402934f903092499	ddcd655b18770da6
src/holyc-lib/dir.HC	stage1	build/lexer07-corpus-4stage/s1/7_dir.o	stage1	ff793de5949f0315390d6fb401311263c851d9c5df9f99e29788a9ed815634da	./build/hcc-bootstrap02	9916a3786fdadcad3962f754120c396f36a0f9d44b50291f3bbeb4dd961da2c6	ddcd655b18770da6
src/holyc-lib/dir.HC	stage2	build/lexer07-corpus-4stage/s2/7_dir.o	stage2	ff793de5949f0315390d6fb401311263c851d9c5df9f99e29788a9ed815634da	./build/hcc-bootstrap03	9c1166868fae2573328af1f5c86373577a4a4b9b7464872aa2e209e3fe3c84f4	ddcd655b18770da6
src/holyc-lib/dir.HC	stage3	build/lexer07-corpus-4stage/s3/7_dir.o	stage3	ff793de5949f0315390d6fb401311263c851d9c5df9f99e29788a9ed815634da	./build/hcc-bootstrap04	2aec4181f1d40a8239828a1b7a00da3782114cf6efffe6c618f471687b40b7c7	ddcd655b18770da6
src/holyc-lib/except.HC	stage0	build/lexer07-corpus-4stage/s0/8_except.o	stage0-current	94a8039f2dd559bba73abf684da244b63bb8e10457a58deb98a279035876f5bb	./build/hcc	86b6756cdfd39cc92c9a8cd031821fdbe1d9ce42274791fd402934f903092499	ee54b044c0744e87
src/holyc-lib/except.HC	stage1	build/lexer07-corpus-4stage/s1/8_except.o	stage1	94a8039f2dd559bba73abf684da244b63bb8e10457a58deb98a279035876f5bb	./build/hcc-bootstrap02	9916a3786fdadcad3962f754120c396f36a0f9d44b50291f3bbeb4dd961da2c6	ee54b044c0744e87
src/holyc-lib/except.HC	stage2	build/lexer07-corpus-4stage/s2/8_except.o	stage2	94a8039f2dd559bba73abf684da244b63bb8e10457a58deb98a279035876f5bb	./build/hcc-bootstrap03	9c1166868fae2573328af1f5c86373577a4a4b9b7464872aa2e209e3fe3c84f4	ee54b044c0744e87
src/holyc-lib/except.HC	stage3	build/lexer07-corpus-4stage/s3/8_except.o	stage3	94a8039f2dd559bba73abf684da244b63bb8e10457a58deb98a279035876f5bb	./build/hcc-bootstrap04	2aec4181f1d40a8239828a1b7a00da3782114cf6efffe6c618f471687b40b7c7	ee54b044c0744e87
src/holyc-lib/fzf.HC	stage0	build/lexer07-corpus-4stage/s0/9_fzf.o	stage0-current	021d2d8152df9cba35ec5cf1064ed71e8a2f7ce20bcb3fa3ca893c5d3db42bb0	./build/hcc	86b6756cdfd39cc92c9a8cd031821fdbe1d9ce42274791fd402934f903092499	67e345d2f53c1b77
src/holyc-lib/fzf.HC	stage1	build/lexer07-corpus-4stage/s1/9_fzf.o	stage1	021d2d8152df9cba35ec5cf1064ed71e8a2f7ce20bcb3fa3ca893c5d3db42bb0	./build/hcc-bootstrap02	9916a3786fdadcad3962f754120c396f36a0f9d44b50291f3bbeb4dd961da2c6	67e345d2f53c1b77
src/holyc-lib/fzf.HC	stage2	build/lexer07-corpus-4stage/s2/9_fzf.o	stage2	021d2d8152df9cba35ec5cf1064ed71e8a2f7ce20bcb3fa3ca893c5d3db42bb0	./build/hcc-bootstrap03	9c1166868fae2573328af1f5c86373577a4a4b9b7464872aa2e209e3fe3c84f4	67e345d2f53c1b77
src/holyc-lib/fzf.HC	stage3	build/lexer07-corpus-4stage/s3/9_fzf.o	stage3	021d2d8152df9cba35ec5cf1064ed71e8a2f7ce20bcb3fa3ca893c5d3db42bb0	./build/hcc-bootstrap04	2aec4181f1d40a8239828a1b7a00da3782114cf6efffe6c618f471687b40b7c7	67e345d2f53c1b77
src/holyc-lib/hashtable.HC	stage0	build/b02-corpus-A/9_hashtable.o	stage0-historical	1e7c210aca666796b20ac564494ecc43b11101564964746dd5fb3d093a7f55cb	./build/hcc	86b6756cdfd39cc92c9a8cd031821fdbe1d9ce42274791fd402934f903092499	b283fad1a027aef3
src/holyc-lib/hashtable.HC	stage1	build/lexer07-corpus-4stage/s1/10_hashtable.o	stage1	1e7c210aca666796b20ac564494ecc43b11101564964746dd5fb3d093a7f55cb	./build/hcc-bootstrap02	9916a3786fdadcad3962f754120c396f36a0f9d44b50291f3bbeb4dd961da2c6	b283fad1a027aef3
src/holyc-lib/hashtable.HC	stage2	build/lexer07-corpus-4stage/s2/10_hashtable.o	stage2	1e7c210aca666796b20ac564494ecc43b11101564964746dd5fb3d093a7f55cb	./build/hcc-bootstrap03	9c1166868fae2573328af1f5c86373577a4a4b9b7464872aa2e209e3fe3c84f4	b283fad1a027aef3
src/holyc-lib/hashtable.HC	stage3	build/lexer07-corpus-4stage/s3/10_hashtable.o	stage3	1e7c210aca666796b20ac564494ecc43b11101564964746dd5fb3d093a7f55cb	./build/hcc-bootstrap04	2aec4181f1d40a8239828a1b7a00da3782114cf6efffe6c618f471687b40b7c7	b283fad1a027aef3
src/holyc-lib/io.HC	stage0	build/b02-corpus-A/10_io.o	stage0-historical	acf6f2cc28a7397bd50ba763a21aeff1fcd8350af479ee04a8cd127fbd4cd336	./build/hcc	86b6756cdfd39cc92c9a8cd031821fdbe1d9ce42274791fd402934f903092499	6b4b23777ad6e612
src/holyc-lib/io.HC	stage1	build/lexer07-corpus-4stage/s1/11_io.o	stage1	acf6f2cc28a7397bd50ba763a21aeff1fcd8350af479ee04a8cd127fbd4cd336	./build/hcc-bootstrap02	9916a3786fdadcad3962f754120c396f36a0f9d44b50291f3bbeb4dd961da2c6	6b4b23777ad6e612
src/holyc-lib/io.HC	stage2	build/lexer07-corpus-4stage/s2/11_io.o	stage2	acf6f2cc28a7397bd50ba763a21aeff1fcd8350af479ee04a8cd127fbd4cd336	./build/hcc-bootstrap03	9c1166868fae2573328af1f5c86373577a4a4b9b7464872aa2e209e3fe3c84f4	6b4b23777ad6e612
src/holyc-lib/io.HC	stage3	build/lexer07-corpus-4stage/s3/11_io.o	stage3	acf6f2cc28a7397bd50ba763a21aeff1fcd8350af479ee04a8cd127fbd4cd336	./build/hcc-bootstrap04	2aec4181f1d40a8239828a1b7a00da3782114cf6efffe6c618f471687b40b7c7	6b4b23777ad6e612
src/holyc-lib/json.HC	stage0	build/lexer07-corpus-4stage/s0/12_json.o	stage0-current	076c9c35177209c85ef9f9ed71eb5d7e6025502f2a21ea31ea5686dacff700b0	./build/hcc	86b6756cdfd39cc92c9a8cd031821fdbe1d9ce42274791fd402934f903092499	3324be2a80495fff
src/holyc-lib/json.HC	stage1	build/lexer07-corpus-4stage/s1/12_json.o	stage1	076c9c35177209c85ef9f9ed71eb5d7e6025502f2a21ea31ea5686dacff700b0	./build/hcc-bootstrap02	9916a3786fdadcad3962f754120c396f36a0f9d44b50291f3bbeb4dd961da2c6	3324be2a80495fff
src/holyc-lib/json.HC	stage2	build/lexer07-corpus-4stage/s2/12_json.o	stage2	076c9c35177209c85ef9f9ed71eb5d7e6025502f2a21ea31ea5686dacff700b0	./build/hcc-bootstrap03	9c1166868fae2573328af1f5c86373577a4a4b9b7464872aa2e209e3fe3c84f4	3324be2a80495fff
src/holyc-lib/json.HC	stage3	build/lexer07-corpus-4stage/s3/12_json.o	stage3	076c9c35177209c85ef9f9ed71eb5d7e6025502f2a21ea31ea5686dacff700b0	./build/hcc-bootstrap04	2aec4181f1d40a8239828a1b7a00da3782114cf6efffe6c618f471687b40b7c7	3324be2a80495fff
src/holyc-lib/list.HC	stage0	build/b02-corpus-A/12_list.o	stage0-historical	d1a05d7932fe99f4e7718f781416f600416e484a05e6600cb3be4d15dde94138	./build/hcc	86b6756cdfd39cc92c9a8cd031821fdbe1d9ce42274791fd402934f903092499	4be3a31ea1b9ef78
src/holyc-lib/list.HC	stage1	build/lexer07-corpus-4stage/s1/13_list.o	stage1	d1a05d7932fe99f4e7718f781416f600416e484a05e6600cb3be4d15dde94138	./build/hcc-bootstrap02	9916a3786fdadcad3962f754120c396f36a0f9d44b50291f3bbeb4dd961da2c6	4be3a31ea1b9ef78
src/holyc-lib/list.HC	stage2	build/lexer07-corpus-4stage/s2/13_list.o	stage2	d1a05d7932fe99f4e7718f781416f600416e484a05e6600cb3be4d15dde94138	./build/hcc-bootstrap03	9c1166868fae2573328af1f5c86373577a4a4b9b7464872aa2e209e3fe3c84f4	4be3a31ea1b9ef78
src/holyc-lib/list.HC	stage3	build/lexer07-corpus-4stage/s3/13_list.o	stage3	d1a05d7932fe99f4e7718f781416f600416e484a05e6600cb3be4d15dde94138	./build/hcc-bootstrap04	2aec4181f1d40a8239828a1b7a00da3782114cf6efffe6c618f471687b40b7c7	4be3a31ea1b9ef78
src/holyc-lib/math.HC	stage0	build/lexer07-corpus-4stage/s0/14_math.o	stage0-current	c39173f01b554d29721ca79308e751ed63f5c7be062edfd0f7a20e2b1dc0b796	./build/hcc	86b6756cdfd39cc92c9a8cd031821fdbe1d9ce42274791fd402934f903092499	b207efe179b1cc92
src/holyc-lib/math.HC	stage1	build/lexer07-corpus-4stage/s1/14_math.o	stage1	c39173f01b554d29721ca79308e751ed63f5c7be062edfd0f7a20e2b1dc0b796	./build/hcc-bootstrap02	9916a3786fdadcad3962f754120c396f36a0f9d44b50291f3bbeb4dd961da2c6	b207efe179b1cc92
src/holyc-lib/math.HC	stage2	build/lexer07-corpus-4stage/s2/14_math.o	stage2	c39173f01b554d29721ca79308e751ed63f5c7be062edfd0f7a20e2b1dc0b796	./build/hcc-bootstrap03	9c1166868fae2573328af1f5c86373577a4a4b9b7464872aa2e209e3fe3c84f4	b207efe179b1cc92
src/holyc-lib/math.HC	stage3	build/lexer07-corpus-4stage/s3/14_math.o	stage3	c39173f01b554d29721ca79308e751ed63f5c7be062edfd0f7a20e2b1dc0b796	./build/hcc-bootstrap04	2aec4181f1d40a8239828a1b7a00da3782114cf6efffe6c618f471687b40b7c7	b207efe179b1cc92
src/holyc-lib/memory.HC	stage0	build/b02-corpus-A/14_memory.o	stage0-historical	39249c78f3bdb4e84397c3b75c5b8f90c996e2bbd1df78031cd0b529c93c1321	./build/hcc	86b6756cdfd39cc92c9a8cd031821fdbe1d9ce42274791fd402934f903092499	f315250e52769bac
src/holyc-lib/memory.HC	stage1	build/lexer07-corpus-4stage/s1/15_memory.o	stage1	39249c78f3bdb4e84397c3b75c5b8f90c996e2bbd1df78031cd0b529c93c1321	./build/hcc-bootstrap02	9916a3786fdadcad3962f754120c396f36a0f9d44b50291f3bbeb4dd961da2c6	f315250e52769bac
src/holyc-lib/memory.HC	stage2	build/lexer07-corpus-4stage/s2/15_memory.o	stage2	39249c78f3bdb4e84397c3b75c5b8f90c996e2bbd1df78031cd0b529c93c1321	./build/hcc-bootstrap03	9c1166868fae2573328af1f5c86373577a4a4b9b7464872aa2e209e3fe3c84f4	f315250e52769bac
src/holyc-lib/memory.HC	stage3	build/lexer07-corpus-4stage/s3/15_memory.o	stage3	39249c78f3bdb4e84397c3b75c5b8f90c996e2bbd1df78031cd0b529c93c1321	./build/hcc-bootstrap04	2aec4181f1d40a8239828a1b7a00da3782114cf6efffe6c618f471687b40b7c7	f315250e52769bac
src/holyc-lib/net.HC	stage0	build/lexer07-corpus-4stage/s0/16_net.o	stage0-current	ccbb4e22df1235fa454017c4b0c7be45ee0a6f5b9d885195c234b5ad141bbbae	./build/hcc	86b6756cdfd39cc92c9a8cd031821fdbe1d9ce42274791fd402934f903092499	8d63ad23e55b9091
src/holyc-lib/net.HC	stage1	build/lexer07-corpus-4stage/s1/16_net.o	stage1	ccbb4e22df1235fa454017c4b0c7be45ee0a6f5b9d885195c234b5ad141bbbae	./build/hcc-bootstrap02	9916a3786fdadcad3962f754120c396f36a0f9d44b50291f3bbeb4dd961da2c6	8d63ad23e55b9091
src/holyc-lib/net.HC	stage2	build/lexer07-corpus-4stage/s2/16_net.o	stage2	ccbb4e22df1235fa454017c4b0c7be45ee0a6f5b9d885195c234b5ad141bbbae	./build/hcc-bootstrap03	9c1166868fae2573328af1f5c86373577a4a4b9b7464872aa2e209e3fe3c84f4	8d63ad23e55b9091
src/holyc-lib/net.HC	stage3	build/lexer07-corpus-4stage/s3/16_net.o	stage3	ccbb4e22df1235fa454017c4b0c7be45ee0a6f5b9d885195c234b5ad141bbbae	./build/hcc-bootstrap04	2aec4181f1d40a8239828a1b7a00da3782114cf6efffe6c618f471687b40b7c7	8d63ad23e55b9091
src/holyc-lib/set.HC	stage0	build/lexer07-corpus-4stage/s0/17_set.o	stage0-current	bd5e837d94407aee38f496cec2a4ac6a1761ec278f034223d4cb740d7c8621a8	./build/hcc	86b6756cdfd39cc92c9a8cd031821fdbe1d9ce42274791fd402934f903092499	29643de4d5e4013e
src/holyc-lib/set.HC	stage1	build/lexer07-corpus-4stage/s1/17_set.o	stage1	bd5e837d94407aee38f496cec2a4ac6a1761ec278f034223d4cb740d7c8621a8	./build/hcc-bootstrap02	9916a3786fdadcad3962f754120c396f36a0f9d44b50291f3bbeb4dd961da2c6	29643de4d5e4013e
src/holyc-lib/set.HC	stage2	build/lexer07-corpus-4stage/s2/17_set.o	stage2	bd5e837d94407aee38f496cec2a4ac6a1761ec278f034223d4cb740d7c8621a8	./build/hcc-bootstrap03	9c1166868fae2573328af1f5c86373577a4a4b9b7464872aa2e209e3fe3c84f4	29643de4d5e4013e
src/holyc-lib/set.HC	stage3	build/lexer07-corpus-4stage/s3/17_set.o	stage3	bd5e837d94407aee38f496cec2a4ac6a1761ec278f034223d4cb740d7c8621a8	./build/hcc-bootstrap04	2aec4181f1d40a8239828a1b7a00da3782114cf6efffe6c618f471687b40b7c7	29643de4d5e4013e
src/holyc-lib/sqllite.HC	stage0	build/lexer07-corpus-4stage/s0/18_sqllite.o	stage0-current	4dc1cc5cd48eedb6bddcb2ad73a6b6e26d121ee2268b3b019fc75ec4b530b8ea	./build/hcc	86b6756cdfd39cc92c9a8cd031821fdbe1d9ce42274791fd402934f903092499	a1e36fa1be078e46
src/holyc-lib/sqllite.HC	stage1	build/lexer07-corpus-4stage/s1/18_sqllite.o	stage1	4dc1cc5cd48eedb6bddcb2ad73a6b6e26d121ee2268b3b019fc75ec4b530b8ea	./build/hcc-bootstrap02	9916a3786fdadcad3962f754120c396f36a0f9d44b50291f3bbeb4dd961da2c6	a1e36fa1be078e46
src/holyc-lib/sqllite.HC	stage2	build/lexer07-corpus-4stage/s2/18_sqllite.o	stage2	4dc1cc5cd48eedb6bddcb2ad73a6b6e26d121ee2268b3b019fc75ec4b530b8ea	./build/hcc-bootstrap03	9c1166868fae2573328af1f5c86373577a4a4b9b7464872aa2e209e3fe3c84f4	a1e36fa1be078e46
src/holyc-lib/sqllite.HC	stage3	build/lexer07-corpus-4stage/s3/18_sqllite.o	stage3	4dc1cc5cd48eedb6bddcb2ad73a6b6e26d121ee2268b3b019fc75ec4b530b8ea	./build/hcc-bootstrap04	2aec4181f1d40a8239828a1b7a00da3782114cf6efffe6c618f471687b40b7c7	a1e36fa1be078e46
src/holyc-lib/stat.HC	stage0	build/lexer07-corpus-4stage/s0/19_stat.o	stage0-current	095d35015f62c1a6799f21fadb6a772a7ea7c5cca531fd81b5056f284ddd0926	./build/hcc	86b6756cdfd39cc92c9a8cd031821fdbe1d9ce42274791fd402934f903092499	ce274464639e6466
src/holyc-lib/stat.HC	stage1	build/lexer07-corpus-4stage/s1/19_stat.o	stage1	095d35015f62c1a6799f21fadb6a772a7ea7c5cca531fd81b5056f284ddd0926	./build/hcc-bootstrap02	9916a3786fdadcad3962f754120c396f36a0f9d44b50291f3bbeb4dd961da2c6	ce274464639e6466
src/holyc-lib/stat.HC	stage2	build/lexer07-corpus-4stage/s2/19_stat.o	stage2	095d35015f62c1a6799f21fadb6a772a7ea7c5cca531fd81b5056f284ddd0926	./build/hcc-bootstrap03	9c1166868fae2573328af1f5c86373577a4a4b9b7464872aa2e209e3fe3c84f4	ce274464639e6466
src/holyc-lib/stat.HC	stage3	build/lexer07-corpus-4stage/s3/19_stat.o	stage3	095d35015f62c1a6799f21fadb6a772a7ea7c5cca531fd81b5056f284ddd0926	./build/hcc-bootstrap04	2aec4181f1d40a8239828a1b7a00da3782114cf6efffe6c618f471687b40b7c7	ce274464639e6466
src/holyc-lib/strings.HC	stage0	build/b02-corpus-A/19_strings.o	stage0-historical	4861dedd37a414d596857516a0193fe4ad5990701a2c36e9644718d86597a325	./build/hcc	86b6756cdfd39cc92c9a8cd031821fdbe1d9ce42274791fd402934f903092499	dee23222adbf32e5
src/holyc-lib/strings.HC	stage1	build/lexer07-corpus-4stage/s1/20_strings.o	stage1	4861dedd37a414d596857516a0193fe4ad5990701a2c36e9644718d86597a325	./build/hcc-bootstrap02	9916a3786fdadcad3962f754120c396f36a0f9d44b50291f3bbeb4dd961da2c6	dee23222adbf32e5
src/holyc-lib/strings.HC	stage2	build/lexer07-corpus-4stage/s2/20_strings.o	stage2	4861dedd37a414d596857516a0193fe4ad5990701a2c36e9644718d86597a325	./build/hcc-bootstrap03	9c1166868fae2573328af1f5c86373577a4a4b9b7464872aa2e209e3fe3c84f4	dee23222adbf32e5
src/holyc-lib/strings.HC	stage3	build/lexer07-corpus-4stage/s3/20_strings.o	stage3	4861dedd37a414d596857516a0193fe4ad5990701a2c36e9644718d86597a325	./build/hcc-bootstrap04	2aec4181f1d40a8239828a1b7a00da3782114cf6efffe6c618f471687b40b7c7	dee23222adbf32e5
src/holyc-lib/system.HC	stage0	build/lexer07-corpus-4stage/s0/21_system.o	stage0-current	581115d240e7c6365570777de6ca2d16d3c68a1b5d9879652b533ef1659d4443	./build/hcc	86b6756cdfd39cc92c9a8cd031821fdbe1d9ce42274791fd402934f903092499	34ab320d3ee005d7
src/holyc-lib/system.HC	stage1	build/lexer07-corpus-4stage/s1/21_system.o	stage1	581115d240e7c6365570777de6ca2d16d3c68a1b5d9879652b533ef1659d4443	./build/hcc-bootstrap02	9916a3786fdadcad3962f754120c396f36a0f9d44b50291f3bbeb4dd961da2c6	34ab320d3ee005d7
src/holyc-lib/system.HC	stage2	build/lexer07-corpus-4stage/s2/21_system.o	stage2	581115d240e7c6365570777de6ca2d16d3c68a1b5d9879652b533ef1659d4443	./build/hcc-bootstrap03	9c1166868fae2573328af1f5c86373577a4a4b9b7464872aa2e209e3fe3c84f4	34ab320d3ee005d7
src/holyc-lib/system.HC	stage3	build/lexer07-corpus-4stage/s3/21_system.o	stage3	581115d240e7c6365570777de6ca2d16d3c68a1b5d9879652b533ef1659d4443	./build/hcc-bootstrap04	2aec4181f1d40a8239828a1b7a00da3782114cf6efffe6c618f471687b40b7c7	34ab320d3ee005d7
src/holyc-lib/threads.HC	stage0	build/b02-corpus-A/21_threads.o	stage0-historical	38030efad11fc811f247e43453c64de680431ee22cc4cba74b0017068652c909	./build/hcc	86b6756cdfd39cc92c9a8cd031821fdbe1d9ce42274791fd402934f903092499	15fdd4834153c71f
src/holyc-lib/threads.HC	stage1	build/lexer07-corpus-4stage/s1/22_threads.o	stage1	38030efad11fc811f247e43453c64de680431ee22cc4cba74b0017068652c909	./build/hcc-bootstrap02	9916a3786fdadcad3962f754120c396f36a0f9d44b50291f3bbeb4dd961da2c6	15fdd4834153c71f
src/holyc-lib/threads.HC	stage2	build/lexer07-corpus-4stage/s2/22_threads.o	stage2	38030efad11fc811f247e43453c64de680431ee22cc4cba74b0017068652c909	./build/hcc-bootstrap03	9c1166868fae2573328af1f5c86373577a4a4b9b7464872aa2e209e3fe3c84f4	15fdd4834153c71f
src/holyc-lib/threads.HC	stage3	build/lexer07-corpus-4stage/s3/22_threads.o	stage3	38030efad11fc811f247e43453c64de680431ee22cc4cba74b0017068652c909	./build/hcc-bootstrap04	2aec4181f1d40a8239828a1b7a00da3782114cf6efffe6c618f471687b40b7c7	15fdd4834153c71f
src/holyc-lib/tooling.HC	stage0	build/b02-corpus-A/22_tooling.o	stage0-historical	e59bd907b862ee807705152abc262a7819fbc9768e5344e15adb23db2a126960	./build/hcc	86b6756cdfd39cc92c9a8cd031821fdbe1d9ce42274791fd402934f903092499	55d8cb2ee74cb932
src/holyc-lib/tooling.HC	stage1	build/lexer07-corpus-4stage/s1/23_tooling.o	stage1	e59bd907b862ee807705152abc262a7819fbc9768e5344e15adb23db2a126960	./build/hcc-bootstrap02	9916a3786fdadcad3962f754120c396f36a0f9d44b50291f3bbeb4dd961da2c6	55d8cb2ee74cb932
src/holyc-lib/tooling.HC	stage2	build/lexer07-corpus-4stage/s2/23_tooling.o	stage2	e59bd907b862ee807705152abc262a7819fbc9768e5344e15adb23db2a126960	./build/hcc-bootstrap03	9c1166868fae2573328af1f5c86373577a4a4b9b7464872aa2e209e3fe3c84f4	55d8cb2ee74cb932
src/holyc-lib/tooling.HC	stage3	build/lexer07-corpus-4stage/s3/23_tooling.o	stage3	e59bd907b862ee807705152abc262a7819fbc9768e5344e15adb23db2a126960	./build/hcc-bootstrap04	2aec4181f1d40a8239828a1b7a00da3782114cf6efffe6c618f471687b40b7c7	55d8cb2ee74cb932
src/holyc-lib/vector.HC	stage0	build/lexer07-corpus-4stage/s0/24_vector.o	stage0-current	1dde83ed78a594ef11394cce2480b58c8e68524f2e0c65fb5756823635486b5b	./build/hcc	86b6756cdfd39cc92c9a8cd031821fdbe1d9ce42274791fd402934f903092499	ed0e3b48d7361d20
src/holyc-lib/vector.HC	stage1	build/lexer07-corpus-4stage/s1/24_vector.o	stage1	1dde83ed78a594ef11394cce2480b58c8e68524f2e0c65fb5756823635486b5b	./build/hcc-bootstrap02	9916a3786fdadcad3962f754120c396f36a0f9d44b50291f3bbeb4dd961da2c6	ed0e3b48d7361d20
src/holyc-lib/vector.HC	stage2	build/lexer07-corpus-4stage/s2/24_vector.o	stage2	1dde83ed78a594ef11394cce2480b58c8e68524f2e0c65fb5756823635486b5b	./build/hcc-bootstrap03	9c1166868fae2573328af1f5c86373577a4a4b9b7464872aa2e209e3fe3c84f4	ed0e3b48d7361d20
src/holyc-lib/vector.HC	stage3	build/lexer07-corpus-4stage/s3/24_vector.o	stage3	1dde83ed78a594ef11394cce2480b58c8e68524f2e0c65fb5756823635486b5b	./build/hcc-bootstrap04	2aec4181f1d40a8239828a1b7a00da3782114cf6efffe6c618f471687b40b7c7	ed0e3b48d7361d20
src/tests/01_pointer_simple.HC	stage0	build/lexer07-corpus-4stage/s0/25_01_pointer_simple.o	stage0-current	5286862c71a487a56034f0bb1ba89deea3af2b43320c6c44ef3dd5338648667f	./build/hcc	86b6756cdfd39cc92c9a8cd031821fdbe1d9ce42274791fd402934f903092499	b5d8eb48b2d649dd
src/tests/01_pointer_simple.HC	stage1	build/lexer07-corpus-4stage/s1/25_01_pointer_simple.o	stage1	5286862c71a487a56034f0bb1ba89deea3af2b43320c6c44ef3dd5338648667f	./build/hcc-bootstrap02	9916a3786fdadcad3962f754120c396f36a0f9d44b50291f3bbeb4dd961da2c6	b5d8eb48b2d649dd
src/tests/01_pointer_simple.HC	stage2	build/lexer07-corpus-4stage/s2/25_01_pointer_simple.o	stage2	5286862c71a487a56034f0bb1ba89deea3af2b43320c6c44ef3dd5338648667f	./build/hcc-bootstrap03	9c1166868fae2573328af1f5c86373577a4a4b9b7464872aa2e209e3fe3c84f4	b5d8eb48b2d649dd
src/tests/01_pointer_simple.HC	stage3	build/lexer07-corpus-4stage/s3/25_01_pointer_simple.o	stage3	5286862c71a487a56034f0bb1ba89deea3af2b43320c6c44ef3dd5338648667f	./build/hcc-bootstrap04	2aec4181f1d40a8239828a1b7a00da3782114cf6efffe6c618f471687b40b7c7	b5d8eb48b2d649dd
src/tests/02_pointer_simple.HC	stage0	build/lexer07-corpus-4stage/s0/26_02_pointer_simple.o	stage0-current	1ecb8da85a252e3f0f196587165b20e1471418c6059c855c61a381c123e72121	./build/hcc	86b6756cdfd39cc92c9a8cd031821fdbe1d9ce42274791fd402934f903092499	39f9a152b7a8184d
src/tests/02_pointer_simple.HC	stage1	build/lexer07-corpus-4stage/s1/26_02_pointer_simple.o	stage1	1ecb8da85a252e3f0f196587165b20e1471418c6059c855c61a381c123e72121	./build/hcc-bootstrap02	9916a3786fdadcad3962f754120c396f36a0f9d44b50291f3bbeb4dd961da2c6	39f9a152b7a8184d
src/tests/02_pointer_simple.HC	stage2	build/lexer07-corpus-4stage/s2/26_02_pointer_simple.o	stage2	1ecb8da85a252e3f0f196587165b20e1471418c6059c855c61a381c123e72121	./build/hcc-bootstrap03	9c1166868fae2573328af1f5c86373577a4a4b9b7464872aa2e209e3fe3c84f4	39f9a152b7a8184d
src/tests/02_pointer_simple.HC	stage3	build/lexer07-corpus-4stage/s3/26_02_pointer_simple.o	stage3	1ecb8da85a252e3f0f196587165b20e1471418c6059c855c61a381c123e72121	./build/hcc-bootstrap04	2aec4181f1d40a8239828a1b7a00da3782114cf6efffe6c618f471687b40b7c7	39f9a152b7a8184d
src/tests/03_malloc_array.HC	stage0	build/lexer07-corpus-4stage/s0/27_03_malloc_array.o	stage0-current	ab70d82aaa7054abfd473d646e36b5c7c9771958cc93a797747d119e91c6d045	./build/hcc	86b6756cdfd39cc92c9a8cd031821fdbe1d9ce42274791fd402934f903092499	fb390c87342bf554
src/tests/03_malloc_array.HC	stage1	build/lexer07-corpus-4stage/s1/27_03_malloc_array.o	stage1	ab70d82aaa7054abfd473d646e36b5c7c9771958cc93a797747d119e91c6d045	./build/hcc-bootstrap02	9916a3786fdadcad3962f754120c396f36a0f9d44b50291f3bbeb4dd961da2c6	fb390c87342bf554
src/tests/03_malloc_array.HC	stage2	build/lexer07-corpus-4stage/s2/27_03_malloc_array.o	stage2	ab70d82aaa7054abfd473d646e36b5c7c9771958cc93a797747d119e91c6d045	./build/hcc-bootstrap03	9c1166868fae2573328af1f5c86373577a4a4b9b7464872aa2e209e3fe3c84f4	fb390c87342bf554
src/tests/03_malloc_array.HC	stage3	build/lexer07-corpus-4stage/s3/27_03_malloc_array.o	stage3	ab70d82aaa7054abfd473d646e36b5c7c9771958cc93a797747d119e91c6d045	./build/hcc-bootstrap04	2aec4181f1d40a8239828a1b7a00da3782114cf6efffe6c618f471687b40b7c7	fb390c87342bf554
src/tests/04_ptr_ptr.HC	stage0	build/lexer07-corpus-4stage/s0/28_04_ptr_ptr.o	stage0-current	6203b3371338872342a966e7d7dd297bfcea38bd40967661563ab694ee9182d6	./build/hcc	86b6756cdfd39cc92c9a8cd031821fdbe1d9ce42274791fd402934f903092499	978c064b6fbf8379
src/tests/04_ptr_ptr.HC	stage1	build/lexer07-corpus-4stage/s1/28_04_ptr_ptr.o	stage1	6203b3371338872342a966e7d7dd297bfcea38bd40967661563ab694ee9182d6	./build/hcc-bootstrap02	9916a3786fdadcad3962f754120c396f36a0f9d44b50291f3bbeb4dd961da2c6	978c064b6fbf8379
src/tests/04_ptr_ptr.HC	stage2	build/lexer07-corpus-4stage/s2/28_04_ptr_ptr.o	stage2	6203b3371338872342a966e7d7dd297bfcea38bd40967661563ab694ee9182d6	./build/hcc-bootstrap03	9c1166868fae2573328af1f5c86373577a4a4b9b7464872aa2e209e3fe3c84f4	978c064b6fbf8379
src/tests/04_ptr_ptr.HC	stage3	build/lexer07-corpus-4stage/s3/28_04_ptr_ptr.o	stage3	6203b3371338872342a966e7d7dd297bfcea38bd40967661563ab694ee9182d6	./build/hcc-bootstrap04	2aec4181f1d40a8239828a1b7a00da3782114cf6efffe6c618f471687b40b7c7	978c064b6fbf8379
src/tests/05_int_ptr.HC	stage0	build/lexer07-corpus-4stage/s0/29_05_int_ptr.o	stage0-current	394b134e254f5c56a9a580b48e27a885bcc53377ae43b96d154bde92a2d63767	./build/hcc	86b6756cdfd39cc92c9a8cd031821fdbe1d9ce42274791fd402934f903092499	eefe36d65f9f3d39
src/tests/05_int_ptr.HC	stage1	build/lexer07-corpus-4stage/s1/29_05_int_ptr.o	stage1	394b134e254f5c56a9a580b48e27a885bcc53377ae43b96d154bde92a2d63767	./build/hcc-bootstrap02	9916a3786fdadcad3962f754120c396f36a0f9d44b50291f3bbeb4dd961da2c6	eefe36d65f9f3d39
src/tests/05_int_ptr.HC	stage2	build/lexer07-corpus-4stage/s2/29_05_int_ptr.o	stage2	394b134e254f5c56a9a580b48e27a885bcc53377ae43b96d154bde92a2d63767	./build/hcc-bootstrap03	9c1166868fae2573328af1f5c86373577a4a4b9b7464872aa2e209e3fe3c84f4	eefe36d65f9f3d39
src/tests/05_int_ptr.HC	stage3	build/lexer07-corpus-4stage/s3/29_05_int_ptr.o	stage3	394b134e254f5c56a9a580b48e27a885bcc53377ae43b96d154bde92a2d63767	./build/hcc-bootstrap04	2aec4181f1d40a8239828a1b7a00da3782114cf6efffe6c618f471687b40b7c7	eefe36d65f9f3d39
src/tests/06_class_defs.HC	stage0	build/lexer07-corpus-4stage/s0/30_06_class_defs.o	stage0-current	4fde44e65e5b1db04ce5a0e5be664d609d15349f8c4ec14fe175f76389e3b4e1	./build/hcc	86b6756cdfd39cc92c9a8cd031821fdbe1d9ce42274791fd402934f903092499	f3293197c22e6a2a
src/tests/06_class_defs.HC	stage1	build/lexer07-corpus-4stage/s1/30_06_class_defs.o	stage1	4fde44e65e5b1db04ce5a0e5be664d609d15349f8c4ec14fe175f76389e3b4e1	./build/hcc-bootstrap02	9916a3786fdadcad3962f754120c396f36a0f9d44b50291f3bbeb4dd961da2c6	f3293197c22e6a2a
src/tests/06_class_defs.HC	stage2	build/lexer07-corpus-4stage/s2/30_06_class_defs.o	stage2	4fde44e65e5b1db04ce5a0e5be664d609d15349f8c4ec14fe175f76389e3b4e1	./build/hcc-bootstrap03	9c1166868fae2573328af1f5c86373577a4a4b9b7464872aa2e209e3fe3c84f4	f3293197c22e6a2a
src/tests/06_class_defs.HC	stage3	build/lexer07-corpus-4stage/s3/30_06_class_defs.o	stage3	4fde44e65e5b1db04ce5a0e5be664d609d15349f8c4ec14fe175f76389e3b4e1	./build/hcc-bootstrap04	2aec4181f1d40a8239828a1b7a00da3782114cf6efffe6c618f471687b40b7c7	f3293197c22e6a2a
src/tests/07_recursive_classdef.HC	stage0	build/lexer07-corpus-4stage/s0/31_07_recursive_classdef.o	stage0-current	46e5424efb277c34694e28746566f13e53ae2f94027a6c77b4e6e4119cd0fb4d	./build/hcc	86b6756cdfd39cc92c9a8cd031821fdbe1d9ce42274791fd402934f903092499	383c65af8a677a29
src/tests/07_recursive_classdef.HC	stage1	build/lexer07-corpus-4stage/s1/31_07_recursive_classdef.o	stage1	46e5424efb277c34694e28746566f13e53ae2f94027a6c77b4e6e4119cd0fb4d	./build/hcc-bootstrap02	9916a3786fdadcad3962f754120c396f36a0f9d44b50291f3bbeb4dd961da2c6	383c65af8a677a29
src/tests/07_recursive_classdef.HC	stage2	build/lexer07-corpus-4stage/s2/31_07_recursive_classdef.o	stage2	46e5424efb277c34694e28746566f13e53ae2f94027a6c77b4e6e4119cd0fb4d	./build/hcc-bootstrap03	9c1166868fae2573328af1f5c86373577a4a4b9b7464872aa2e209e3fe3c84f4	383c65af8a677a29
src/tests/07_recursive_classdef.HC	stage3	build/lexer07-corpus-4stage/s3/31_07_recursive_classdef.o	stage3	46e5424efb277c34694e28746566f13e53ae2f94027a6c77b4e6e4119cd0fb4d	./build/hcc-bootstrap04	2aec4181f1d40a8239828a1b7a00da3782114cf6efffe6c618f471687b40b7c7	383c65af8a677a29
src/tests/08_break_continue.HC	stage0	build/lexer07-corpus-4stage/s0/32_08_break_continue.o	stage0-current	a50f16762bda471f40342081772ded540163e1ed40e2709fdecd133e48424bed	./build/hcc	86b6756cdfd39cc92c9a8cd031821fdbe1d9ce42274791fd402934f903092499	c1e714e308784256
src/tests/08_break_continue.HC	stage1	build/lexer07-corpus-4stage/s1/32_08_break_continue.o	stage1	a50f16762bda471f40342081772ded540163e1ed40e2709fdecd133e48424bed	./build/hcc-bootstrap02	9916a3786fdadcad3962f754120c396f36a0f9d44b50291f3bbeb4dd961da2c6	c1e714e308784256
src/tests/08_break_continue.HC	stage2	build/lexer07-corpus-4stage/s2/32_08_break_continue.o	stage2	a50f16762bda471f40342081772ded540163e1ed40e2709fdecd133e48424bed	./build/hcc-bootstrap03	9c1166868fae2573328af1f5c86373577a4a4b9b7464872aa2e209e3fe3c84f4	c1e714e308784256
src/tests/08_break_continue.HC	stage3	build/lexer07-corpus-4stage/s3/32_08_break_continue.o	stage3	a50f16762bda471f40342081772ded540163e1ed40e2709fdecd133e48424bed	./build/hcc-bootstrap04	2aec4181f1d40a8239828a1b7a00da3782114cf6efffe6c618f471687b40b7c7	c1e714e308784256
src/tests/09_default_function_parameters.HC	stage0	build/lexer07-corpus-4stage/s0/33_09_default_function_parameters.o	stage0-current	6d78001776151dbddd68b11f169f2d923151a82423a25d2858e1abe6661cff66	./build/hcc	86b6756cdfd39cc92c9a8cd031821fdbe1d9ce42274791fd402934f903092499	6bcdfbe5db34ce22
src/tests/09_default_function_parameters.HC	stage1	build/lexer07-corpus-4stage/s1/33_09_default_function_parameters.o	stage1	6d78001776151dbddd68b11f169f2d923151a82423a25d2858e1abe6661cff66	./build/hcc-bootstrap02	9916a3786fdadcad3962f754120c396f36a0f9d44b50291f3bbeb4dd961da2c6	6bcdfbe5db34ce22
src/tests/09_default_function_parameters.HC	stage2	build/lexer07-corpus-4stage/s2/33_09_default_function_parameters.o	stage2	6d78001776151dbddd68b11f169f2d923151a82423a25d2858e1abe6661cff66	./build/hcc-bootstrap03	9c1166868fae2573328af1f5c86373577a4a4b9b7464872aa2e209e3fe3c84f4	6bcdfbe5db34ce22
src/tests/09_default_function_parameters.HC	stage3	build/lexer07-corpus-4stage/s3/33_09_default_function_parameters.o	stage3	6d78001776151dbddd68b11f169f2d923151a82423a25d2858e1abe6661cff66	./build/hcc-bootstrap04	2aec4181f1d40a8239828a1b7a00da3782114cf6efffe6c618f471687b40b7c7	6bcdfbe5db34ce22
src/tests/10_qsort.HC	stage0	build/lexer07-corpus-4stage/s0/34_10_qsort.o	stage0-current	079418358ab117ec6a66f5a1754c5fda974dffbbd016a7d56c9072d44478e425	./build/hcc	86b6756cdfd39cc92c9a8cd031821fdbe1d9ce42274791fd402934f903092499	933e717b8199a69a
src/tests/10_qsort.HC	stage1	build/lexer07-corpus-4stage/s1/34_10_qsort.o	stage1	079418358ab117ec6a66f5a1754c5fda974dffbbd016a7d56c9072d44478e425	./build/hcc-bootstrap02	9916a3786fdadcad3962f754120c396f36a0f9d44b50291f3bbeb4dd961da2c6	933e717b8199a69a
src/tests/10_qsort.HC	stage2	build/lexer07-corpus-4stage/s2/34_10_qsort.o	stage2	079418358ab117ec6a66f5a1754c5fda974dffbbd016a7d56c9072d44478e425	./build/hcc-bootstrap03	9c1166868fae2573328af1f5c86373577a4a4b9b7464872aa2e209e3fe3c84f4	933e717b8199a69a
src/tests/10_qsort.HC	stage3	build/lexer07-corpus-4stage/s3/34_10_qsort.o	stage3	079418358ab117ec6a66f5a1754c5fda974dffbbd016a7d56c9072d44478e425	./build/hcc-bootstrap04	2aec4181f1d40a8239828a1b7a00da3782114cf6efffe6c618f471687b40b7c7	933e717b8199a69a
src/tests/11_assignment.HC	stage0	build/lexer07-corpus-4stage/s0/35_11_assignment.o	stage0-current	c2a720ea9669c29d8a332cad2c753da557d968ef8620acf61504cc9f968eb290	./build/hcc	86b6756cdfd39cc92c9a8cd031821fdbe1d9ce42274791fd402934f903092499	5ae31c36fbce3d21
src/tests/11_assignment.HC	stage1	build/lexer07-corpus-4stage/s1/35_11_assignment.o	stage1	c2a720ea9669c29d8a332cad2c753da557d968ef8620acf61504cc9f968eb290	./build/hcc-bootstrap02	9916a3786fdadcad3962f754120c396f36a0f9d44b50291f3bbeb4dd961da2c6	5ae31c36fbce3d21
src/tests/11_assignment.HC	stage2	build/lexer07-corpus-4stage/s2/35_11_assignment.o	stage2	c2a720ea9669c29d8a332cad2c753da557d968ef8620acf61504cc9f968eb290	./build/hcc-bootstrap03	9c1166868fae2573328af1f5c86373577a4a4b9b7464872aa2e209e3fe3c84f4	5ae31c36fbce3d21
src/tests/11_assignment.HC	stage3	build/lexer07-corpus-4stage/s3/35_11_assignment.o	stage3	c2a720ea9669c29d8a332cad2c753da557d968ef8620acf61504cc9f968eb290	./build/hcc-bootstrap04	2aec4181f1d40a8239828a1b7a00da3782114cf6efffe6c618f471687b40b7c7	5ae31c36fbce3d21
src/tests/12_function_pointer.HC	stage0	build/lexer07-corpus-4stage/s0/36_12_function_pointer.o	stage0-current	d966aac66e5b8bd01936a4fa86088b137ad0b632e27d20b1cf3573be9b1c4268	./build/hcc	86b6756cdfd39cc92c9a8cd031821fdbe1d9ce42274791fd402934f903092499	c132180a98caaedb
src/tests/12_function_pointer.HC	stage1	build/lexer07-corpus-4stage/s1/36_12_function_pointer.o	stage1	d966aac66e5b8bd01936a4fa86088b137ad0b632e27d20b1cf3573be9b1c4268	./build/hcc-bootstrap02	9916a3786fdadcad3962f754120c396f36a0f9d44b50291f3bbeb4dd961da2c6	c132180a98caaedb
src/tests/12_function_pointer.HC	stage2	build/lexer07-corpus-4stage/s2/36_12_function_pointer.o	stage2	d966aac66e5b8bd01936a4fa86088b137ad0b632e27d20b1cf3573be9b1c4268	./build/hcc-bootstrap03	9c1166868fae2573328af1f5c86373577a4a4b9b7464872aa2e209e3fe3c84f4	c132180a98caaedb
src/tests/12_function_pointer.HC	stage3	build/lexer07-corpus-4stage/s3/36_12_function_pointer.o	stage3	d966aac66e5b8bd01936a4fa86088b137ad0b632e27d20b1cf3573be9b1c4268	./build/hcc-bootstrap04	2aec4181f1d40a8239828a1b7a00da3782114cf6efffe6c618f471687b40b7c7	c132180a98caaedb
src/tests/13_threads.HC	stage0	build/lexer07-corpus-4stage/s0/37_13_threads.o	stage0-current	2dbceb4613027389d6e515eea19473910057da8df8e71b35c11ca9af413fcf56	./build/hcc	86b6756cdfd39cc92c9a8cd031821fdbe1d9ce42274791fd402934f903092499	3cd6a02d97cb91ba
src/tests/13_threads.HC	stage1	build/lexer07-corpus-4stage/s1/37_13_threads.o	stage1	2dbceb4613027389d6e515eea19473910057da8df8e71b35c11ca9af413fcf56	./build/hcc-bootstrap02	9916a3786fdadcad3962f754120c396f36a0f9d44b50291f3bbeb4dd961da2c6	3cd6a02d97cb91ba
src/tests/13_threads.HC	stage2	build/lexer07-corpus-4stage/s2/37_13_threads.o	stage2	2dbceb4613027389d6e515eea19473910057da8df8e71b35c11ca9af413fcf56	./build/hcc-bootstrap03	9c1166868fae2573328af1f5c86373577a4a4b9b7464872aa2e209e3fe3c84f4	3cd6a02d97cb91ba
src/tests/13_threads.HC	stage3	build/lexer07-corpus-4stage/s3/37_13_threads.o	stage3	2dbceb4613027389d6e515eea19473910057da8df8e71b35c11ca9af413fcf56	./build/hcc-bootstrap04	2aec4181f1d40a8239828a1b7a00da3782114cf6efffe6c618f471687b40b7c7	3cd6a02d97cb91ba
src/tests/14_maths.HC	stage0	build/lexer07-corpus-4stage/s0/38_14_maths.o	stage0-current	edfe01da32b49a29d6d526f86297f0ad74985495d8d52b77d446eb32534d5e87	./build/hcc	86b6756cdfd39cc92c9a8cd031821fdbe1d9ce42274791fd402934f903092499	5c1ff0d4f1da35e2
src/tests/14_maths.HC	stage1	build/lexer07-corpus-4stage/s1/38_14_maths.o	stage1	edfe01da32b49a29d6d526f86297f0ad74985495d8d52b77d446eb32534d5e87	./build/hcc-bootstrap02	9916a3786fdadcad3962f754120c396f36a0f9d44b50291f3bbeb4dd961da2c6	5c1ff0d4f1da35e2
src/tests/14_maths.HC	stage2	build/lexer07-corpus-4stage/s2/38_14_maths.o	stage2	edfe01da32b49a29d6d526f86297f0ad74985495d8d52b77d446eb32534d5e87	./build/hcc-bootstrap03	9c1166868fae2573328af1f5c86373577a4a4b9b7464872aa2e209e3fe3c84f4	5c1ff0d4f1da35e2
src/tests/14_maths.HC	stage3	build/lexer07-corpus-4stage/s3/38_14_maths.o	stage3	edfe01da32b49a29d6d526f86297f0ad74985495d8d52b77d446eb32534d5e87	./build/hcc-bootstrap04	2aec4181f1d40a8239828a1b7a00da3782114cf6efffe6c618f471687b40b7c7	5c1ff0d4f1da35e2
src/tests/15_mem.HC	stage0	build/lexer07-corpus-4stage/s0/39_15_mem.o	stage0-current	8cda95b61317a25d4218da7a62494133d0e94b72d9fb7e8e740a8e9606ebd28e	./build/hcc	86b6756cdfd39cc92c9a8cd031821fdbe1d9ce42274791fd402934f903092499	f1c98032afec22db
src/tests/15_mem.HC	stage1	build/lexer07-corpus-4stage/s1/39_15_mem.o	stage1	8cda95b61317a25d4218da7a62494133d0e94b72d9fb7e8e740a8e9606ebd28e	./build/hcc-bootstrap02	9916a3786fdadcad3962f754120c396f36a0f9d44b50291f3bbeb4dd961da2c6	f1c98032afec22db
src/tests/15_mem.HC	stage2	build/lexer07-corpus-4stage/s2/39_15_mem.o	stage2	8cda95b61317a25d4218da7a62494133d0e94b72d9fb7e8e740a8e9606ebd28e	./build/hcc-bootstrap03	9c1166868fae2573328af1f5c86373577a4a4b9b7464872aa2e209e3fe3c84f4	f1c98032afec22db
src/tests/15_mem.HC	stage3	build/lexer07-corpus-4stage/s3/39_15_mem.o	stage3	8cda95b61317a25d4218da7a62494133d0e94b72d9fb7e8e740a8e9606ebd28e	./build/hcc-bootstrap04	2aec4181f1d40a8239828a1b7a00da3782114cf6efffe6c618f471687b40b7c7	f1c98032afec22db
src/tests/16_types.HC	stage0	build/lexer07-corpus-4stage/s0/40_16_types.o	stage0-current	7fff47045040bb0a7c2bacf63d5e56df3081831ed7d601249c73ef2219f38e57	./build/hcc	86b6756cdfd39cc92c9a8cd031821fdbe1d9ce42274791fd402934f903092499	c6a1f857211ce493
src/tests/16_types.HC	stage1	build/lexer07-corpus-4stage/s1/40_16_types.o	stage1	7fff47045040bb0a7c2bacf63d5e56df3081831ed7d601249c73ef2219f38e57	./build/hcc-bootstrap02	9916a3786fdadcad3962f754120c396f36a0f9d44b50291f3bbeb4dd961da2c6	c6a1f857211ce493
src/tests/16_types.HC	stage2	build/lexer07-corpus-4stage/s2/40_16_types.o	stage2	7fff47045040bb0a7c2bacf63d5e56df3081831ed7d601249c73ef2219f38e57	./build/hcc-bootstrap03	9c1166868fae2573328af1f5c86373577a4a4b9b7464872aa2e209e3fe3c84f4	c6a1f857211ce493
src/tests/16_types.HC	stage3	build/lexer07-corpus-4stage/s3/40_16_types.o	stage3	7fff47045040bb0a7c2bacf63d5e56df3081831ed7d601249c73ef2219f38e57	./build/hcc-bootstrap04	2aec4181f1d40a8239828a1b7a00da3782114cf6efffe6c618f471687b40b7c7	c6a1f857211ce493
src/tests/17_varargs.HC	stage0	build/lexer07-corpus-4stage/s0/41_17_varargs.o	stage0-current	4d680a1b81c57998dac504913e33c131da272a9bb169cd818e8bdf0ec540f8ea	./build/hcc	86b6756cdfd39cc92c9a8cd031821fdbe1d9ce42274791fd402934f903092499	9bcba1b394d30461
src/tests/17_varargs.HC	stage1	build/lexer07-corpus-4stage/s1/41_17_varargs.o	stage1	4d680a1b81c57998dac504913e33c131da272a9bb169cd818e8bdf0ec540f8ea	./build/hcc-bootstrap02	9916a3786fdadcad3962f754120c396f36a0f9d44b50291f3bbeb4dd961da2c6	9bcba1b394d30461
src/tests/17_varargs.HC	stage2	build/lexer07-corpus-4stage/s2/41_17_varargs.o	stage2	4d680a1b81c57998dac504913e33c131da272a9bb169cd818e8bdf0ec540f8ea	./build/hcc-bootstrap03	9c1166868fae2573328af1f5c86373577a4a4b9b7464872aa2e209e3fe3c84f4	9bcba1b394d30461
src/tests/17_varargs.HC	stage3	build/lexer07-corpus-4stage/s3/41_17_varargs.o	stage3	4d680a1b81c57998dac504913e33c131da272a9bb169cd818e8bdf0ec540f8ea	./build/hcc-bootstrap04	2aec4181f1d40a8239828a1b7a00da3782114cf6efffe6c618f471687b40b7c7	9bcba1b394d30461
src/tests/18_type_casting.HC	stage0	build/lexer07-corpus-4stage/s0/42_18_type_casting.o	stage0-current	bf2cb80e11def4fdb4cbdf052c41de8a2c8d6ad0423eee0a947390bfb2322732	./build/hcc	86b6756cdfd39cc92c9a8cd031821fdbe1d9ce42274791fd402934f903092499	31252b96a9a2fac1
src/tests/18_type_casting.HC	stage1	build/lexer07-corpus-4stage/s1/42_18_type_casting.o	stage1	bf2cb80e11def4fdb4cbdf052c41de8a2c8d6ad0423eee0a947390bfb2322732	./build/hcc-bootstrap02	9916a3786fdadcad3962f754120c396f36a0f9d44b50291f3bbeb4dd961da2c6	31252b96a9a2fac1
src/tests/18_type_casting.HC	stage2	build/lexer07-corpus-4stage/s2/42_18_type_casting.o	stage2	bf2cb80e11def4fdb4cbdf052c41de8a2c8d6ad0423eee0a947390bfb2322732	./build/hcc-bootstrap03	9c1166868fae2573328af1f5c86373577a4a4b9b7464872aa2e209e3fe3c84f4	31252b96a9a2fac1
src/tests/18_type_casting.HC	stage3	build/lexer07-corpus-4stage/s3/42_18_type_casting.o	stage3	bf2cb80e11def4fdb4cbdf052c41de8a2c8d6ad0423eee0a947390bfb2322732	./build/hcc-bootstrap04	2aec4181f1d40a8239828a1b7a00da3782114cf6efffe6c618f471687b40b7c7	31252b96a9a2fac1
src/tests/19_switch.HC	stage0	build/lexer07-corpus-4stage/s0/43_19_switch.o	stage0-current	c76042a212a39dd9ee6bddb75fda4bf49a4d0163d385cfd8ff333e570c408377	./build/hcc	86b6756cdfd39cc92c9a8cd031821fdbe1d9ce42274791fd402934f903092499	b53e8d847b36518f
src/tests/19_switch.HC	stage1	build/lexer07-corpus-4stage/s1/43_19_switch.o	stage1	c76042a212a39dd9ee6bddb75fda4bf49a4d0163d385cfd8ff333e570c408377	./build/hcc-bootstrap02	9916a3786fdadcad3962f754120c396f36a0f9d44b50291f3bbeb4dd961da2c6	b53e8d847b36518f
src/tests/19_switch.HC	stage2	build/lexer07-corpus-4stage/s2/43_19_switch.o	stage2	c76042a212a39dd9ee6bddb75fda4bf49a4d0163d385cfd8ff333e570c408377	./build/hcc-bootstrap03	9c1166868fae2573328af1f5c86373577a4a4b9b7464872aa2e209e3fe3c84f4	b53e8d847b36518f
src/tests/19_switch.HC	stage3	build/lexer07-corpus-4stage/s3/43_19_switch.o	stage3	c76042a212a39dd9ee6bddb75fda4bf49a4d0163d385cfd8ff333e570c408377	./build/hcc-bootstrap04	2aec4181f1d40a8239828a1b7a00da3782114cf6efffe6c618f471687b40b7c7	b53e8d847b36518f
src/tests/20_loops.HC	stage0	build/lexer07-corpus-4stage/s0/44_20_loops.o	stage0-current	e0e1f2003c513dd76573605751d3907c692769c0150a5799ce2bbee04e7c5a6c	./build/hcc	86b6756cdfd39cc92c9a8cd031821fdbe1d9ce42274791fd402934f903092499	2526e1052c6693e5
src/tests/20_loops.HC	stage1	build/lexer07-corpus-4stage/s1/44_20_loops.o	stage1	e0e1f2003c513dd76573605751d3907c692769c0150a5799ce2bbee04e7c5a6c	./build/hcc-bootstrap02	9916a3786fdadcad3962f754120c396f36a0f9d44b50291f3bbeb4dd961da2c6	2526e1052c6693e5
src/tests/20_loops.HC	stage2	build/lexer07-corpus-4stage/s2/44_20_loops.o	stage2	e0e1f2003c513dd76573605751d3907c692769c0150a5799ce2bbee04e7c5a6c	./build/hcc-bootstrap03	9c1166868fae2573328af1f5c86373577a4a4b9b7464872aa2e209e3fe3c84f4	2526e1052c6693e5
src/tests/20_loops.HC	stage3	build/lexer07-corpus-4stage/s3/44_20_loops.o	stage3	e0e1f2003c513dd76573605751d3907c692769c0150a5799ce2bbee04e7c5a6c	./build/hcc-bootstrap04	2aec4181f1d40a8239828a1b7a00da3782114cf6efffe6c618f471687b40b7c7	2526e1052c6693e5
src/tests/21_goto.HC	stage0	build/lexer07-corpus-4stage/s0/45_21_goto.o	stage0-current	9feb3289777c8ba87b14df84b9c76eb90c04f00eaf6125eff5dac8f9f3c46a5b	./build/hcc	86b6756cdfd39cc92c9a8cd031821fdbe1d9ce42274791fd402934f903092499	4c1c56d4aeab5675
src/tests/21_goto.HC	stage1	build/lexer07-corpus-4stage/s1/45_21_goto.o	stage1	9feb3289777c8ba87b14df84b9c76eb90c04f00eaf6125eff5dac8f9f3c46a5b	./build/hcc-bootstrap02	9916a3786fdadcad3962f754120c396f36a0f9d44b50291f3bbeb4dd961da2c6	4c1c56d4aeab5675
src/tests/21_goto.HC	stage2	build/lexer07-corpus-4stage/s2/45_21_goto.o	stage2	9feb3289777c8ba87b14df84b9c76eb90c04f00eaf6125eff5dac8f9f3c46a5b	./build/hcc-bootstrap03	9c1166868fae2573328af1f5c86373577a4a4b9b7464872aa2e209e3fe3c84f4	4c1c56d4aeab5675
src/tests/21_goto.HC	stage3	build/lexer07-corpus-4stage/s3/45_21_goto.o	stage3	9feb3289777c8ba87b14df84b9c76eb90c04f00eaf6125eff5dac8f9f3c46a5b	./build/hcc-bootstrap04	2aec4181f1d40a8239828a1b7a00da3782114cf6efffe6c618f471687b40b7c7	4c1c56d4aeab5675
src/tests/22_pointers.HC	stage0	build/lexer07-corpus-4stage/s0/46_22_pointers.o	stage0-current	6aa7b58d6465191c35d0e9834b8d7767ae9b828ab13b19df75358533ca796d57	./build/hcc	86b6756cdfd39cc92c9a8cd031821fdbe1d9ce42274791fd402934f903092499	7754a3ef240d172e
src/tests/22_pointers.HC	stage1	build/lexer07-corpus-4stage/s1/46_22_pointers.o	stage1	6aa7b58d6465191c35d0e9834b8d7767ae9b828ab13b19df75358533ca796d57	./build/hcc-bootstrap02	9916a3786fdadcad3962f754120c396f36a0f9d44b50291f3bbeb4dd961da2c6	7754a3ef240d172e
src/tests/22_pointers.HC	stage2	build/lexer07-corpus-4stage/s2/46_22_pointers.o	stage2	6aa7b58d6465191c35d0e9834b8d7767ae9b828ab13b19df75358533ca796d57	./build/hcc-bootstrap03	9c1166868fae2573328af1f5c86373577a4a4b9b7464872aa2e209e3fe3c84f4	7754a3ef240d172e
src/tests/22_pointers.HC	stage3	build/lexer07-corpus-4stage/s3/46_22_pointers.o	stage3	6aa7b58d6465191c35d0e9834b8d7767ae9b828ab13b19df75358533ca796d57	./build/hcc-bootstrap04	2aec4181f1d40a8239828a1b7a00da3782114cf6efffe6c618f471687b40b7c7	7754a3ef240d172e
src/tests/23_mallocd-arrays.HC	stage0	build/lexer07-corpus-4stage/s0/47_23_mallocd-arrays.o	stage0-current	e95e26e1d0c43699ff16e7a89deceee7538d9532acee054c4f46978491a77c50	./build/hcc	86b6756cdfd39cc92c9a8cd031821fdbe1d9ce42274791fd402934f903092499	52ce9e780d1cce19
src/tests/23_mallocd-arrays.HC	stage1	build/lexer07-corpus-4stage/s1/47_23_mallocd-arrays.o	stage1	e95e26e1d0c43699ff16e7a89deceee7538d9532acee054c4f46978491a77c50	./build/hcc-bootstrap02	9916a3786fdadcad3962f754120c396f36a0f9d44b50291f3bbeb4dd961da2c6	52ce9e780d1cce19
src/tests/23_mallocd-arrays.HC	stage2	build/lexer07-corpus-4stage/s2/47_23_mallocd-arrays.o	stage2	e95e26e1d0c43699ff16e7a89deceee7538d9532acee054c4f46978491a77c50	./build/hcc-bootstrap03	9c1166868fae2573328af1f5c86373577a4a4b9b7464872aa2e209e3fe3c84f4	52ce9e780d1cce19
src/tests/23_mallocd-arrays.HC	stage3	build/lexer07-corpus-4stage/s3/47_23_mallocd-arrays.o	stage3	e95e26e1d0c43699ff16e7a89deceee7538d9532acee054c4f46978491a77c50	./build/hcc-bootstrap04	2aec4181f1d40a8239828a1b7a00da3782114cf6efffe6c618f471687b40b7c7	52ce9e780d1cce19
src/tests/24_union.HC	stage0	build/lexer07-corpus-4stage/s0/48_24_union.o	stage0-current	e6f3ba2ac2d158cdfb65b344c1b01f6eecd417c4a68e63657fb182157a071b79	./build/hcc	86b6756cdfd39cc92c9a8cd031821fdbe1d9ce42274791fd402934f903092499	7bd69c7978d5fa8d
src/tests/24_union.HC	stage1	build/lexer07-corpus-4stage/s1/48_24_union.o	stage1	e6f3ba2ac2d158cdfb65b344c1b01f6eecd417c4a68e63657fb182157a071b79	./build/hcc-bootstrap02	9916a3786fdadcad3962f754120c396f36a0f9d44b50291f3bbeb4dd961da2c6	7bd69c7978d5fa8d
src/tests/24_union.HC	stage2	build/lexer07-corpus-4stage/s2/48_24_union.o	stage2	e6f3ba2ac2d158cdfb65b344c1b01f6eecd417c4a68e63657fb182157a071b79	./build/hcc-bootstrap03	9c1166868fae2573328af1f5c86373577a4a4b9b7464872aa2e209e3fe3c84f4	7bd69c7978d5fa8d
src/tests/24_union.HC	stage3	build/lexer07-corpus-4stage/s3/48_24_union.o	stage3	e6f3ba2ac2d158cdfb65b344c1b01f6eecd417c4a68e63657fb182157a071b79	./build/hcc-bootstrap04	2aec4181f1d40a8239828a1b7a00da3782114cf6efffe6c618f471687b40b7c7	7bd69c7978d5fa8d
src/tests/25_scripting.HC	stage0	build/lexer07-corpus-4stage/s0/49_25_scripting.o	stage0-current	18909b104f8a203b550703da68857e586bbaf618c69a51799acb17363b290b26	./build/hcc	86b6756cdfd39cc92c9a8cd031821fdbe1d9ce42274791fd402934f903092499	fd9fd3061305f757
src/tests/25_scripting.HC	stage1	build/lexer07-corpus-4stage/s1/49_25_scripting.o	stage1	18909b104f8a203b550703da68857e586bbaf618c69a51799acb17363b290b26	./build/hcc-bootstrap02	9916a3786fdadcad3962f754120c396f36a0f9d44b50291f3bbeb4dd961da2c6	fd9fd3061305f757
src/tests/25_scripting.HC	stage2	build/lexer07-corpus-4stage/s2/49_25_scripting.o	stage2	18909b104f8a203b550703da68857e586bbaf618c69a51799acb17363b290b26	./build/hcc-bootstrap03	9c1166868fae2573328af1f5c86373577a4a4b9b7464872aa2e209e3fe3c84f4	fd9fd3061305f757
src/tests/25_scripting.HC	stage3	build/lexer07-corpus-4stage/s3/49_25_scripting.o	stage3	18909b104f8a203b550703da68857e586bbaf618c69a51799acb17363b290b26	./build/hcc-bootstrap04	2aec4181f1d40a8239828a1b7a00da3782114cf6efffe6c618f471687b40b7c7	fd9fd3061305f757
src/tests/26_f64.HC	stage0	build/lexer07-corpus-4stage/s0/50_26_f64.o	stage0-current	d5199cadea8905e879a3af6798519fb0c61ab0aa52975a546db1d70d59f89a57	./build/hcc	86b6756cdfd39cc92c9a8cd031821fdbe1d9ce42274791fd402934f903092499	03446c5ce7ab0241
src/tests/26_f64.HC	stage1	build/lexer07-corpus-4stage/s1/50_26_f64.o	stage1	d5199cadea8905e879a3af6798519fb0c61ab0aa52975a546db1d70d59f89a57	./build/hcc-bootstrap02	9916a3786fdadcad3962f754120c396f36a0f9d44b50291f3bbeb4dd961da2c6	03446c5ce7ab0241
src/tests/26_f64.HC	stage2	build/lexer07-corpus-4stage/s2/50_26_f64.o	stage2	d5199cadea8905e879a3af6798519fb0c61ab0aa52975a546db1d70d59f89a57	./build/hcc-bootstrap03	9c1166868fae2573328af1f5c86373577a4a4b9b7464872aa2e209e3fe3c84f4	03446c5ce7ab0241
src/tests/26_f64.HC	stage3	build/lexer07-corpus-4stage/s3/50_26_f64.o	stage3	d5199cadea8905e879a3af6798519fb0c61ab0aa52975a546db1d70d59f89a57	./build/hcc-bootstrap04	2aec4181f1d40a8239828a1b7a00da3782114cf6efffe6c618f471687b40b7c7	03446c5ce7ab0241
src/tests/27_auto.HC	stage0	build/lexer07-corpus-4stage/s0/51_27_auto.o	stage0-current	d1b45e511ff5996786e07f7bbafc479498fbeb5381a5d84c88daf293b377da7a	./build/hcc	86b6756cdfd39cc92c9a8cd031821fdbe1d9ce42274791fd402934f903092499	82c3952ba9e6c5e9
src/tests/27_auto.HC	stage1	build/lexer07-corpus-4stage/s1/51_27_auto.o	stage1	d1b45e511ff5996786e07f7bbafc479498fbeb5381a5d84c88daf293b377da7a	./build/hcc-bootstrap02	9916a3786fdadcad3962f754120c396f36a0f9d44b50291f3bbeb4dd961da2c6	82c3952ba9e6c5e9
src/tests/27_auto.HC	stage2	build/lexer07-corpus-4stage/s2/51_27_auto.o	stage2	d1b45e511ff5996786e07f7bbafc479498fbeb5381a5d84c88daf293b377da7a	./build/hcc-bootstrap03	9c1166868fae2573328af1f5c86373577a4a4b9b7464872aa2e209e3fe3c84f4	82c3952ba9e6c5e9
src/tests/27_auto.HC	stage3	build/lexer07-corpus-4stage/s3/51_27_auto.o	stage3	d1b45e511ff5996786e07f7bbafc479498fbeb5381a5d84c88daf293b377da7a	./build/hcc-bootstrap04	2aec4181f1d40a8239828a1b7a00da3782114cf6efffe6c618f471687b40b7c7	82c3952ba9e6c5e9
src/tests/28_arrays.HC	stage0	build/lexer07-corpus-4stage/s0/52_28_arrays.o	stage0-current	cc0728dadf3875f517e8ec71d6c37abc2798fa1d075f9a1c8d9f36eadf6aff2e	./build/hcc	86b6756cdfd39cc92c9a8cd031821fdbe1d9ce42274791fd402934f903092499	1e596c3447c93b1a
src/tests/28_arrays.HC	stage1	build/lexer07-corpus-4stage/s1/52_28_arrays.o	stage1	cc0728dadf3875f517e8ec71d6c37abc2798fa1d075f9a1c8d9f36eadf6aff2e	./build/hcc-bootstrap02	9916a3786fdadcad3962f754120c396f36a0f9d44b50291f3bbeb4dd961da2c6	1e596c3447c93b1a
src/tests/28_arrays.HC	stage2	build/lexer07-corpus-4stage/s2/52_28_arrays.o	stage2	cc0728dadf3875f517e8ec71d6c37abc2798fa1d075f9a1c8d9f36eadf6aff2e	./build/hcc-bootstrap03	9c1166868fae2573328af1f5c86373577a4a4b9b7464872aa2e209e3fe3c84f4	1e596c3447c93b1a
src/tests/28_arrays.HC	stage3	build/lexer07-corpus-4stage/s3/52_28_arrays.o	stage3	cc0728dadf3875f517e8ec71d6c37abc2798fa1d075f9a1c8d9f36eadf6aff2e	./build/hcc-bootstrap04	2aec4181f1d40a8239828a1b7a00da3782114cf6efffe6c618f471687b40b7c7	1e596c3447c93b1a
src/tests/29_macros.HC	stage0	build/lexer07-corpus-4stage/s0/53_29_macros.o	stage0-current	b7fde2aa804738cdb2df0f2806085f7295ad829fa5d47231095aba8ecca55313	./build/hcc	86b6756cdfd39cc92c9a8cd031821fdbe1d9ce42274791fd402934f903092499	b603e672beef4030
src/tests/29_macros.HC	stage1	build/lexer07-corpus-4stage/s1/53_29_macros.o	stage1	b7fde2aa804738cdb2df0f2806085f7295ad829fa5d47231095aba8ecca55313	./build/hcc-bootstrap02	9916a3786fdadcad3962f754120c396f36a0f9d44b50291f3bbeb4dd961da2c6	b603e672beef4030
src/tests/29_macros.HC	stage2	build/lexer07-corpus-4stage/s2/53_29_macros.o	stage2	b7fde2aa804738cdb2df0f2806085f7295ad829fa5d47231095aba8ecca55313	./build/hcc-bootstrap03	9c1166868fae2573328af1f5c86373577a4a4b9b7464872aa2e209e3fe3c84f4	b603e672beef4030
src/tests/29_macros.HC	stage3	build/lexer07-corpus-4stage/s3/53_29_macros.o	stage3	b7fde2aa804738cdb2df0f2806085f7295ad829fa5d47231095aba8ecca55313	./build/hcc-bootstrap04	2aec4181f1d40a8239828a1b7a00da3782114cf6efffe6c618f471687b40b7c7	b603e672beef4030
src/tests/30_fzf.HC	stage0	build/lexer07-corpus-4stage/s0/54_30_fzf.o	stage0-current	512712fe19ff7fea81e9a2226194226a17f67a37a50c2799f41f6a70fb8b91a7	./build/hcc	86b6756cdfd39cc92c9a8cd031821fdbe1d9ce42274791fd402934f903092499	d271c7ba7de0260f
src/tests/30_fzf.HC	stage1	build/lexer07-corpus-4stage/s1/54_30_fzf.o	stage1	512712fe19ff7fea81e9a2226194226a17f67a37a50c2799f41f6a70fb8b91a7	./build/hcc-bootstrap02	9916a3786fdadcad3962f754120c396f36a0f9d44b50291f3bbeb4dd961da2c6	d271c7ba7de0260f
src/tests/30_fzf.HC	stage2	build/lexer07-corpus-4stage/s2/54_30_fzf.o	stage2	512712fe19ff7fea81e9a2226194226a17f67a37a50c2799f41f6a70fb8b91a7	./build/hcc-bootstrap03	9c1166868fae2573328af1f5c86373577a4a4b9b7464872aa2e209e3fe3c84f4	d271c7ba7de0260f
src/tests/30_fzf.HC	stage3	build/lexer07-corpus-4stage/s3/54_30_fzf.o	stage3	512712fe19ff7fea81e9a2226194226a17f67a37a50c2799f41f6a70fb8b91a7	./build/hcc-bootstrap04	2aec4181f1d40a8239828a1b7a00da3782114cf6efffe6c618f471687b40b7c7	d271c7ba7de0260f
src/tests/31_json.HC	stage0	build/lexer07-corpus-4stage/s0/55_31_json.o	stage0-current	ad9574c051442509794699e02cbc53d59d8773233c5898796eb43a432ee39ac1	./build/hcc	86b6756cdfd39cc92c9a8cd031821fdbe1d9ce42274791fd402934f903092499	3822dfd30f7e2ead
src/tests/31_json.HC	stage1	build/lexer07-corpus-4stage/s1/55_31_json.o	stage1	ad9574c051442509794699e02cbc53d59d8773233c5898796eb43a432ee39ac1	./build/hcc-bootstrap02	9916a3786fdadcad3962f754120c396f36a0f9d44b50291f3bbeb4dd961da2c6	3822dfd30f7e2ead
src/tests/31_json.HC	stage2	build/lexer07-corpus-4stage/s2/55_31_json.o	stage2	ad9574c051442509794699e02cbc53d59d8773233c5898796eb43a432ee39ac1	./build/hcc-bootstrap03	9c1166868fae2573328af1f5c86373577a4a4b9b7464872aa2e209e3fe3c84f4	3822dfd30f7e2ead
src/tests/31_json.HC	stage3	build/lexer07-corpus-4stage/s3/55_31_json.o	stage3	ad9574c051442509794699e02cbc53d59d8773233c5898796eb43a432ee39ac1	./build/hcc-bootstrap04	2aec4181f1d40a8239828a1b7a00da3782114cf6efffe6c618f471687b40b7c7	3822dfd30f7e2ead
src/tests/33_static.HC	stage0	build/lexer07-corpus-4stage/s0/57_33_static.o	stage0-current	58f9202831383f291177f013d4c810d9008b04914cafcb4de1d0a53c2e2529f3	./build/hcc	86b6756cdfd39cc92c9a8cd031821fdbe1d9ce42274791fd402934f903092499	826a4331624b05d3
src/tests/33_static.HC	stage1	build/lexer07-corpus-4stage/s1/57_33_static.o	stage1	58f9202831383f291177f013d4c810d9008b04914cafcb4de1d0a53c2e2529f3	./build/hcc-bootstrap02	9916a3786fdadcad3962f754120c396f36a0f9d44b50291f3bbeb4dd961da2c6	826a4331624b05d3
src/tests/33_static.HC	stage2	build/lexer07-corpus-4stage/s2/57_33_static.o	stage2	58f9202831383f291177f013d4c810d9008b04914cafcb4de1d0a53c2e2529f3	./build/hcc-bootstrap03	9c1166868fae2573328af1f5c86373577a4a4b9b7464872aa2e209e3fe3c84f4	826a4331624b05d3
src/tests/33_static.HC	stage3	build/lexer07-corpus-4stage/s3/57_33_static.o	stage3	58f9202831383f291177f013d4c810d9008b04914cafcb4de1d0a53c2e2529f3	./build/hcc-bootstrap04	2aec4181f1d40a8239828a1b7a00da3782114cf6efffe6c618f471687b40b7c7	826a4331624b05d3
src/tests/34_global_array.HC	stage0	build/lexer07-corpus-4stage/s0/58_34_global_array.o	stage0-current	2627cff82b636c49b7dd6114c8034e21727ff5fad95440b83f9653c18b8a0186	./build/hcc	86b6756cdfd39cc92c9a8cd031821fdbe1d9ce42274791fd402934f903092499	8339e4b59f45e10b
src/tests/34_global_array.HC	stage1	build/lexer07-corpus-4stage/s1/58_34_global_array.o	stage1	2627cff82b636c49b7dd6114c8034e21727ff5fad95440b83f9653c18b8a0186	./build/hcc-bootstrap02	9916a3786fdadcad3962f754120c396f36a0f9d44b50291f3bbeb4dd961da2c6	8339e4b59f45e10b
src/tests/34_global_array.HC	stage2	build/lexer07-corpus-4stage/s2/58_34_global_array.o	stage2	2627cff82b636c49b7dd6114c8034e21727ff5fad95440b83f9653c18b8a0186	./build/hcc-bootstrap03	9c1166868fae2573328af1f5c86373577a4a4b9b7464872aa2e209e3fe3c84f4	8339e4b59f45e10b
src/tests/34_global_array.HC	stage3	build/lexer07-corpus-4stage/s3/58_34_global_array.o	stage3	2627cff82b636c49b7dd6114c8034e21727ff5fad95440b83f9653c18b8a0186	./build/hcc-bootstrap04	2aec4181f1d40a8239828a1b7a00da3782114cf6efffe6c618f471687b40b7c7	8339e4b59f45e10b
src/tests/35_io.HC	stage0	build/lexer07-corpus-4stage/s0/59_35_io.o	stage0-current	a0d496d30ba8efe320f0a20f1a9727d489e72973f0247c9eea6cb04f90334fb1	./build/hcc	86b6756cdfd39cc92c9a8cd031821fdbe1d9ce42274791fd402934f903092499	27ccc124a865b232
src/tests/35_io.HC	stage1	build/lexer07-corpus-4stage/s1/59_35_io.o	stage1	a0d496d30ba8efe320f0a20f1a9727d489e72973f0247c9eea6cb04f90334fb1	./build/hcc-bootstrap02	9916a3786fdadcad3962f754120c396f36a0f9d44b50291f3bbeb4dd961da2c6	27ccc124a865b232
src/tests/35_io.HC	stage2	build/lexer07-corpus-4stage/s2/59_35_io.o	stage2	a0d496d30ba8efe320f0a20f1a9727d489e72973f0247c9eea6cb04f90334fb1	./build/hcc-bootstrap03	9c1166868fae2573328af1f5c86373577a4a4b9b7464872aa2e209e3fe3c84f4	27ccc124a865b232
src/tests/35_io.HC	stage3	build/lexer07-corpus-4stage/s3/59_35_io.o	stage3	a0d496d30ba8efe320f0a20f1a9727d489e72973f0247c9eea6cb04f90334fb1	./build/hcc-bootstrap04	2aec4181f1d40a8239828a1b7a00da3782114cf6efffe6c618f471687b40b7c7	27ccc124a865b232
src/tests/36_range_loop.HC	stage0	build/lexer07-corpus-4stage/s0/60_36_range_loop.o	stage0-current	80ffb72aef21b2b15ce9564f8bd0ef1927c1dcce70f631380c611b7e77e98085	./build/hcc	86b6756cdfd39cc92c9a8cd031821fdbe1d9ce42274791fd402934f903092499	5f506809f2634adf
src/tests/36_range_loop.HC	stage1	build/lexer07-corpus-4stage/s1/60_36_range_loop.o	stage1	80ffb72aef21b2b15ce9564f8bd0ef1927c1dcce70f631380c611b7e77e98085	./build/hcc-bootstrap02	9916a3786fdadcad3962f754120c396f36a0f9d44b50291f3bbeb4dd961da2c6	5f506809f2634adf
src/tests/36_range_loop.HC	stage2	build/lexer07-corpus-4stage/s2/60_36_range_loop.o	stage2	80ffb72aef21b2b15ce9564f8bd0ef1927c1dcce70f631380c611b7e77e98085	./build/hcc-bootstrap03	9c1166868fae2573328af1f5c86373577a4a4b9b7464872aa2e209e3fe3c84f4	5f506809f2634adf
src/tests/36_range_loop.HC	stage3	build/lexer07-corpus-4stage/s3/60_36_range_loop.o	stage3	80ffb72aef21b2b15ce9564f8bd0ef1927c1dcce70f631380c611b7e77e98085	./build/hcc-bootstrap04	2aec4181f1d40a8239828a1b7a00da3782114cf6efffe6c618f471687b40b7c7	5f506809f2634adf
src/tests/38_sizeof.HC	stage0	build/lexer07-corpus-4stage/s0/61_38_sizeof.o	stage0-current	87e98dff14e30988b30cad03ccc994ffc37b906391fd487e137c4995bc6887b2	./build/hcc	86b6756cdfd39cc92c9a8cd031821fdbe1d9ce42274791fd402934f903092499	d018c68f70e94be2
src/tests/38_sizeof.HC	stage1	build/lexer07-corpus-4stage/s1/61_38_sizeof.o	stage1	87e98dff14e30988b30cad03ccc994ffc37b906391fd487e137c4995bc6887b2	./build/hcc-bootstrap02	9916a3786fdadcad3962f754120c396f36a0f9d44b50291f3bbeb4dd961da2c6	d018c68f70e94be2
src/tests/38_sizeof.HC	stage2	build/lexer07-corpus-4stage/s2/61_38_sizeof.o	stage2	87e98dff14e30988b30cad03ccc994ffc37b906391fd487e137c4995bc6887b2	./build/hcc-bootstrap03	9c1166868fae2573328af1f5c86373577a4a4b9b7464872aa2e209e3fe3c84f4	d018c68f70e94be2
src/tests/38_sizeof.HC	stage3	build/lexer07-corpus-4stage/s3/61_38_sizeof.o	stage3	87e98dff14e30988b30cad03ccc994ffc37b906391fd487e137c4995bc6887b2	./build/hcc-bootstrap04	2aec4181f1d40a8239828a1b7a00da3782114cf6efffe6c618f471687b40b7c7	d018c68f70e94be2
src/tests/39_arg_count.HC	stage0	build/lexer07-corpus-4stage/s0/62_39_arg_count.o	stage0-current	dd8623142104517a1a4a15642fc954d428123344057cc519fb5561bc063ec68e	./build/hcc	86b6756cdfd39cc92c9a8cd031821fdbe1d9ce42274791fd402934f903092499	62ab18a4291164d7
src/tests/39_arg_count.HC	stage1	build/lexer07-corpus-4stage/s1/62_39_arg_count.o	stage1	dd8623142104517a1a4a15642fc954d428123344057cc519fb5561bc063ec68e	./build/hcc-bootstrap02	9916a3786fdadcad3962f754120c396f36a0f9d44b50291f3bbeb4dd961da2c6	62ab18a4291164d7
src/tests/39_arg_count.HC	stage2	build/lexer07-corpus-4stage/s2/62_39_arg_count.o	stage2	dd8623142104517a1a4a15642fc954d428123344057cc519fb5561bc063ec68e	./build/hcc-bootstrap03	9c1166868fae2573328af1f5c86373577a4a4b9b7464872aa2e209e3fe3c84f4	62ab18a4291164d7
src/tests/39_arg_count.HC	stage3	build/lexer07-corpus-4stage/s3/62_39_arg_count.o	stage3	dd8623142104517a1a4a15642fc954d428123344057cc519fb5561bc063ec68e	./build/hcc-bootstrap04	2aec4181f1d40a8239828a1b7a00da3782114cf6efffe6c618f471687b40b7c7	62ab18a4291164d7
src/tests/39_try_catch.HC	stage0	build/lexer07-corpus-4stage/s0/63_39_try_catch.o	stage0-current	18843fd2ff713660b5aaacedf3ab6a5453a7a9a208ed23c05969d7cea9b29682	./build/hcc	86b6756cdfd39cc92c9a8cd031821fdbe1d9ce42274791fd402934f903092499	43911e581b30cc27
src/tests/39_try_catch.HC	stage1	build/lexer07-corpus-4stage/s1/63_39_try_catch.o	stage1	18843fd2ff713660b5aaacedf3ab6a5453a7a9a208ed23c05969d7cea9b29682	./build/hcc-bootstrap02	9916a3786fdadcad3962f754120c396f36a0f9d44b50291f3bbeb4dd961da2c6	43911e581b30cc27
src/tests/39_try_catch.HC	stage2	build/lexer07-corpus-4stage/s2/63_39_try_catch.o	stage2	18843fd2ff713660b5aaacedf3ab6a5453a7a9a208ed23c05969d7cea9b29682	./build/hcc-bootstrap03	9c1166868fae2573328af1f5c86373577a4a4b9b7464872aa2e209e3fe3c84f4	43911e581b30cc27
src/tests/39_try_catch.HC	stage3	build/lexer07-corpus-4stage/s3/63_39_try_catch.o	stage3	18843fd2ff713660b5aaacedf3ab6a5453a7a9a208ed23c05969d7cea9b29682	./build/hcc-bootstrap04	2aec4181f1d40a8239828a1b7a00da3782114cf6efffe6c618f471687b40b7c7	43911e581b30cc27
src/tests/40_class_self_ref.HC	stage0	build/lexer07-corpus-4stage/s0/64_40_class_self_ref.o	stage0-current	7ad2287f6fda696aaece1a860dd33887cc338adf260844ce8c5212c4fedba767	./build/hcc	86b6756cdfd39cc92c9a8cd031821fdbe1d9ce42274791fd402934f903092499	8a3d65b5b636193d
src/tests/40_class_self_ref.HC	stage1	build/lexer07-corpus-4stage/s1/64_40_class_self_ref.o	stage1	7ad2287f6fda696aaece1a860dd33887cc338adf260844ce8c5212c4fedba767	./build/hcc-bootstrap02	9916a3786fdadcad3962f754120c396f36a0f9d44b50291f3bbeb4dd961da2c6	8a3d65b5b636193d
src/tests/40_class_self_ref.HC	stage2	build/lexer07-corpus-4stage/s2/64_40_class_self_ref.o	stage2	7ad2287f6fda696aaece1a860dd33887cc338adf260844ce8c5212c4fedba767	./build/hcc-bootstrap03	9c1166868fae2573328af1f5c86373577a4a4b9b7464872aa2e209e3fe3c84f4	8a3d65b5b636193d
src/tests/40_class_self_ref.HC	stage3	build/lexer07-corpus-4stage/s3/64_40_class_self_ref.o	stage3	7ad2287f6fda696aaece1a860dd33887cc338adf260844ce8c5212c4fedba767	./build/hcc-bootstrap04	2aec4181f1d40a8239828a1b7a00da3782114cf6efffe6c618f471687b40b7c7	8a3d65b5b636193d
src/tests/41_pointer_compare.HC	stage0	build/lexer07-corpus-4stage/s0/65_41_pointer_compare.o	stage0-current	75e5c98a332b3e441b781edd3cdffc41acc5d23f6f7c79edff0a50b67ef123d4	./build/hcc	86b6756cdfd39cc92c9a8cd031821fdbe1d9ce42274791fd402934f903092499	85729d4d8b5ba637
src/tests/41_pointer_compare.HC	stage1	build/lexer07-corpus-4stage/s1/65_41_pointer_compare.o	stage1	75e5c98a332b3e441b781edd3cdffc41acc5d23f6f7c79edff0a50b67ef123d4	./build/hcc-bootstrap02	9916a3786fdadcad3962f754120c396f36a0f9d44b50291f3bbeb4dd961da2c6	85729d4d8b5ba637
src/tests/41_pointer_compare.HC	stage2	build/lexer07-corpus-4stage/s2/65_41_pointer_compare.o	stage2	75e5c98a332b3e441b781edd3cdffc41acc5d23f6f7c79edff0a50b67ef123d4	./build/hcc-bootstrap03	9c1166868fae2573328af1f5c86373577a4a4b9b7464872aa2e209e3fe3c84f4	85729d4d8b5ba637
src/tests/41_pointer_compare.HC	stage3	build/lexer07-corpus-4stage/s3/65_41_pointer_compare.o	stage3	75e5c98a332b3e441b781edd3cdffc41acc5d23f6f7c79edff0a50b67ef123d4	./build/hcc-bootstrap04	2aec4181f1d40a8239828a1b7a00da3782114cf6efffe6c618f471687b40b7c7	85729d4d8b5ba637
src/tests/42_class_u0_tail.HC	stage0	build/lexer07-corpus-4stage/s0/66_42_class_u0_tail.o	stage0-current	2792347cd531dd00627550f6ae898eb246527c276a058c132473c3cf7fdec313	./build/hcc	86b6756cdfd39cc92c9a8cd031821fdbe1d9ce42274791fd402934f903092499	4bb9821096ce8b5c
src/tests/42_class_u0_tail.HC	stage1	build/lexer07-corpus-4stage/s1/66_42_class_u0_tail.o	stage1	2792347cd531dd00627550f6ae898eb246527c276a058c132473c3cf7fdec313	./build/hcc-bootstrap02	9916a3786fdadcad3962f754120c396f36a0f9d44b50291f3bbeb4dd961da2c6	4bb9821096ce8b5c
src/tests/42_class_u0_tail.HC	stage2	build/lexer07-corpus-4stage/s2/66_42_class_u0_tail.o	stage2	2792347cd531dd00627550f6ae898eb246527c276a058c132473c3cf7fdec313	./build/hcc-bootstrap03	9c1166868fae2573328af1f5c86373577a4a4b9b7464872aa2e209e3fe3c84f4	4bb9821096ce8b5c
src/tests/42_class_u0_tail.HC	stage3	build/lexer07-corpus-4stage/s3/66_42_class_u0_tail.o	stage3	2792347cd531dd00627550f6ae898eb246527c276a058c132473c3cf7fdec313	./build/hcc-bootstrap04	2aec4181f1d40a8239828a1b7a00da3782114cf6efffe6c618f471687b40b7c7	4bb9821096ce8b5c
src/tests/43_compress_templeos.HC	stage0	build/lexer07-corpus-4stage/s0/67_43_compress_templeos.o	stage0-current	076a83f86b1575fd7b8769673cc8eeae73d1cbf516d6db7ca3f12671ee929bd6	./build/hcc	86b6756cdfd39cc92c9a8cd031821fdbe1d9ce42274791fd402934f903092499	28aee892089092db
src/tests/43_compress_templeos.HC	stage1	build/lexer07-corpus-4stage/s1/67_43_compress_templeos.o	stage1	076a83f86b1575fd7b8769673cc8eeae73d1cbf516d6db7ca3f12671ee929bd6	./build/hcc-bootstrap02	9916a3786fdadcad3962f754120c396f36a0f9d44b50291f3bbeb4dd961da2c6	28aee892089092db
src/tests/43_compress_templeos.HC	stage2	build/lexer07-corpus-4stage/s2/67_43_compress_templeos.o	stage2	076a83f86b1575fd7b8769673cc8eeae73d1cbf516d6db7ca3f12671ee929bd6	./build/hcc-bootstrap03	9c1166868fae2573328af1f5c86373577a4a4b9b7464872aa2e209e3fe3c84f4	28aee892089092db
src/tests/43_compress_templeos.HC	stage3	build/lexer07-corpus-4stage/s3/67_43_compress_templeos.o	stage3	076a83f86b1575fd7b8769673cc8eeae73d1cbf516d6db7ca3f12671ee929bd6	./build/hcc-bootstrap04	2aec4181f1d40a8239828a1b7a00da3782114cf6efffe6c618f471687b40b7c7	28aee892089092db
src/tests/44_f32.HC	stage0	build/lexer07-corpus-4stage/s0/68_44_f32.o	stage0-current	263e7408d248a6b67534d5f30cd9278592ac926cf41f1f191229cc2723f81f4d	./build/hcc	86b6756cdfd39cc92c9a8cd031821fdbe1d9ce42274791fd402934f903092499	67ad9729326805e3
src/tests/44_f32.HC	stage1	build/lexer07-corpus-4stage/s1/68_44_f32.o	stage1	263e7408d248a6b67534d5f30cd9278592ac926cf41f1f191229cc2723f81f4d	./build/hcc-bootstrap02	9916a3786fdadcad3962f754120c396f36a0f9d44b50291f3bbeb4dd961da2c6	67ad9729326805e3
src/tests/44_f32.HC	stage2	build/lexer07-corpus-4stage/s2/68_44_f32.o	stage2	263e7408d248a6b67534d5f30cd9278592ac926cf41f1f191229cc2723f81f4d	./build/hcc-bootstrap03	9c1166868fae2573328af1f5c86373577a4a4b9b7464872aa2e209e3fe3c84f4	67ad9729326805e3
src/tests/44_f32.HC	stage3	build/lexer07-corpus-4stage/s3/68_44_f32.o	stage3	263e7408d248a6b67534d5f30cd9278592ac926cf41f1f191229cc2723f81f4d	./build/hcc-bootstrap04	2aec4181f1d40a8239828a1b7a00da3782114cf6efffe6c618f471687b40b7c7	67ad9729326805e3
src/tests/45_globals.HC	stage0	build/lexer07-corpus-4stage/s0/69_45_globals.o	stage0-current	2ab52d864d9acbfcb14616bdcd441d1d7e06c0e4e7905b2c68715b5cb5e1da86	./build/hcc	86b6756cdfd39cc92c9a8cd031821fdbe1d9ce42274791fd402934f903092499	4b145968477ac4fc
src/tests/45_globals.HC	stage1	build/lexer07-corpus-4stage/s1/69_45_globals.o	stage1	2ab52d864d9acbfcb14616bdcd441d1d7e06c0e4e7905b2c68715b5cb5e1da86	./build/hcc-bootstrap02	9916a3786fdadcad3962f754120c396f36a0f9d44b50291f3bbeb4dd961da2c6	4b145968477ac4fc
src/tests/45_globals.HC	stage2	build/lexer07-corpus-4stage/s2/69_45_globals.o	stage2	2ab52d864d9acbfcb14616bdcd441d1d7e06c0e4e7905b2c68715b5cb5e1da86	./build/hcc-bootstrap03	9c1166868fae2573328af1f5c86373577a4a4b9b7464872aa2e209e3fe3c84f4	4b145968477ac4fc
src/tests/45_globals.HC	stage3	build/lexer07-corpus-4stage/s3/69_45_globals.o	stage3	2ab52d864d9acbfcb14616bdcd441d1d7e06c0e4e7905b2c68715b5cb5e1da86	./build/hcc-bootstrap04	2aec4181f1d40a8239828a1b7a00da3782114cf6efffe6c618f471687b40b7c7	4b145968477ac4fc
src/tests/46_alignof.HC	stage0	build/lexer07-corpus-4stage/s0/70_46_alignof.o	stage0-current	5125736673f61962170ff0f1b0a8c3d2d143a4ee85fe5df49bc2b18e6c7334a7	./build/hcc	86b6756cdfd39cc92c9a8cd031821fdbe1d9ce42274791fd402934f903092499	a6e49941ece06525
src/tests/46_alignof.HC	stage1	build/lexer07-corpus-4stage/s1/70_46_alignof.o	stage1	5125736673f61962170ff0f1b0a8c3d2d143a4ee85fe5df49bc2b18e6c7334a7	./build/hcc-bootstrap02	9916a3786fdadcad3962f754120c396f36a0f9d44b50291f3bbeb4dd961da2c6	a6e49941ece06525
src/tests/46_alignof.HC	stage2	build/lexer07-corpus-4stage/s2/70_46_alignof.o	stage2	5125736673f61962170ff0f1b0a8c3d2d143a4ee85fe5df49bc2b18e6c7334a7	./build/hcc-bootstrap03	9c1166868fae2573328af1f5c86373577a4a4b9b7464872aa2e209e3fe3c84f4	a6e49941ece06525
src/tests/46_alignof.HC	stage3	build/lexer07-corpus-4stage/s3/70_46_alignof.o	stage3	5125736673f61962170ff0f1b0a8c3d2d143a4ee85fe5df49bc2b18e6c7334a7	./build/hcc-bootstrap04	2aec4181f1d40a8239828a1b7a00da3782114cf6efffe6c618f471687b40b7c7	a6e49941ece06525
src/tests/47_struct_abi.HC	stage0	build/lexer07-corpus-4stage/s0/71_47_struct_abi.o	stage0-current	3d070c3b4f22c3d37ae5da826f78ecc4b064eb9a72e98f658af92d6dccdcbf1e	./build/hcc	86b6756cdfd39cc92c9a8cd031821fdbe1d9ce42274791fd402934f903092499	ea9202f48dbb5a20
src/tests/47_struct_abi.HC	stage1	build/lexer07-corpus-4stage/s1/71_47_struct_abi.o	stage1	3d070c3b4f22c3d37ae5da826f78ecc4b064eb9a72e98f658af92d6dccdcbf1e	./build/hcc-bootstrap02	9916a3786fdadcad3962f754120c396f36a0f9d44b50291f3bbeb4dd961da2c6	ea9202f48dbb5a20
src/tests/47_struct_abi.HC	stage2	build/lexer07-corpus-4stage/s2/71_47_struct_abi.o	stage2	3d070c3b4f22c3d37ae5da826f78ecc4b064eb9a72e98f658af92d6dccdcbf1e	./build/hcc-bootstrap03	9c1166868fae2573328af1f5c86373577a4a4b9b7464872aa2e209e3fe3c84f4	ea9202f48dbb5a20
src/tests/47_struct_abi.HC	stage3	build/lexer07-corpus-4stage/s3/71_47_struct_abi.o	stage3	3d070c3b4f22c3d37ae5da826f78ecc4b064eb9a72e98f658af92d6dccdcbf1e	./build/hcc-bootstrap04	2aec4181f1d40a8239828a1b7a00da3782114cf6efffe6c618f471687b40b7c7	ea9202f48dbb5a20
src/tests/48_arg_overflow.HC	stage0	build/lexer07-corpus-4stage/s0/72_48_arg_overflow.o	stage0-current	623aedb19ff3013f6b0ca00e36b0fcb8ea99cc6482733aba97304d38faaa0342	./build/hcc	86b6756cdfd39cc92c9a8cd031821fdbe1d9ce42274791fd402934f903092499	36874ec9c9755b88
src/tests/48_arg_overflow.HC	stage1	build/lexer07-corpus-4stage/s1/72_48_arg_overflow.o	stage1	623aedb19ff3013f6b0ca00e36b0fcb8ea99cc6482733aba97304d38faaa0342	./build/hcc-bootstrap02	9916a3786fdadcad3962f754120c396f36a0f9d44b50291f3bbeb4dd961da2c6	36874ec9c9755b88
src/tests/48_arg_overflow.HC	stage2	build/lexer07-corpus-4stage/s2/72_48_arg_overflow.o	stage2	623aedb19ff3013f6b0ca00e36b0fcb8ea99cc6482733aba97304d38faaa0342	./build/hcc-bootstrap03	9c1166868fae2573328af1f5c86373577a4a4b9b7464872aa2e209e3fe3c84f4	36874ec9c9755b88
src/tests/48_arg_overflow.HC	stage3	build/lexer07-corpus-4stage/s3/72_48_arg_overflow.o	stage3	623aedb19ff3013f6b0ca00e36b0fcb8ea99cc6482733aba97304d38faaa0342	./build/hcc-bootstrap04	2aec4181f1d40a8239828a1b7a00da3782114cf6efffe6c618f471687b40b7c7	36874ec9c9755b88
src/tests/49_if_init.HC	stage0	build/lexer07-corpus-4stage/s0/73_49_if_init.o	stage0-current	2de377c82e2342db429bfb9193c7dc0f839d4e4b0ab5c5d603b7d4a957b832bb	./build/hcc	86b6756cdfd39cc92c9a8cd031821fdbe1d9ce42274791fd402934f903092499	0e6ab0345e3cddb8
src/tests/49_if_init.HC	stage1	build/lexer07-corpus-4stage/s1/73_49_if_init.o	stage1	2de377c82e2342db429bfb9193c7dc0f839d4e4b0ab5c5d603b7d4a957b832bb	./build/hcc-bootstrap02	9916a3786fdadcad3962f754120c396f36a0f9d44b50291f3bbeb4dd961da2c6	0e6ab0345e3cddb8
src/tests/49_if_init.HC	stage2	build/lexer07-corpus-4stage/s2/73_49_if_init.o	stage2	2de377c82e2342db429bfb9193c7dc0f839d4e4b0ab5c5d603b7d4a957b832bb	./build/hcc-bootstrap03	9c1166868fae2573328af1f5c86373577a4a4b9b7464872aa2e209e3fe3c84f4	0e6ab0345e3cddb8
src/tests/49_if_init.HC	stage3	build/lexer07-corpus-4stage/s3/73_49_if_init.o	stage3	2de377c82e2342db429bfb9193c7dc0f839d4e4b0ab5c5d603b7d4a957b832bb	./build/hcc-bootstrap04	2aec4181f1d40a8239828a1b7a00da3782114cf6efffe6c618f471687b40b7c7	0e6ab0345e3cddb8
src/tests/50_float_int_conv.HC	stage0	build/lexer07-corpus-4stage/s0/74_50_float_int_conv.o	stage0-current	781df4158da205f9f95b80f6624e9d8d0f5ae72bcd742a757ca83aeab0643a50	./build/hcc	86b6756cdfd39cc92c9a8cd031821fdbe1d9ce42274791fd402934f903092499	3d95e9b5c544a6ac
src/tests/50_float_int_conv.HC	stage1	build/lexer07-corpus-4stage/s1/74_50_float_int_conv.o	stage1	781df4158da205f9f95b80f6624e9d8d0f5ae72bcd742a757ca83aeab0643a50	./build/hcc-bootstrap02	9916a3786fdadcad3962f754120c396f36a0f9d44b50291f3bbeb4dd961da2c6	3d95e9b5c544a6ac
src/tests/50_float_int_conv.HC	stage2	build/lexer07-corpus-4stage/s2/74_50_float_int_conv.o	stage2	781df4158da205f9f95b80f6624e9d8d0f5ae72bcd742a757ca83aeab0643a50	./build/hcc-bootstrap03	9c1166868fae2573328af1f5c86373577a4a4b9b7464872aa2e209e3fe3c84f4	3d95e9b5c544a6ac
src/tests/50_float_int_conv.HC	stage3	build/lexer07-corpus-4stage/s3/74_50_float_int_conv.o	stage3	781df4158da205f9f95b80f6624e9d8d0f5ae72bcd742a757ca83aeab0643a50	./build/hcc-bootstrap04	2aec4181f1d40a8239828a1b7a00da3782114cf6efffe6c618f471687b40b7c7	3d95e9b5c544a6ac
src/tests/51_global_aggregate_init.HC	stage0	build/lexer07-corpus-4stage/s0/75_51_global_aggregate_init.o	stage0-current	0189d6da7c42b3156e4b81d8200b47e1ad086e955a285eabdee2947c3b3840c1	./build/hcc	86b6756cdfd39cc92c9a8cd031821fdbe1d9ce42274791fd402934f903092499	7bf814f1c739006a
src/tests/51_global_aggregate_init.HC	stage1	build/lexer07-corpus-4stage/s1/75_51_global_aggregate_init.o	stage1	0189d6da7c42b3156e4b81d8200b47e1ad086e955a285eabdee2947c3b3840c1	./build/hcc-bootstrap02	9916a3786fdadcad3962f754120c396f36a0f9d44b50291f3bbeb4dd961da2c6	7bf814f1c739006a
src/tests/51_global_aggregate_init.HC	stage2	build/lexer07-corpus-4stage/s2/75_51_global_aggregate_init.o	stage2	0189d6da7c42b3156e4b81d8200b47e1ad086e955a285eabdee2947c3b3840c1	./build/hcc-bootstrap03	9c1166868fae2573328af1f5c86373577a4a4b9b7464872aa2e209e3fe3c84f4	7bf814f1c739006a
src/tests/51_global_aggregate_init.HC	stage3	build/lexer07-corpus-4stage/s3/75_51_global_aggregate_init.o	stage3	0189d6da7c42b3156e4b81d8200b47e1ad086e955a285eabdee2947c3b3840c1	./build/hcc-bootstrap04	2aec4181f1d40a8239828a1b7a00da3782114cf6efffe6c618f471687b40b7c7	7bf814f1c739006a
src/tests/52_narrow_signed_reads.HC	stage0	build/lexer07-corpus-4stage/s0/76_52_narrow_signed_reads.o	stage0-current	03e0532082ea205524acfec5063629fe65ea845ed681a6a364838c8249de7342	./build/hcc	86b6756cdfd39cc92c9a8cd031821fdbe1d9ce42274791fd402934f903092499	ca26d6007495ff06
src/tests/52_narrow_signed_reads.HC	stage1	build/lexer07-corpus-4stage/s1/76_52_narrow_signed_reads.o	stage1	03e0532082ea205524acfec5063629fe65ea845ed681a6a364838c8249de7342	./build/hcc-bootstrap02	9916a3786fdadcad3962f754120c396f36a0f9d44b50291f3bbeb4dd961da2c6	ca26d6007495ff06
src/tests/52_narrow_signed_reads.HC	stage2	build/lexer07-corpus-4stage/s2/76_52_narrow_signed_reads.o	stage2	03e0532082ea205524acfec5063629fe65ea845ed681a6a364838c8249de7342	./build/hcc-bootstrap03	9c1166868fae2573328af1f5c86373577a4a4b9b7464872aa2e209e3fe3c84f4	ca26d6007495ff06
src/tests/52_narrow_signed_reads.HC	stage3	build/lexer07-corpus-4stage/s3/76_52_narrow_signed_reads.o	stage3	03e0532082ea205524acfec5063629fe65ea845ed681a6a364838c8249de7342	./build/hcc-bootstrap04	2aec4181f1d40a8239828a1b7a00da3782114cf6efffe6c618f471687b40b7c7	ca26d6007495ff06
src/tests/53_cmp_large_imm.HC	stage0	build/lexer07-corpus-4stage/s0/77_53_cmp_large_imm.o	stage0-current	74bc6f98567faad3ddf83c46d74fb440fe4b870154a89138014162ca3bd61325	./build/hcc	86b6756cdfd39cc92c9a8cd031821fdbe1d9ce42274791fd402934f903092499	6bfe6f3eead48497
src/tests/53_cmp_large_imm.HC	stage1	build/lexer07-corpus-4stage/s1/77_53_cmp_large_imm.o	stage1	74bc6f98567faad3ddf83c46d74fb440fe4b870154a89138014162ca3bd61325	./build/hcc-bootstrap02	9916a3786fdadcad3962f754120c396f36a0f9d44b50291f3bbeb4dd961da2c6	6bfe6f3eead48497
src/tests/53_cmp_large_imm.HC	stage2	build/lexer07-corpus-4stage/s2/77_53_cmp_large_imm.o	stage2	74bc6f98567faad3ddf83c46d74fb440fe4b870154a89138014162ca3bd61325	./build/hcc-bootstrap03	9c1166868fae2573328af1f5c86373577a4a4b9b7464872aa2e209e3fe3c84f4	6bfe6f3eead48497
src/tests/53_cmp_large_imm.HC	stage3	build/lexer07-corpus-4stage/s3/77_53_cmp_large_imm.o	stage3	74bc6f98567faad3ddf83c46d74fb440fe4b870154a89138014162ca3bd61325	./build/hcc-bootstrap04	2aec4181f1d40a8239828a1b7a00da3782114cf6efffe6c618f471687b40b7c7	6bfe6f3eead48497
src/tests/54_struct_copy.HC	stage0	build/lexer07-corpus-4stage/s0/78_54_struct_copy.o	stage0-current	d7abf7e3156baa59a91cdcf9c512425aa2c6a160d1363721acfe90cbfac3f96b	./build/hcc	86b6756cdfd39cc92c9a8cd031821fdbe1d9ce42274791fd402934f903092499	7af377f5f7458575
src/tests/54_struct_copy.HC	stage1	build/lexer07-corpus-4stage/s1/78_54_struct_copy.o	stage1	d7abf7e3156baa59a91cdcf9c512425aa2c6a160d1363721acfe90cbfac3f96b	./build/hcc-bootstrap02	9916a3786fdadcad3962f754120c396f36a0f9d44b50291f3bbeb4dd961da2c6	7af377f5f7458575
src/tests/54_struct_copy.HC	stage2	build/lexer07-corpus-4stage/s2/78_54_struct_copy.o	stage2	d7abf7e3156baa59a91cdcf9c512425aa2c6a160d1363721acfe90cbfac3f96b	./build/hcc-bootstrap03	9c1166868fae2573328af1f5c86373577a4a4b9b7464872aa2e209e3fe3c84f4	7af377f5f7458575
src/tests/54_struct_copy.HC	stage3	build/lexer07-corpus-4stage/s3/78_54_struct_copy.o	stage3	d7abf7e3156baa59a91cdcf9c512425aa2c6a160d1363721acfe90cbfac3f96b	./build/hcc-bootstrap04	2aec4181f1d40a8239828a1b7a00da3782114cf6efffe6c618f471687b40b7c7	7af377f5f7458575
src/tests/55_uppercase_l_globals.HC	stage0	build/lexer07-corpus-4stage/s0/79_55_uppercase_l_globals.o	stage0-current	8086bdf077a4bc7d9bbdba51f5f6310d3ebd948ac4105112aa3b859d0a1741df	./build/hcc	86b6756cdfd39cc92c9a8cd031821fdbe1d9ce42274791fd402934f903092499	4455d71bc15df4a7
src/tests/55_uppercase_l_globals.HC	stage1	build/lexer07-corpus-4stage/s1/79_55_uppercase_l_globals.o	stage1	8086bdf077a4bc7d9bbdba51f5f6310d3ebd948ac4105112aa3b859d0a1741df	./build/hcc-bootstrap02	9916a3786fdadcad3962f754120c396f36a0f9d44b50291f3bbeb4dd961da2c6	4455d71bc15df4a7
src/tests/55_uppercase_l_globals.HC	stage2	build/lexer07-corpus-4stage/s2/79_55_uppercase_l_globals.o	stage2	8086bdf077a4bc7d9bbdba51f5f6310d3ebd948ac4105112aa3b859d0a1741df	./build/hcc-bootstrap03	9c1166868fae2573328af1f5c86373577a4a4b9b7464872aa2e209e3fe3c84f4	4455d71bc15df4a7
src/tests/55_uppercase_l_globals.HC	stage3	build/lexer07-corpus-4stage/s3/79_55_uppercase_l_globals.o	stage3	8086bdf077a4bc7d9bbdba51f5f6310d3ebd948ac4105112aa3b859d0a1741df	./build/hcc-bootstrap04	2aec4181f1d40a8239828a1b7a00da3782114cf6efffe6c618f471687b40b7c7	4455d71bc15df4a7
src/tests/56_global_struct_arg.HC	stage0	build/lexer07-corpus-4stage/s0/80_56_global_struct_arg.o	stage0-current	de67bc6d5ff2f62a336842361120450531f5bf786183f49c5e28bfad28107a55	./build/hcc	86b6756cdfd39cc92c9a8cd031821fdbe1d9ce42274791fd402934f903092499	3497bb56c09fa0d5
src/tests/56_global_struct_arg.HC	stage1	build/lexer07-corpus-4stage/s1/80_56_global_struct_arg.o	stage1	de67bc6d5ff2f62a336842361120450531f5bf786183f49c5e28bfad28107a55	./build/hcc-bootstrap02	9916a3786fdadcad3962f754120c396f36a0f9d44b50291f3bbeb4dd961da2c6	3497bb56c09fa0d5
src/tests/56_global_struct_arg.HC	stage2	build/lexer07-corpus-4stage/s2/80_56_global_struct_arg.o	stage2	de67bc6d5ff2f62a336842361120450531f5bf786183f49c5e28bfad28107a55	./build/hcc-bootstrap03	9c1166868fae2573328af1f5c86373577a4a4b9b7464872aa2e209e3fe3c84f4	3497bb56c09fa0d5
src/tests/56_global_struct_arg.HC	stage3	build/lexer07-corpus-4stage/s3/80_56_global_struct_arg.o	stage3	de67bc6d5ff2f62a336842361120450531f5bf786183f49c5e28bfad28107a55	./build/hcc-bootstrap04	2aec4181f1d40a8239828a1b7a00da3782114cf6efffe6c618f471687b40b7c7	3497bb56c09fa0d5
src/tests/57_struct_field_by_value.HC	stage0	build/lexer07-corpus-4stage/s0/81_57_struct_field_by_value.o	stage0-current	a31eeca70e48c74376c80677102969474668d212c1b37028d08e9845b79e7db4	./build/hcc	86b6756cdfd39cc92c9a8cd031821fdbe1d9ce42274791fd402934f903092499	5a543b7d19bc20fd
src/tests/57_struct_field_by_value.HC	stage1	build/lexer07-corpus-4stage/s1/81_57_struct_field_by_value.o	stage1	a31eeca70e48c74376c80677102969474668d212c1b37028d08e9845b79e7db4	./build/hcc-bootstrap02	9916a3786fdadcad3962f754120c396f36a0f9d44b50291f3bbeb4dd961da2c6	5a543b7d19bc20fd
src/tests/57_struct_field_by_value.HC	stage2	build/lexer07-corpus-4stage/s2/81_57_struct_field_by_value.o	stage2	a31eeca70e48c74376c80677102969474668d212c1b37028d08e9845b79e7db4	./build/hcc-bootstrap03	9c1166868fae2573328af1f5c86373577a4a4b9b7464872aa2e209e3fe3c84f4	5a543b7d19bc20fd
src/tests/57_struct_field_by_value.HC	stage3	build/lexer07-corpus-4stage/s3/81_57_struct_field_by_value.o	stage3	a31eeca70e48c74376c80677102969474668d212c1b37028d08e9845b79e7db4	./build/hcc-bootstrap04	2aec4181f1d40a8239828a1b7a00da3782114cf6efffe6c618f471687b40b7c7	5a543b7d19bc20fd
src/tests/58_struct_return.HC	stage0	build/lexer07-corpus-4stage/s0/82_58_struct_return.o	stage0-current	3a8a09e7868318171cd14903c031d8555e941b39faea1b3e714b2b014085fa48	./build/hcc	86b6756cdfd39cc92c9a8cd031821fdbe1d9ce42274791fd402934f903092499	48c30a378fd6b7d5
src/tests/58_struct_return.HC	stage1	build/lexer07-corpus-4stage/s1/82_58_struct_return.o	stage1	3a8a09e7868318171cd14903c031d8555e941b39faea1b3e714b2b014085fa48	./build/hcc-bootstrap02	9916a3786fdadcad3962f754120c396f36a0f9d44b50291f3bbeb4dd961da2c6	48c30a378fd6b7d5
src/tests/58_struct_return.HC	stage2	build/lexer07-corpus-4stage/s2/82_58_struct_return.o	stage2	3a8a09e7868318171cd14903c031d8555e941b39faea1b3e714b2b014085fa48	./build/hcc-bootstrap03	9c1166868fae2573328af1f5c86373577a4a4b9b7464872aa2e209e3fe3c84f4	48c30a378fd6b7d5
src/tests/58_struct_return.HC	stage3	build/lexer07-corpus-4stage/s3/82_58_struct_return.o	stage3	3a8a09e7868318171cd14903c031d8555e941b39faea1b3e714b2b014085fa48	./build/hcc-bootstrap04	2aec4181f1d40a8239828a1b7a00da3782114cf6efffe6c618f471687b40b7c7	48c30a378fd6b7d5
src/tests/59_ptr_struct_index.HC	stage0	build/lexer07-corpus-4stage/s0/83_59_ptr_struct_index.o	stage0-current	facc43a9e0fa4026863200ed68a0d182e16d357db237d55a8dc1aaf633d3e763	./build/hcc	86b6756cdfd39cc92c9a8cd031821fdbe1d9ce42274791fd402934f903092499	a6a3b682a3d19c31
src/tests/59_ptr_struct_index.HC	stage1	build/lexer07-corpus-4stage/s1/83_59_ptr_struct_index.o	stage1	facc43a9e0fa4026863200ed68a0d182e16d357db237d55a8dc1aaf633d3e763	./build/hcc-bootstrap02	9916a3786fdadcad3962f754120c396f36a0f9d44b50291f3bbeb4dd961da2c6	a6a3b682a3d19c31
src/tests/59_ptr_struct_index.HC	stage2	build/lexer07-corpus-4stage/s2/83_59_ptr_struct_index.o	stage2	facc43a9e0fa4026863200ed68a0d182e16d357db237d55a8dc1aaf633d3e763	./build/hcc-bootstrap03	9c1166868fae2573328af1f5c86373577a4a4b9b7464872aa2e209e3fe3c84f4	a6a3b682a3d19c31
src/tests/59_ptr_struct_index.HC	stage3	build/lexer07-corpus-4stage/s3/83_59_ptr_struct_index.o	stage3	facc43a9e0fa4026863200ed68a0d182e16d357db237d55a8dc1aaf633d3e763	./build/hcc-bootstrap04	2aec4181f1d40a8239828a1b7a00da3782114cf6efffe6c618f471687b40b7c7	a6a3b682a3d19c31
src/tests/60_leaf_param_arith.HC	stage0	build/lexer07-corpus-4stage/s0/84_60_leaf_param_arith.o	stage0-current	e3e82501759299238a7001ca4141051606c030fbf295dac82dc71174296d0389	./build/hcc	86b6756cdfd39cc92c9a8cd031821fdbe1d9ce42274791fd402934f903092499	e42a3309f6971f7c
src/tests/60_leaf_param_arith.HC	stage1	build/lexer07-corpus-4stage/s1/84_60_leaf_param_arith.o	stage1	e3e82501759299238a7001ca4141051606c030fbf295dac82dc71174296d0389	./build/hcc-bootstrap02	9916a3786fdadcad3962f754120c396f36a0f9d44b50291f3bbeb4dd961da2c6	e42a3309f6971f7c
src/tests/60_leaf_param_arith.HC	stage2	build/lexer07-corpus-4stage/s2/84_60_leaf_param_arith.o	stage2	e3e82501759299238a7001ca4141051606c030fbf295dac82dc71174296d0389	./build/hcc-bootstrap03	9c1166868fae2573328af1f5c86373577a4a4b9b7464872aa2e209e3fe3c84f4	e42a3309f6971f7c
src/tests/60_leaf_param_arith.HC	stage3	build/lexer07-corpus-4stage/s3/84_60_leaf_param_arith.o	stage3	e3e82501759299238a7001ca4141051606c030fbf295dac82dc71174296d0389	./build/hcc-bootstrap04	2aec4181f1d40a8239828a1b7a00da3782114cf6efffe6c618f471687b40b7c7	e42a3309f6971f7c
src/tests/60_link.HC	stage0	build/lexer07-corpus-4stage/s0/85_60_link.o	stage0-current	70260f322b0810c9eab84a9919d832a2f7548be3bba944998823d194f608f76d	./build/hcc	86b6756cdfd39cc92c9a8cd031821fdbe1d9ce42274791fd402934f903092499	5d3150906f5c8d7a
src/tests/60_link.HC	stage1	build/lexer07-corpus-4stage/s1/85_60_link.o	stage1	70260f322b0810c9eab84a9919d832a2f7548be3bba944998823d194f608f76d	./build/hcc-bootstrap02	9916a3786fdadcad3962f754120c396f36a0f9d44b50291f3bbeb4dd961da2c6	5d3150906f5c8d7a
src/tests/60_link.HC	stage2	build/lexer07-corpus-4stage/s2/85_60_link.o	stage2	70260f322b0810c9eab84a9919d832a2f7548be3bba944998823d194f608f76d	./build/hcc-bootstrap03	9c1166868fae2573328af1f5c86373577a4a4b9b7464872aa2e209e3fe3c84f4	5d3150906f5c8d7a
src/tests/60_link.HC	stage3	build/lexer07-corpus-4stage/s3/85_60_link.o	stage3	70260f322b0810c9eab84a9919d832a2f7548be3bba944998823d194f608f76d	./build/hcc-bootstrap04	2aec4181f1d40a8239828a1b7a00da3782114cf6efffe6c618f471687b40b7c7	5d3150906f5c8d7a
src/tests/61_ifjit_ifaot.HC	stage0	build/lexer07-corpus-4stage/s0/86_61_ifjit_ifaot.o	stage0-current	0d337796ca97fa4db4d031e8cd2f45f255bc5c651733b5e50969250cc7c01933	./build/hcc	86b6756cdfd39cc92c9a8cd031821fdbe1d9ce42274791fd402934f903092499	4168614315a35729
src/tests/61_ifjit_ifaot.HC	stage1	build/lexer07-corpus-4stage/s1/86_61_ifjit_ifaot.o	stage1	0d337796ca97fa4db4d031e8cd2f45f255bc5c651733b5e50969250cc7c01933	./build/hcc-bootstrap02	9916a3786fdadcad3962f754120c396f36a0f9d44b50291f3bbeb4dd961da2c6	4168614315a35729
src/tests/61_ifjit_ifaot.HC	stage2	build/lexer07-corpus-4stage/s2/86_61_ifjit_ifaot.o	stage2	0d337796ca97fa4db4d031e8cd2f45f255bc5c651733b5e50969250cc7c01933	./build/hcc-bootstrap03	9c1166868fae2573328af1f5c86373577a4a4b9b7464872aa2e209e3fe3c84f4	4168614315a35729
src/tests/61_ifjit_ifaot.HC	stage3	build/lexer07-corpus-4stage/s3/86_61_ifjit_ifaot.o	stage3	0d337796ca97fa4db4d031e8cd2f45f255bc5c651733b5e50969250cc7c01933	./build/hcc-bootstrap04	2aec4181f1d40a8239828a1b7a00da3782114cf6efffe6c618f471687b40b7c7	4168614315a35729
src/tests/62_typeof.HC	stage0	build/lexer07-corpus-4stage/s0/87_62_typeof.o	stage0-current	09a56ba10d871cb8791705d3569d389179032503f7c76f12909144bd86e74767	./build/hcc	86b6756cdfd39cc92c9a8cd031821fdbe1d9ce42274791fd402934f903092499	e05166fdd040bf3d
src/tests/62_typeof.HC	stage1	build/lexer07-corpus-4stage/s1/87_62_typeof.o	stage1	09a56ba10d871cb8791705d3569d389179032503f7c76f12909144bd86e74767	./build/hcc-bootstrap02	9916a3786fdadcad3962f754120c396f36a0f9d44b50291f3bbeb4dd961da2c6	e05166fdd040bf3d
src/tests/62_typeof.HC	stage2	build/lexer07-corpus-4stage/s2/87_62_typeof.o	stage2	09a56ba10d871cb8791705d3569d389179032503f7c76f12909144bd86e74767	./build/hcc-bootstrap03	9c1166868fae2573328af1f5c86373577a4a4b9b7464872aa2e209e3fe3c84f4	e05166fdd040bf3d
src/tests/62_typeof.HC	stage3	build/lexer07-corpus-4stage/s3/87_62_typeof.o	stage3	09a56ba10d871cb8791705d3569d389179032503f7c76f12909144bd86e74767	./build/hcc-bootstrap04	2aec4181f1d40a8239828a1b7a00da3782114cf6efffe6c618f471687b40b7c7	e05166fdd040bf3d
src/tests/63_big_stack_frames.HC	stage0	build/lexer07-corpus-4stage/s0/88_63_big_stack_frames.o	stage0-current	cdb1801cddef7beb7a87324285611a5df34c3081b0427a94da88eedb45b22116	./build/hcc	86b6756cdfd39cc92c9a8cd031821fdbe1d9ce42274791fd402934f903092499	5b2bffcfabcc9fbc
src/tests/63_big_stack_frames.HC	stage1	build/lexer07-corpus-4stage/s1/88_63_big_stack_frames.o	stage1	cdb1801cddef7beb7a87324285611a5df34c3081b0427a94da88eedb45b22116	./build/hcc-bootstrap02	9916a3786fdadcad3962f754120c396f36a0f9d44b50291f3bbeb4dd961da2c6	5b2bffcfabcc9fbc
src/tests/63_big_stack_frames.HC	stage2	build/lexer07-corpus-4stage/s2/88_63_big_stack_frames.o	stage2	cdb1801cddef7beb7a87324285611a5df34c3081b0427a94da88eedb45b22116	./build/hcc-bootstrap03	9c1166868fae2573328af1f5c86373577a4a4b9b7464872aa2e209e3fe3c84f4	5b2bffcfabcc9fbc
src/tests/63_big_stack_frames.HC	stage3	build/lexer07-corpus-4stage/s3/88_63_big_stack_frames.o	stage3	cdb1801cddef7beb7a87324285611a5df34c3081b0427a94da88eedb45b22116	./build/hcc-bootstrap04	2aec4181f1d40a8239828a1b7a00da3782114cf6efffe6c618f471687b40b7c7	5b2bffcfabcc9fbc
src/tests/64_sret_x8.HC	stage0	build/lexer07-corpus-4stage/s0/89_64_sret_x8.o	stage0-current	4aa3ebfd12433ccf9150cf557c172a0c48975b5a7923f9af6bbe8de47952c49b	./build/hcc	86b6756cdfd39cc92c9a8cd031821fdbe1d9ce42274791fd402934f903092499	cf5a69a8c6a5fe5c
src/tests/64_sret_x8.HC	stage1	build/lexer07-corpus-4stage/s1/89_64_sret_x8.o	stage1	4aa3ebfd12433ccf9150cf557c172a0c48975b5a7923f9af6bbe8de47952c49b	./build/hcc-bootstrap02	9916a3786fdadcad3962f754120c396f36a0f9d44b50291f3bbeb4dd961da2c6	cf5a69a8c6a5fe5c
src/tests/64_sret_x8.HC	stage2	build/lexer07-corpus-4stage/s2/89_64_sret_x8.o	stage2	4aa3ebfd12433ccf9150cf557c172a0c48975b5a7923f9af6bbe8de47952c49b	./build/hcc-bootstrap03	9c1166868fae2573328af1f5c86373577a4a4b9b7464872aa2e209e3fe3c84f4	cf5a69a8c6a5fe5c
src/tests/64_sret_x8.HC	stage3	build/lexer07-corpus-4stage/s3/89_64_sret_x8.o	stage3	4aa3ebfd12433ccf9150cf557c172a0c48975b5a7923f9af6bbe8de47952c49b	./build/hcc-bootstrap04	2aec4181f1d40a8239828a1b7a00da3782114cf6efffe6c618f471687b40b7c7	cf5a69a8c6a5fe5c
src/tests/65_class_inheritance.HC	stage0	build/lexer07-corpus-4stage/s0/90_65_class_inheritance.o	stage0-current	8474014bb5f82a0e1a04ff35adc3e0ca2b9e8342d29ec09f2dc909cf638913f0	./build/hcc	86b6756cdfd39cc92c9a8cd031821fdbe1d9ce42274791fd402934f903092499	f2c1c4ac1f8c9500
src/tests/65_class_inheritance.HC	stage1	build/lexer07-corpus-4stage/s1/90_65_class_inheritance.o	stage1	8474014bb5f82a0e1a04ff35adc3e0ca2b9e8342d29ec09f2dc909cf638913f0	./build/hcc-bootstrap02	9916a3786fdadcad3962f754120c396f36a0f9d44b50291f3bbeb4dd961da2c6	f2c1c4ac1f8c9500
src/tests/65_class_inheritance.HC	stage2	build/lexer07-corpus-4stage/s2/90_65_class_inheritance.o	stage2	8474014bb5f82a0e1a04ff35adc3e0ca2b9e8342d29ec09f2dc909cf638913f0	./build/hcc-bootstrap03	9c1166868fae2573328af1f5c86373577a4a4b9b7464872aa2e209e3fe3c84f4	f2c1c4ac1f8c9500
src/tests/65_class_inheritance.HC	stage3	build/lexer07-corpus-4stage/s3/90_65_class_inheritance.o	stage3	8474014bb5f82a0e1a04ff35adc3e0ca2b9e8342d29ec09f2dc909cf638913f0	./build/hcc-bootstrap04	2aec4181f1d40a8239828a1b7a00da3782114cf6efffe6c618f471687b40b7c7	f2c1c4ac1f8c9500
src/tests/conditions.HC	stage0	build/lexer07-corpus-4stage/s0/91_conditions.o	stage0-current	0f96c6f879e2f907518c1d5e7e307dbec7d5fb67023370fbd342581e9701bd79	./build/hcc	86b6756cdfd39cc92c9a8cd031821fdbe1d9ce42274791fd402934f903092499	24222592595feab4
src/tests/conditions.HC	stage1	build/lexer07-corpus-4stage/s1/91_conditions.o	stage1	0f96c6f879e2f907518c1d5e7e307dbec7d5fb67023370fbd342581e9701bd79	./build/hcc-bootstrap02	9916a3786fdadcad3962f754120c396f36a0f9d44b50291f3bbeb4dd961da2c6	24222592595feab4
src/tests/conditions.HC	stage2	build/lexer07-corpus-4stage/s2/91_conditions.o	stage2	0f96c6f879e2f907518c1d5e7e307dbec7d5fb67023370fbd342581e9701bd79	./build/hcc-bootstrap03	9c1166868fae2573328af1f5c86373577a4a4b9b7464872aa2e209e3fe3c84f4	24222592595feab4
src/tests/conditions.HC	stage3	build/lexer07-corpus-4stage/s3/91_conditions.o	stage3	0f96c6f879e2f907518c1d5e7e307dbec7d5fb67023370fbd342581e9701bd79	./build/hcc-bootstrap04	2aec4181f1d40a8239828a1b7a00da3782114cf6efffe6c618f471687b40b7c7	24222592595feab4
src/tests/ir-boundary03-correction02/runtime-correctness-i8u8-bypass.HC	stage0	build/lexer07-corpus-4stage/s0/92_runtime-correctness-i8u8-bypass.o	stage0-current	c4dcd1a705d2d0d6c76127cf221ff157b05d33f466f8924d2c1632d4f8c2ee81	./build/hcc	86b6756cdfd39cc92c9a8cd031821fdbe1d9ce42274791fd402934f903092499	b2dff5df26d6bdc7
src/tests/ir-boundary03-correction02/runtime-correctness-i8u8-bypass.HC	stage1	build/lexer07-corpus-4stage/s1/92_runtime-correctness-i8u8-bypass.o	stage1	c4dcd1a705d2d0d6c76127cf221ff157b05d33f466f8924d2c1632d4f8c2ee81	./build/hcc-bootstrap02	9916a3786fdadcad3962f754120c396f36a0f9d44b50291f3bbeb4dd961da2c6	b2dff5df26d6bdc7
src/tests/ir-boundary03-correction02/runtime-correctness-i8u8-bypass.HC	stage2	build/lexer07-corpus-4stage/s2/92_runtime-correctness-i8u8-bypass.o	stage2	c4dcd1a705d2d0d6c76127cf221ff157b05d33f466f8924d2c1632d4f8c2ee81	./build/hcc-bootstrap03	9c1166868fae2573328af1f5c86373577a4a4b9b7464872aa2e209e3fe3c84f4	b2dff5df26d6bdc7
src/tests/ir-boundary03-correction02/runtime-correctness-i8u8-bypass.HC	stage3	build/lexer07-corpus-4stage/s3/92_runtime-correctness-i8u8-bypass.o	stage3	c4dcd1a705d2d0d6c76127cf221ff157b05d33f466f8924d2c1632d4f8c2ee81	./build/hcc-bootstrap04	2aec4181f1d40a8239828a1b7a00da3782114cf6efffe6c618f471687b40b7c7	b2dff5df26d6bdc7
src/tests/ir-boundary03-correction02/runtime-correctness-u8.HC	stage0	build/lexer07-corpus-4stage/s0/93_runtime-correctness-u8.o	stage0-current	40388366d8a15950e6a6b49453a65b4e4bb0a917ca78e82d1a38707228081904	./build/hcc	86b6756cdfd39cc92c9a8cd031821fdbe1d9ce42274791fd402934f903092499	955ebfe246fb8f26
src/tests/ir-boundary03-correction02/runtime-correctness-u8.HC	stage1	build/lexer07-corpus-4stage/s1/93_runtime-correctness-u8.o	stage1	40388366d8a15950e6a6b49453a65b4e4bb0a917ca78e82d1a38707228081904	./build/hcc-bootstrap02	9916a3786fdadcad3962f754120c396f36a0f9d44b50291f3bbeb4dd961da2c6	955ebfe246fb8f26
src/tests/ir-boundary03-correction02/runtime-correctness-u8.HC	stage2	build/lexer07-corpus-4stage/s2/93_runtime-correctness-u8.o	stage2	40388366d8a15950e6a6b49453a65b4e4bb0a917ca78e82d1a38707228081904	./build/hcc-bootstrap03	9c1166868fae2573328af1f5c86373577a4a4b9b7464872aa2e209e3fe3c84f4	955ebfe246fb8f26
src/tests/ir-boundary03-correction02/runtime-correctness-u8.HC	stage3	build/lexer07-corpus-4stage/s3/93_runtime-correctness-u8.o	stage3	40388366d8a15950e6a6b49453a65b4e4bb0a917ca78e82d1a38707228081904	./build/hcc-bootstrap04	2aec4181f1d40a8239828a1b7a00da3782114cf6efffe6c618f471687b40b7c7	955ebfe246fb8f26
src/tests/ir-boundary03-correction02/w1_u8_literal_2.HC	stage0	build/lexer07-corpus-4stage/s0/94_w1_u8_literal_2.o	stage0-current	37d894f0c3441bc72661045ff6433f95fdb0157de0132103d464b00e5aa8fa19	./build/hcc	86b6756cdfd39cc92c9a8cd031821fdbe1d9ce42274791fd402934f903092499	401485c911b25901
src/tests/ir-boundary03-correction02/w1_u8_literal_2.HC	stage1	build/lexer07-corpus-4stage/s1/94_w1_u8_literal_2.o	stage1	37d894f0c3441bc72661045ff6433f95fdb0157de0132103d464b00e5aa8fa19	./build/hcc-bootstrap02	9916a3786fdadcad3962f754120c396f36a0f9d44b50291f3bbeb4dd961da2c6	401485c911b25901
src/tests/ir-boundary03-correction02/w1_u8_literal_2.HC	stage2	build/lexer07-corpus-4stage/s2/94_w1_u8_literal_2.o	stage2	37d894f0c3441bc72661045ff6433f95fdb0157de0132103d464b00e5aa8fa19	./build/hcc-bootstrap03	9c1166868fae2573328af1f5c86373577a4a4b9b7464872aa2e209e3fe3c84f4	401485c911b25901
src/tests/ir-boundary03-correction02/w1_u8_literal_2.HC	stage3	build/lexer07-corpus-4stage/s3/94_w1_u8_literal_2.o	stage3	37d894f0c3441bc72661045ff6433f95fdb0157de0132103d464b00e5aa8fa19	./build/hcc-bootstrap04	2aec4181f1d40a8239828a1b7a00da3782114cf6efffe6c618f471687b40b7c7	401485c911b25901
src/tests/ir-boundary03-correction02/w2_u8_id.HC	stage0	build/lexer07-corpus-4stage/s0/95_w2_u8_id.o	stage0-current	ba31726f1f7edf2e053e497d76dc87454df0fd886ad45e072647bf85e6dee061	./build/hcc	86b6756cdfd39cc92c9a8cd031821fdbe1d9ce42274791fd402934f903092499	868e74fd6f3868e6
src/tests/ir-boundary03-correction02/w2_u8_id.HC	stage1	build/lexer07-corpus-4stage/s1/95_w2_u8_id.o	stage1	ba31726f1f7edf2e053e497d76dc87454df0fd886ad45e072647bf85e6dee061	./build/hcc-bootstrap02	9916a3786fdadcad3962f754120c396f36a0f9d44b50291f3bbeb4dd961da2c6	868e74fd6f3868e6
src/tests/ir-boundary03-correction02/w2_u8_id.HC	stage2	build/lexer07-corpus-4stage/s2/95_w2_u8_id.o	stage2	ba31726f1f7edf2e053e497d76dc87454df0fd886ad45e072647bf85e6dee061	./build/hcc-bootstrap03	9c1166868fae2573328af1f5c86373577a4a4b9b7464872aa2e209e3fe3c84f4	868e74fd6f3868e6
src/tests/ir-boundary03-correction02/w2_u8_id.HC	stage3	build/lexer07-corpus-4stage/s3/95_w2_u8_id.o	stage3	ba31726f1f7edf2e053e497d76dc87454df0fd886ad45e072647bf85e6dee061	./build/hcc-bootstrap04	2aec4181f1d40a8239828a1b7a00da3782114cf6efffe6c618f471687b40b7c7	868e74fd6f3868e6
src/tests/ir-boundary03-correction02/w3_u8_eq_2.HC	stage0	build/lexer07-corpus-4stage/s0/96_w3_u8_eq_2.o	stage0-current	67f94ea8e8f47a7c9c195180b81e0ff69e85a1746cf9e57a2ad527f28d54af36	./build/hcc	86b6756cdfd39cc92c9a8cd031821fdbe1d9ce42274791fd402934f903092499	d4c5e215326b54d2
src/tests/ir-boundary03-correction02/w3_u8_eq_2.HC	stage1	build/lexer07-corpus-4stage/s1/96_w3_u8_eq_2.o	stage1	67f94ea8e8f47a7c9c195180b81e0ff69e85a1746cf9e57a2ad527f28d54af36	./build/hcc-bootstrap02	9916a3786fdadcad3962f754120c396f36a0f9d44b50291f3bbeb4dd961da2c6	d4c5e215326b54d2
src/tests/ir-boundary03-correction02/w3_u8_eq_2.HC	stage2	build/lexer07-corpus-4stage/s2/96_w3_u8_eq_2.o	stage2	67f94ea8e8f47a7c9c195180b81e0ff69e85a1746cf9e57a2ad527f28d54af36	./build/hcc-bootstrap03	9c1166868fae2573328af1f5c86373577a4a4b9b7464872aa2e209e3fe3c84f4	d4c5e215326b54d2
src/tests/ir-boundary03-correction02/w3_u8_eq_2.HC	stage3	build/lexer07-corpus-4stage/s3/96_w3_u8_eq_2.o	stage3	67f94ea8e8f47a7c9c195180b81e0ff69e85a1746cf9e57a2ad527f28d54af36	./build/hcc-bootstrap04	2aec4181f1d40a8239828a1b7a00da3782114cf6efffe6c618f471687b40b7c7	d4c5e215326b54d2
src/tests/ir-boundary03-correction02/w4_u8_passthrough.HC	stage0	build/lexer07-corpus-4stage/s0/97_w4_u8_passthrough.o	stage0-current	11ff5c31cf78d8b805e726714d21816b03055374e48550daaa4f4c750fda6172	./build/hcc	86b6756cdfd39cc92c9a8cd031821fdbe1d9ce42274791fd402934f903092499	f0330a52447861e8
src/tests/ir-boundary03-correction02/w4_u8_passthrough.HC	stage1	build/lexer07-corpus-4stage/s1/97_w4_u8_passthrough.o	stage1	11ff5c31cf78d8b805e726714d21816b03055374e48550daaa4f4c750fda6172	./build/hcc-bootstrap02	9916a3786fdadcad3962f754120c396f36a0f9d44b50291f3bbeb4dd961da2c6	f0330a52447861e8
src/tests/ir-boundary03-correction02/w4_u8_passthrough.HC	stage2	build/lexer07-corpus-4stage/s2/97_w4_u8_passthrough.o	stage2	11ff5c31cf78d8b805e726714d21816b03055374e48550daaa4f4c750fda6172	./build/hcc-bootstrap03	9c1166868fae2573328af1f5c86373577a4a4b9b7464872aa2e209e3fe3c84f4	f0330a52447861e8
src/tests/ir-boundary03-correction02/w4_u8_passthrough.HC	stage3	build/lexer07-corpus-4stage/s3/97_w4_u8_passthrough.o	stage3	11ff5c31cf78d8b805e726714d21816b03055374e48550daaa4f4c750fda6172	./build/hcc-bootstrap04	2aec4181f1d40a8239828a1b7a00da3782114cf6efffe6c618f471687b40b7c7	f0330a52447861e8
src/tests/ir-boundary03-correction02/w5_i8_id.HC	stage0	build/lexer07-corpus-4stage/s0/98_w5_i8_id.o	stage0-current	249bd9512ead7f7f55bee8cc5182e6fd80a953d182c0f0b5b4afd9604019b6dc	./build/hcc	86b6756cdfd39cc92c9a8cd031821fdbe1d9ce42274791fd402934f903092499	fb70139171890e86
src/tests/ir-boundary03-correction02/w5_i8_id.HC	stage1	build/lexer07-corpus-4stage/s1/98_w5_i8_id.o	stage1	249bd9512ead7f7f55bee8cc5182e6fd80a953d182c0f0b5b4afd9604019b6dc	./build/hcc-bootstrap02	9916a3786fdadcad3962f754120c396f36a0f9d44b50291f3bbeb4dd961da2c6	fb70139171890e86
src/tests/ir-boundary03-correction02/w5_i8_id.HC	stage2	build/lexer07-corpus-4stage/s2/98_w5_i8_id.o	stage2	249bd9512ead7f7f55bee8cc5182e6fd80a953d182c0f0b5b4afd9604019b6dc	./build/hcc-bootstrap03	9c1166868fae2573328af1f5c86373577a4a4b9b7464872aa2e209e3fe3c84f4	fb70139171890e86
src/tests/ir-boundary03-correction02/w5_i8_id.HC	stage3	build/lexer07-corpus-4stage/s3/98_w5_i8_id.o	stage3	249bd9512ead7f7f55bee8cc5182e6fd80a953d182c0f0b5b4afd9604019b6dc	./build/hcc-bootstrap04	2aec4181f1d40a8239828a1b7a00da3782114cf6efffe6c618f471687b40b7c7	fb70139171890e86
src/tests/ir-boundary03-correction02/w6_other_widths.HC	stage0	build/lexer07-corpus-4stage/s0/99_w6_other_widths.o	stage0-current	b213bdce7f8f12726ca78d3f20005da5ffc3f4c09d0ad7100166db7306a829a1	./build/hcc	86b6756cdfd39cc92c9a8cd031821fdbe1d9ce42274791fd402934f903092499	d94a988d5cac300e
src/tests/ir-boundary03-correction02/w6_other_widths.HC	stage1	build/lexer07-corpus-4stage/s1/99_w6_other_widths.o	stage1	b213bdce7f8f12726ca78d3f20005da5ffc3f4c09d0ad7100166db7306a829a1	./build/hcc-bootstrap02	9916a3786fdadcad3962f754120c396f36a0f9d44b50291f3bbeb4dd961da2c6	d94a988d5cac300e
src/tests/ir-boundary03-correction02/w6_other_widths.HC	stage2	build/lexer07-corpus-4stage/s2/99_w6_other_widths.o	stage2	b213bdce7f8f12726ca78d3f20005da5ffc3f4c09d0ad7100166db7306a829a1	./build/hcc-bootstrap03	9c1166868fae2573328af1f5c86373577a4a4b9b7464872aa2e209e3fe3c84f4	d94a988d5cac300e
src/tests/ir-boundary03-correction02/w6_other_widths.HC	stage3	build/lexer07-corpus-4stage/s3/99_w6_other_widths.o	stage3	b213bdce7f8f12726ca78d3f20005da5ffc3f4c09d0ad7100166db7306a829a1	./build/hcc-bootstrap04	2aec4181f1d40a8239828a1b7a00da3782114cf6efffe6c618f471687b40b7c7	d94a988d5cac300e
src/tests/ir-boundary03-correction02/w_i8_id_direct.HC	stage0	build/lexer07-corpus-4stage/s0/100_w_i8_id_direct.o	stage0-current	848a9928995b30f5b85132a110d669ff99f7c9322f0db27903e5919968cac214	./build/hcc	86b6756cdfd39cc92c9a8cd031821fdbe1d9ce42274791fd402934f903092499	31cc34be3e4445fe
src/tests/ir-boundary03-correction02/w_i8_id_direct.HC	stage1	build/lexer07-corpus-4stage/s1/100_w_i8_id_direct.o	stage1	848a9928995b30f5b85132a110d669ff99f7c9322f0db27903e5919968cac214	./build/hcc-bootstrap02	9916a3786fdadcad3962f754120c396f36a0f9d44b50291f3bbeb4dd961da2c6	31cc34be3e4445fe
src/tests/ir-boundary03-correction02/w_i8_id_direct.HC	stage2	build/lexer07-corpus-4stage/s2/100_w_i8_id_direct.o	stage2	848a9928995b30f5b85132a110d669ff99f7c9322f0db27903e5919968cac214	./build/hcc-bootstrap03	9c1166868fae2573328af1f5c86373577a4a4b9b7464872aa2e209e3fe3c84f4	31cc34be3e4445fe
src/tests/ir-boundary03-correction02/w_i8_id_direct.HC	stage3	build/lexer07-corpus-4stage/s3/100_w_i8_id_direct.o	stage3	848a9928995b30f5b85132a110d669ff99f7c9322f0db27903e5919968cac214	./build/hcc-bootstrap04	2aec4181f1d40a8239828a1b7a00da3782114cf6efffe6c618f471687b40b7c7	31cc34be3e4445fe
src/tests/ir-boundary03-correction02/w_u8_arith.HC	stage0	build/lexer07-corpus-4stage/s0/101_w_u8_arith.o	stage0-current	f902249c1972d25caa209db22214cfb61cbe96ff65fdb8e137ada0ea1043412b	./build/hcc	86b6756cdfd39cc92c9a8cd031821fdbe1d9ce42274791fd402934f903092499	78157aa64ceead2b
src/tests/ir-boundary03-correction02/w_u8_arith.HC	stage1	build/lexer07-corpus-4stage/s1/101_w_u8_arith.o	stage1	f902249c1972d25caa209db22214cfb61cbe96ff65fdb8e137ada0ea1043412b	./build/hcc-bootstrap02	9916a3786fdadcad3962f754120c396f36a0f9d44b50291f3bbeb4dd961da2c6	78157aa64ceead2b
src/tests/ir-boundary03-correction02/w_u8_arith.HC	stage2	build/lexer07-corpus-4stage/s2/101_w_u8_arith.o	stage2	f902249c1972d25caa209db22214cfb61cbe96ff65fdb8e137ada0ea1043412b	./build/hcc-bootstrap03	9c1166868fae2573328af1f5c86373577a4a4b9b7464872aa2e209e3fe3c84f4	78157aa64ceead2b
src/tests/ir-boundary03-correction02/w_u8_arith.HC	stage3	build/lexer07-corpus-4stage/s3/101_w_u8_arith.o	stage3	f902249c1972d25caa209db22214cfb61cbe96ff65fdb8e137ada0ea1043412b	./build/hcc-bootstrap04	2aec4181f1d40a8239828a1b7a00da3782114cf6efffe6c618f471687b40b7c7	78157aa64ceead2b
src/tests/ir-boundary03-correction02/w_u8_local.HC	stage0	build/lexer07-corpus-4stage/s0/102_w_u8_local.o	stage0-current	a18577c49e3577859df91844ad474f893b56df2aed252876642eab52ce6c5359	./build/hcc	86b6756cdfd39cc92c9a8cd031821fdbe1d9ce42274791fd402934f903092499	c2f1ba3fcbbd553a
src/tests/ir-boundary03-correction02/w_u8_local.HC	stage1	build/lexer07-corpus-4stage/s1/102_w_u8_local.o	stage1	a18577c49e3577859df91844ad474f893b56df2aed252876642eab52ce6c5359	./build/hcc-bootstrap02	9916a3786fdadcad3962f754120c396f36a0f9d44b50291f3bbeb4dd961da2c6	c2f1ba3fcbbd553a
src/tests/ir-boundary03-correction02/w_u8_local.HC	stage2	build/lexer07-corpus-4stage/s2/102_w_u8_local.o	stage2	a18577c49e3577859df91844ad474f893b56df2aed252876642eab52ce6c5359	./build/hcc-bootstrap03	9c1166868fae2573328af1f5c86373577a4a4b9b7464872aa2e209e3fe3c84f4	c2f1ba3fcbbd553a
src/tests/ir-boundary03-correction02/w_u8_local.HC	stage3	build/lexer07-corpus-4stage/s3/102_w_u8_local.o	stage3	a18577c49e3577859df91844ad474f893b56df2aed252876642eab52ce6c5359	./build/hcc-bootstrap04	2aec4181f1d40a8239828a1b7a00da3782114cf6efffe6c618f471687b40b7c7	c2f1ba3fcbbd553a
src/tests/ir-boundary03-correction02/w_u8_sub.HC	stage0	build/lexer07-corpus-4stage/s0/103_w_u8_sub.o	stage0-current	002fc3c6c3ecbeee4ee5fb244b9140d97623c544b59c0c508438ae348421f11a	./build/hcc	86b6756cdfd39cc92c9a8cd031821fdbe1d9ce42274791fd402934f903092499	aef31aa0a28bb84b
src/tests/ir-boundary03-correction02/w_u8_sub.HC	stage1	build/lexer07-corpus-4stage/s1/103_w_u8_sub.o	stage1	002fc3c6c3ecbeee4ee5fb244b9140d97623c544b59c0c508438ae348421f11a	./build/hcc-bootstrap02	9916a3786fdadcad3962f754120c396f36a0f9d44b50291f3bbeb4dd961da2c6	aef31aa0a28bb84b
src/tests/ir-boundary03-correction02/w_u8_sub.HC	stage2	build/lexer07-corpus-4stage/s2/103_w_u8_sub.o	stage2	002fc3c6c3ecbeee4ee5fb244b9140d97623c544b59c0c508438ae348421f11a	./build/hcc-bootstrap03	9c1166868fae2573328af1f5c86373577a4a4b9b7464872aa2e209e3fe3c84f4	aef31aa0a28bb84b
src/tests/ir-boundary03-correction02/w_u8_sub.HC	stage3	build/lexer07-corpus-4stage/s3/103_w_u8_sub.o	stage3	002fc3c6c3ecbeee4ee5fb244b9140d97623c544b59c0c508438ae348421f11a	./build/hcc-bootstrap04	2aec4181f1d40a8239828a1b7a00da3782114cf6efffe6c618f471687b40b7c7	aef31aa0a28bb84b
src/tests/ir-boundary03/truthiness_literals.HC	stage0	build/lexer07-corpus-4stage/s0/104_truthiness_literals.o	stage0-current	79f4ce1c460a16d23645b09b97fc4f434285cc7ec851f345d63fd9aa190d3dc3	./build/hcc	86b6756cdfd39cc92c9a8cd031821fdbe1d9ce42274791fd402934f903092499	bf95a5048caaf2d9
src/tests/ir-boundary03/truthiness_literals.HC	stage1	build/lexer07-corpus-4stage/s1/104_truthiness_literals.o	stage1	79f4ce1c460a16d23645b09b97fc4f434285cc7ec851f345d63fd9aa190d3dc3	./build/hcc-bootstrap02	9916a3786fdadcad3962f754120c396f36a0f9d44b50291f3bbeb4dd961da2c6	bf95a5048caaf2d9
src/tests/ir-boundary03/truthiness_literals.HC	stage2	build/lexer07-corpus-4stage/s2/104_truthiness_literals.o	stage2	79f4ce1c460a16d23645b09b97fc4f434285cc7ec851f345d63fd9aa190d3dc3	./build/hcc-bootstrap03	9c1166868fae2573328af1f5c86373577a4a4b9b7464872aa2e209e3fe3c84f4	bf95a5048caaf2d9
src/tests/ir-boundary03/truthiness_literals.HC	stage3	build/lexer07-corpus-4stage/s3/104_truthiness_literals.o	stage3	79f4ce1c460a16d23645b09b97fc4f434285cc7ec851f345d63fd9aa190d3dc3	./build/hcc-bootstrap04	2aec4181f1d40a8239828a1b7a00da3782114cf6efffe6c618f471687b40b7c7	bf95a5048caaf2d9
src/tests/ir-boundary03/truthiness_var.HC	stage0	build/lexer07-corpus-4stage/s0/105_truthiness_var.o	stage0-current	e9af78dec14cb8fa3748ef96c37ff555ddb0fefd7d23d7c0c4c52de4b4c21fe5	./build/hcc	86b6756cdfd39cc92c9a8cd031821fdbe1d9ce42274791fd402934f903092499	0125d83a216a9908
src/tests/ir-boundary03/truthiness_var.HC	stage1	build/lexer07-corpus-4stage/s1/105_truthiness_var.o	stage1	e9af78dec14cb8fa3748ef96c37ff555ddb0fefd7d23d7c0c4c52de4b4c21fe5	./build/hcc-bootstrap02	9916a3786fdadcad3962f754120c396f36a0f9d44b50291f3bbeb4dd961da2c6	0125d83a216a9908
src/tests/ir-boundary03/truthiness_var.HC	stage2	build/lexer07-corpus-4stage/s2/105_truthiness_var.o	stage2	e9af78dec14cb8fa3748ef96c37ff555ddb0fefd7d23d7c0c4c52de4b4c21fe5	./build/hcc-bootstrap03	9c1166868fae2573328af1f5c86373577a4a4b9b7464872aa2e209e3fe3c84f4	0125d83a216a9908
src/tests/ir-boundary03/truthiness_var.HC	stage3	build/lexer07-corpus-4stage/s3/105_truthiness_var.o	stage3	e9af78dec14cb8fa3748ef96c37ff555ddb0fefd7d23d7c0c4c52de4b4c21fe5	./build/hcc-bootstrap04	2aec4181f1d40a8239828a1b7a00da3782114cf6efffe6c618f471687b40b7c7	0125d83a216a9908
src/tests/llvm-byte-memory01/Diamond.HC	stage0	build/lexer07-corpus-4stage/s0/106_Diamond.o	stage0-current	a3557b17daf8b9f8399f621f60fd3207d64a277b2e1e2f5bafc34906728582eb	./build/hcc	86b6756cdfd39cc92c9a8cd031821fdbe1d9ce42274791fd402934f903092499	e9376ae5f73049cb
src/tests/llvm-byte-memory01/Diamond.HC	stage1	build/lexer07-corpus-4stage/s1/106_Diamond.o	stage1	a3557b17daf8b9f8399f621f60fd3207d64a277b2e1e2f5bafc34906728582eb	./build/hcc-bootstrap02	9916a3786fdadcad3962f754120c396f36a0f9d44b50291f3bbeb4dd961da2c6	e9376ae5f73049cb
src/tests/llvm-byte-memory01/Diamond.HC	stage2	build/lexer07-corpus-4stage/s2/106_Diamond.o	stage2	a3557b17daf8b9f8399f621f60fd3207d64a277b2e1e2f5bafc34906728582eb	./build/hcc-bootstrap03	9c1166868fae2573328af1f5c86373577a4a4b9b7464872aa2e209e3fe3c84f4	e9376ae5f73049cb
src/tests/llvm-byte-memory01/Diamond.HC	stage3	build/lexer07-corpus-4stage/s3/106_Diamond.o	stage3	a3557b17daf8b9f8399f621f60fd3207d64a277b2e1e2f5bafc34906728582eb	./build/hcc-bootstrap04	2aec4181f1d40a8239828a1b7a00da3782114cf6efffe6c618f471687b40b7c7	e9376ae5f73049cb
src/tests/llvm-byte-memory01/i64_collapse_probe.HC	stage0	build/lexer07-corpus-4stage/s0/107_i64_collapse_probe.o	stage0-current	0ea987ad1eee11863257d31def5a4e9040cf7f03d5d8e33eda0a38080fabe9af	./build/hcc	86b6756cdfd39cc92c9a8cd031821fdbe1d9ce42274791fd402934f903092499	9a25abb291adb045
src/tests/llvm-byte-memory01/i64_collapse_probe.HC	stage1	build/lexer07-corpus-4stage/s1/107_i64_collapse_probe.o	stage1	0ea987ad1eee11863257d31def5a4e9040cf7f03d5d8e33eda0a38080fabe9af	./build/hcc-bootstrap02	9916a3786fdadcad3962f754120c396f36a0f9d44b50291f3bbeb4dd961da2c6	9a25abb291adb045
src/tests/llvm-byte-memory01/i64_collapse_probe.HC	stage2	build/lexer07-corpus-4stage/s2/107_i64_collapse_probe.o	stage2	0ea987ad1eee11863257d31def5a4e9040cf7f03d5d8e33eda0a38080fabe9af	./build/hcc-bootstrap03	9c1166868fae2573328af1f5c86373577a4a4b9b7464872aa2e209e3fe3c84f4	9a25abb291adb045
src/tests/llvm-byte-memory01/i64_collapse_probe.HC	stage3	build/lexer07-corpus-4stage/s3/107_i64_collapse_probe.o	stage3	0ea987ad1eee11863257d31def5a4e9040cf7f03d5d8e33eda0a38080fabe9af	./build/hcc-bootstrap04	2aec4181f1d40a8239828a1b7a00da3782114cf6efffe6c618f471687b40b7c7	9a25abb291adb045
src/tests/llvm-byte-memory01/nc_p01_predecessor_paths.HC	stage0	build/lexer07-corpus-4stage/s0/108_nc_p01_predecessor_paths.o	stage0-current	e1a912d651fece8e05f9b6bee575ef96ed3f4160d7bc1f187e315d722a524126	./build/hcc	86b6756cdfd39cc92c9a8cd031821fdbe1d9ce42274791fd402934f903092499	25eb9e21a176ee60
src/tests/llvm-byte-memory01/nc_p01_predecessor_paths.HC	stage1	build/lexer07-corpus-4stage/s1/108_nc_p01_predecessor_paths.o	stage1	e1a912d651fece8e05f9b6bee575ef96ed3f4160d7bc1f187e315d722a524126	./build/hcc-bootstrap02	9916a3786fdadcad3962f754120c396f36a0f9d44b50291f3bbeb4dd961da2c6	25eb9e21a176ee60
src/tests/llvm-byte-memory01/nc_p01_predecessor_paths.HC	stage2	build/lexer07-corpus-4stage/s2/108_nc_p01_predecessor_paths.o	stage2	e1a912d651fece8e05f9b6bee575ef96ed3f4160d7bc1f187e315d722a524126	./build/hcc-bootstrap03	9c1166868fae2573328af1f5c86373577a4a4b9b7464872aa2e209e3fe3c84f4	25eb9e21a176ee60
src/tests/llvm-byte-memory01/nc_p01_predecessor_paths.HC	stage3	build/lexer07-corpus-4stage/s3/108_nc_p01_predecessor_paths.o	stage3	e1a912d651fece8e05f9b6bee575ef96ed3f4160d7bc1f187e315d722a524126	./build/hcc-bootstrap04	2aec4181f1d40a8239828a1b7a00da3782114cf6efffe6c618f471687b40b7c7	25eb9e21a176ee60
src/tests/llvm-byte-memory01/pos_b0_compare_digit.HC	stage0	build/lexer07-corpus-4stage/s0/109_pos_b0_compare_digit.o	stage0-current	ca270cd8cd9f3f2867b69e0375eb7ca332faeecafafdfa68640511b687d26890	./build/hcc	86b6756cdfd39cc92c9a8cd031821fdbe1d9ce42274791fd402934f903092499	b176edc2c194336c
src/tests/llvm-byte-memory01/pos_b0_compare_digit.HC	stage1	build/lexer07-corpus-4stage/s1/109_pos_b0_compare_digit.o	stage1	ca270cd8cd9f3f2867b69e0375eb7ca332faeecafafdfa68640511b687d26890	./build/hcc-bootstrap02	9916a3786fdadcad3962f754120c396f36a0f9d44b50291f3bbeb4dd961da2c6	b176edc2c194336c
src/tests/llvm-byte-memory01/pos_b0_compare_digit.HC	stage2	build/lexer07-corpus-4stage/s2/109_pos_b0_compare_digit.o	stage2	ca270cd8cd9f3f2867b69e0375eb7ca332faeecafafdfa68640511b687d26890	./build/hcc-bootstrap03	9c1166868fae2573328af1f5c86373577a4a4b9b7464872aa2e209e3fe3c84f4	b176edc2c194336c
src/tests/llvm-byte-memory01/pos_b0_compare_digit.HC	stage3	build/lexer07-corpus-4stage/s3/109_pos_b0_compare_digit.o	stage3	ca270cd8cd9f3f2867b69e0375eb7ca332faeecafafdfa68640511b687d26890	./build/hcc-bootstrap04	2aec4181f1d40a8239828a1b7a00da3782114cf6efffe6c618f471687b40b7c7	b176edc2c194336c
src/tests/llvm-byte-memory01/pos_byte_compare_simple.HC	stage0	build/lexer07-corpus-4stage/s0/110_pos_byte_compare_simple.o	stage0-current	b74f6e4fbfb4992ebeffa5540600d49a38ca030add077b403401da41d0bd0cb6	./build/hcc	86b6756cdfd39cc92c9a8cd031821fdbe1d9ce42274791fd402934f903092499	ac291bf6228c94ce
src/tests/llvm-byte-memory01/pos_byte_compare_simple.HC	stage1	build/lexer07-corpus-4stage/s1/110_pos_byte_compare_simple.o	stage1	b74f6e4fbfb4992ebeffa5540600d49a38ca030add077b403401da41d0bd0cb6	./build/hcc-bootstrap02	9916a3786fdadcad3962f754120c396f36a0f9d44b50291f3bbeb4dd961da2c6	ac291bf6228c94ce
src/tests/llvm-byte-memory01/pos_byte_compare_simple.HC	stage2	build/lexer07-corpus-4stage/s2/110_pos_byte_compare_simple.o	stage2	b74f6e4fbfb4992ebeffa5540600d49a38ca030add077b403401da41d0bd0cb6	./build/hcc-bootstrap03	9c1166868fae2573328af1f5c86373577a4a4b9b7464872aa2e209e3fe3c84f4	ac291bf6228c94ce
src/tests/llvm-byte-memory01/pos_byte_compare_simple.HC	stage3	build/lexer07-corpus-4stage/s3/110_pos_byte_compare_simple.o	stage3	b74f6e4fbfb4992ebeffa5540600d49a38ca030add077b403401da41d0bd0cb6	./build/hcc-bootstrap04	2aec4181f1d40a8239828a1b7a00da3782114cf6efffe6c618f471687b40b7c7	ac291bf6228c94ce
src/tests/llvm-byte-memory01/red_byte_load.HC	stage0	build/lexer07-corpus-4stage/s0/111_red_byte_load.o	stage0-current	423f9abb09f0e47f3b2e13ac51ead04cf93690bb244b4df325bb31212d4a6ad4	./build/hcc	86b6756cdfd39cc92c9a8cd031821fdbe1d9ce42274791fd402934f903092499	715356455cd92664
src/tests/llvm-byte-memory01/red_byte_load.HC	stage1	build/lexer07-corpus-4stage/s1/111_red_byte_load.o	stage1	423f9abb09f0e47f3b2e13ac51ead04cf93690bb244b4df325bb31212d4a6ad4	./build/hcc-bootstrap02	9916a3786fdadcad3962f754120c396f36a0f9d44b50291f3bbeb4dd961da2c6	715356455cd92664
src/tests/llvm-byte-memory01/red_byte_load.HC	stage2	build/lexer07-corpus-4stage/s2/111_red_byte_load.o	stage2	423f9abb09f0e47f3b2e13ac51ead04cf93690bb244b4df325bb31212d4a6ad4	./build/hcc-bootstrap03	9c1166868fae2573328af1f5c86373577a4a4b9b7464872aa2e209e3fe3c84f4	715356455cd92664
src/tests/llvm-byte-memory01/red_byte_load.HC	stage3	build/lexer07-corpus-4stage/s3/111_red_byte_load.o	stage3	423f9abb09f0e47f3b2e13ac51ead04cf93690bb244b4df325bb31212d4a6ad4	./build/hcc-bootstrap04	2aec4181f1d40a8239828a1b7a00da3782114cf6efffe6c618f471687b40b7c7	715356455cd92664
src/tests/llvm-byte-memory01/red_byte_pointer_param.HC	stage0	build/lexer07-corpus-4stage/s0/112_red_byte_pointer_param.o	stage0-current	423f9abb09f0e47f3b2e13ac51ead04cf93690bb244b4df325bb31212d4a6ad4	./build/hcc	86b6756cdfd39cc92c9a8cd031821fdbe1d9ce42274791fd402934f903092499	715356455cd92664
src/tests/llvm-byte-memory01/red_byte_pointer_param.HC	stage1	build/lexer07-corpus-4stage/s1/112_red_byte_pointer_param.o	stage1	423f9abb09f0e47f3b2e13ac51ead04cf93690bb244b4df325bb31212d4a6ad4	./build/hcc-bootstrap02	9916a3786fdadcad3962f754120c396f36a0f9d44b50291f3bbeb4dd961da2c6	715356455cd92664
src/tests/llvm-byte-memory01/red_byte_pointer_param.HC	stage2	build/lexer07-corpus-4stage/s2/112_red_byte_pointer_param.o	stage2	423f9abb09f0e47f3b2e13ac51ead04cf93690bb244b4df325bb31212d4a6ad4	./build/hcc-bootstrap03	9c1166868fae2573328af1f5c86373577a4a4b9b7464872aa2e209e3fe3c84f4	715356455cd92664
src/tests/llvm-byte-memory01/red_byte_pointer_param.HC	stage3	build/lexer07-corpus-4stage/s3/112_red_byte_pointer_param.o	stage3	423f9abb09f0e47f3b2e13ac51ead04cf93690bb244b4df325bb31212d4a6ad4	./build/hcc-bootstrap04	2aec4181f1d40a8239828a1b7a00da3782114cf6efffe6c618f471687b40b7c7	715356455cd92664
src/tests/llvm-byte-memory01/red_byte_to_i64.HC	stage0	build/lexer07-corpus-4stage/s0/113_red_byte_to_i64.o	stage0-current	2910e12d8b5e494f9bfdf7a553dca2b4099ce77d30dc852269ee97ba9b33f3bd	./build/hcc	86b6756cdfd39cc92c9a8cd031821fdbe1d9ce42274791fd402934f903092499	d1d71dfdda290e79
src/tests/llvm-byte-memory01/red_byte_to_i64.HC	stage1	build/lexer07-corpus-4stage/s1/113_red_byte_to_i64.o	stage1	2910e12d8b5e494f9bfdf7a553dca2b4099ce77d30dc852269ee97ba9b33f3bd	./build/hcc-bootstrap02	9916a3786fdadcad3962f754120c396f36a0f9d44b50291f3bbeb4dd961da2c6	d1d71dfdda290e79
src/tests/llvm-byte-memory01/red_byte_to_i64.HC	stage2	build/lexer07-corpus-4stage/s2/113_red_byte_to_i64.o	stage2	2910e12d8b5e494f9bfdf7a553dca2b4099ce77d30dc852269ee97ba9b33f3bd	./build/hcc-bootstrap03	9c1166868fae2573328af1f5c86373577a4a4b9b7464872aa2e209e3fe3c84f4	d1d71dfdda290e79
src/tests/llvm-byte-memory01/red_byte_to_i64.HC	stage3	build/lexer07-corpus-4stage/s3/113_red_byte_to_i64.o	stage3	2910e12d8b5e494f9bfdf7a553dca2b4099ce77d30dc852269ee97ba9b33f3bd	./build/hcc-bootstrap04	2aec4181f1d40a8239828a1b7a00da3782114cf6efffe6c618f471687b40b7c7	d1d71dfdda290e79
src/tests/llvm-byte-memory01/red_i16_trunc_negative.HC	stage0	build/lexer07-corpus-4stage/s0/114_red_i16_trunc_negative.o	stage0-current	41dc12734921948e109b682e478425905fa0653e4365d530c3ed40e4167e9260	./build/hcc	86b6756cdfd39cc92c9a8cd031821fdbe1d9ce42274791fd402934f903092499	6fd2a5f6d3c56f3f
src/tests/llvm-byte-memory01/red_i16_trunc_negative.HC	stage1	build/lexer07-corpus-4stage/s1/114_red_i16_trunc_negative.o	stage1	41dc12734921948e109b682e478425905fa0653e4365d530c3ed40e4167e9260	./build/hcc-bootstrap02	9916a3786fdadcad3962f754120c396f36a0f9d44b50291f3bbeb4dd961da2c6	6fd2a5f6d3c56f3f
src/tests/llvm-byte-memory01/red_i16_trunc_negative.HC	stage2	build/lexer07-corpus-4stage/s2/114_red_i16_trunc_negative.o	stage2	41dc12734921948e109b682e478425905fa0653e4365d530c3ed40e4167e9260	./build/hcc-bootstrap03	9c1166868fae2573328af1f5c86373577a4a4b9b7464872aa2e209e3fe3c84f4	6fd2a5f6d3c56f3f
src/tests/llvm-byte-memory01/red_i16_trunc_negative.HC	stage3	build/lexer07-corpus-4stage/s3/114_red_i16_trunc_negative.o	stage3	41dc12734921948e109b682e478425905fa0653e4365d530c3ed40e4167e9260	./build/hcc-bootstrap04	2aec4181f1d40a8239828a1b7a00da3782114cf6efffe6c618f471687b40b7c7	6fd2a5f6d3c56f3f
src/tests/llvm-byte-memory01/red_i8_param.HC	stage0	build/lexer07-corpus-4stage/s0/115_red_i8_param.o	stage0-current	b5f557ec544c6e2ff52a2e3ca2fe900f6e519558b6d871d961050860a9473722	./build/hcc	86b6756cdfd39cc92c9a8cd031821fdbe1d9ce42274791fd402934f903092499	fa4e7a1dda8eef6f
src/tests/llvm-byte-memory01/red_i8_param.HC	stage1	build/lexer07-corpus-4stage/s1/115_red_i8_param.o	stage1	b5f557ec544c6e2ff52a2e3ca2fe900f6e519558b6d871d961050860a9473722	./build/hcc-bootstrap02	9916a3786fdadcad3962f754120c396f36a0f9d44b50291f3bbeb4dd961da2c6	fa4e7a1dda8eef6f
src/tests/llvm-byte-memory01/red_i8_param.HC	stage2	build/lexer07-corpus-4stage/s2/115_red_i8_param.o	stage2	b5f557ec544c6e2ff52a2e3ca2fe900f6e519558b6d871d961050860a9473722	./build/hcc-bootstrap03	9c1166868fae2573328af1f5c86373577a4a4b9b7464872aa2e209e3fe3c84f4	fa4e7a1dda8eef6f
src/tests/llvm-byte-memory01/red_i8_param.HC	stage3	build/lexer07-corpus-4stage/s3/115_red_i8_param.o	stage3	b5f557ec544c6e2ff52a2e3ca2fe900f6e519558b6d871d961050860a9473722	./build/hcc-bootstrap04	2aec4181f1d40a8239828a1b7a00da3782114cf6efffe6c618f471687b40b7c7	fa4e7a1dda8eef6f
src/tests/llvm-byte-memory01/red_u8_param.HC	stage0	build/lexer07-corpus-4stage/s0/116_red_u8_param.o	stage0-current	2910e12d8b5e494f9bfdf7a553dca2b4099ce77d30dc852269ee97ba9b33f3bd	./build/hcc	86b6756cdfd39cc92c9a8cd031821fdbe1d9ce42274791fd402934f903092499	d1d71dfdda290e79
src/tests/llvm-byte-memory01/red_u8_param.HC	stage1	build/lexer07-corpus-4stage/s1/116_red_u8_param.o	stage1	2910e12d8b5e494f9bfdf7a553dca2b4099ce77d30dc852269ee97ba9b33f3bd	./build/hcc-bootstrap02	9916a3786fdadcad3962f754120c396f36a0f9d44b50291f3bbeb4dd961da2c6	d1d71dfdda290e79
src/tests/llvm-byte-memory01/red_u8_param.HC	stage2	build/lexer07-corpus-4stage/s2/116_red_u8_param.o	stage2	2910e12d8b5e494f9bfdf7a553dca2b4099ce77d30dc852269ee97ba9b33f3bd	./build/hcc-bootstrap03	9c1166868fae2573328af1f5c86373577a4a4b9b7464872aa2e209e3fe3c84f4	d1d71dfdda290e79
src/tests/llvm-byte-memory01/red_u8_param.HC	stage3	build/lexer07-corpus-4stage/s3/116_red_u8_param.o	stage3	2910e12d8b5e494f9bfdf7a553dca2b4099ce77d30dc852269ee97ba9b33f3bd	./build/hcc-bootstrap04	2aec4181f1d40a8239828a1b7a00da3782114cf6efffe6c618f471687b40b7c7	d1d71dfdda290e79
src/tests/llvm-byte-memory01/runtime_correctness_c9.HC	stage0	build/lexer07-corpus-4stage/s0/117_runtime_correctness_c9.o	stage0-current	9a876e4835a0d2cee2919c7569b18875679e151a8a8951a8250e5f35db1f1ec3	./build/hcc	86b6756cdfd39cc92c9a8cd031821fdbe1d9ce42274791fd402934f903092499	46ddaa3ba391d9b9
src/tests/llvm-byte-memory01/runtime_correctness_c9.HC	stage1	build/lexer07-corpus-4stage/s1/117_runtime_correctness_c9.o	stage1	9a876e4835a0d2cee2919c7569b18875679e151a8a8951a8250e5f35db1f1ec3	./build/hcc-bootstrap02	9916a3786fdadcad3962f754120c396f36a0f9d44b50291f3bbeb4dd961da2c6	46ddaa3ba391d9b9
src/tests/llvm-byte-memory01/runtime_correctness_c9.HC	stage2	build/lexer07-corpus-4stage/s2/117_runtime_correctness_c9.o	stage2	9a876e4835a0d2cee2919c7569b18875679e151a8a8951a8250e5f35db1f1ec3	./build/hcc-bootstrap03	9c1166868fae2573328af1f5c86373577a4a4b9b7464872aa2e209e3fe3c84f4	46ddaa3ba391d9b9
src/tests/llvm-byte-memory01/runtime_correctness_c9.HC	stage3	build/lexer07-corpus-4stage/s3/117_runtime_correctness_c9.o	stage3	9a876e4835a0d2cee2919c7569b18875679e151a8a8951a8250e5f35db1f1ec3	./build/hcc-bootstrap04	2aec4181f1d40a8239828a1b7a00da3782114cf6efffe6c618f471687b40b7c7	46ddaa3ba391d9b9
src/tests/llvm-byte-memory01/safe_fwd_single_pred.HC	stage0	build/lexer07-corpus-4stage/s0/118_safe_fwd_single_pred.o	stage0-current	4070574c0e43a99bb495dbec967077490633f253b481f410f4dc118186fe712d	./build/hcc	86b6756cdfd39cc92c9a8cd031821fdbe1d9ce42274791fd402934f903092499	a7a3d2962d4f9451
src/tests/llvm-byte-memory01/safe_fwd_single_pred.HC	stage1	build/lexer07-corpus-4stage/s1/118_safe_fwd_single_pred.o	stage1	4070574c0e43a99bb495dbec967077490633f253b481f410f4dc118186fe712d	./build/hcc-bootstrap02	9916a3786fdadcad3962f754120c396f36a0f9d44b50291f3bbeb4dd961da2c6	a7a3d2962d4f9451
src/tests/llvm-byte-memory01/safe_fwd_single_pred.HC	stage2	build/lexer07-corpus-4stage/s2/118_safe_fwd_single_pred.o	stage2	4070574c0e43a99bb495dbec967077490633f253b481f410f4dc118186fe712d	./build/hcc-bootstrap03	9c1166868fae2573328af1f5c86373577a4a4b9b7464872aa2e209e3fe3c84f4	a7a3d2962d4f9451
src/tests/llvm-byte-memory01/safe_fwd_single_pred.HC	stage3	build/lexer07-corpus-4stage/s3/118_safe_fwd_single_pred.o	stage3	4070574c0e43a99bb495dbec967077490633f253b481f410f4dc118186fe712d	./build/hcc-bootstrap04	2aec4181f1d40a8239828a1b7a00da3782114cf6efffe6c618f471687b40b7c7	a7a3d2962d4f9451
src/tests/llvm-byte-memory01/single_cond_probe.HC	stage0	build/lexer07-corpus-4stage/s0/119_single_cond_probe.o	stage0-current	738bde951b7cc3833ef58124eeee16d69772d57b61d2b51d9b728c5d07ecdcd2	./build/hcc	86b6756cdfd39cc92c9a8cd031821fdbe1d9ce42274791fd402934f903092499	7442fdf332d4e159
src/tests/llvm-byte-memory01/single_cond_probe.HC	stage1	build/lexer07-corpus-4stage/s1/119_single_cond_probe.o	stage1	738bde951b7cc3833ef58124eeee16d69772d57b61d2b51d9b728c5d07ecdcd2	./build/hcc-bootstrap02	9916a3786fdadcad3962f754120c396f36a0f9d44b50291f3bbeb4dd961da2c6	7442fdf332d4e159
src/tests/llvm-byte-memory01/single_cond_probe.HC	stage2	build/lexer07-corpus-4stage/s2/119_single_cond_probe.o	stage2	738bde951b7cc3833ef58124eeee16d69772d57b61d2b51d9b728c5d07ecdcd2	./build/hcc-bootstrap03	9c1166868fae2573328af1f5c86373577a4a4b9b7464872aa2e209e3fe3c84f4	7442fdf332d4e159
src/tests/llvm-byte-memory01/single_cond_probe.HC	stage3	build/lexer07-corpus-4stage/s3/119_single_cond_probe.o	stage3	738bde951b7cc3833ef58124eeee16d69772d57b61d2b51d9b728c5d07ecdcd2	./build/hcc-bootstrap04	2aec4181f1d40a8239828a1b7a00da3782114cf6efffe6c618f471687b40b7c7	7442fdf332d4e159
src/tests/llvm-float01/01_identity_f64.HC	stage0	build/lexer07-corpus-4stage/s0/120_01_identity_f64.o	stage0-current	b5dcad7df76885681eaad74896feaea84ee7031bdb5820e5e6771cbce580c9d7	./build/hcc	86b6756cdfd39cc92c9a8cd031821fdbe1d9ce42274791fd402934f903092499	e4230f8ff6f364c9
src/tests/llvm-float01/01_identity_f64.HC	stage1	build/lexer07-corpus-4stage/s1/120_01_identity_f64.o	stage1	b5dcad7df76885681eaad74896feaea84ee7031bdb5820e5e6771cbce580c9d7	./build/hcc-bootstrap02	9916a3786fdadcad3962f754120c396f36a0f9d44b50291f3bbeb4dd961da2c6	e4230f8ff6f364c9
src/tests/llvm-float01/01_identity_f64.HC	stage2	build/lexer07-corpus-4stage/s2/120_01_identity_f64.o	stage2	b5dcad7df76885681eaad74896feaea84ee7031bdb5820e5e6771cbce580c9d7	./build/hcc-bootstrap03	9c1166868fae2573328af1f5c86373577a4a4b9b7464872aa2e209e3fe3c84f4	e4230f8ff6f364c9
src/tests/llvm-float01/01_identity_f64.HC	stage3	build/lexer07-corpus-4stage/s3/120_01_identity_f64.o	stage3	b5dcad7df76885681eaad74896feaea84ee7031bdb5820e5e6771cbce580c9d7	./build/hcc-bootstrap04	2aec4181f1d40a8239828a1b7a00da3782114cf6efffe6c618f471687b40b7c7	e4230f8ff6f364c9
src/tests/llvm-float01/02_const_f64.HC	stage0	build/lexer07-corpus-4stage/s0/121_02_const_f64.o	stage0-current	55683d5557783722910b54f536473c03066ac007edc5d9b077c5faf81e13915f	./build/hcc	86b6756cdfd39cc92c9a8cd031821fdbe1d9ce42274791fd402934f903092499	33e7719d60f6f64b
src/tests/llvm-float01/02_const_f64.HC	stage1	build/lexer07-corpus-4stage/s1/121_02_const_f64.o	stage1	55683d5557783722910b54f536473c03066ac007edc5d9b077c5faf81e13915f	./build/hcc-bootstrap02	9916a3786fdadcad3962f754120c396f36a0f9d44b50291f3bbeb4dd961da2c6	33e7719d60f6f64b
src/tests/llvm-float01/02_const_f64.HC	stage2	build/lexer07-corpus-4stage/s2/121_02_const_f64.o	stage2	55683d5557783722910b54f536473c03066ac007edc5d9b077c5faf81e13915f	./build/hcc-bootstrap03	9c1166868fae2573328af1f5c86373577a4a4b9b7464872aa2e209e3fe3c84f4	33e7719d60f6f64b
src/tests/llvm-float01/02_const_f64.HC	stage3	build/lexer07-corpus-4stage/s3/121_02_const_f64.o	stage3	55683d5557783722910b54f536473c03066ac007edc5d9b077c5faf81e13915f	./build/hcc-bootstrap04	2aec4181f1d40a8239828a1b7a00da3782114cf6efffe6c618f471687b40b7c7	33e7719d60f6f64b
src/tests/llvm-float01/03_fadd.HC	stage0	build/lexer07-corpus-4stage/s0/122_03_fadd.o	stage0-current	da0b1deb9beffee0b8dfb772ae1c9712c0c6f4df1245ae0f3b875c56d96a8609	./build/hcc	86b6756cdfd39cc92c9a8cd031821fdbe1d9ce42274791fd402934f903092499	ece73888604b38fc
src/tests/llvm-float01/03_fadd.HC	stage1	build/lexer07-corpus-4stage/s1/122_03_fadd.o	stage1	da0b1deb9beffee0b8dfb772ae1c9712c0c6f4df1245ae0f3b875c56d96a8609	./build/hcc-bootstrap02	9916a3786fdadcad3962f754120c396f36a0f9d44b50291f3bbeb4dd961da2c6	ece73888604b38fc
src/tests/llvm-float01/03_fadd.HC	stage2	build/lexer07-corpus-4stage/s2/122_03_fadd.o	stage2	da0b1deb9beffee0b8dfb772ae1c9712c0c6f4df1245ae0f3b875c56d96a8609	./build/hcc-bootstrap03	9c1166868fae2573328af1f5c86373577a4a4b9b7464872aa2e209e3fe3c84f4	ece73888604b38fc
src/tests/llvm-float01/03_fadd.HC	stage3	build/lexer07-corpus-4stage/s3/122_03_fadd.o	stage3	da0b1deb9beffee0b8dfb772ae1c9712c0c6f4df1245ae0f3b875c56d96a8609	./build/hcc-bootstrap04	2aec4181f1d40a8239828a1b7a00da3782114cf6efffe6c618f471687b40b7c7	ece73888604b38fc
src/tests/llvm-float01/04_fsub.HC	stage0	build/lexer07-corpus-4stage/s0/123_04_fsub.o	stage0-current	bd0c3e34dd48d38ed3c19553fa6a8ad304ee64ffde21e1fbd75e0bda574e4634	./build/hcc	86b6756cdfd39cc92c9a8cd031821fdbe1d9ce42274791fd402934f903092499	92d407b84b95ee76
src/tests/llvm-float01/04_fsub.HC	stage1	build/lexer07-corpus-4stage/s1/123_04_fsub.o	stage1	bd0c3e34dd48d38ed3c19553fa6a8ad304ee64ffde21e1fbd75e0bda574e4634	./build/hcc-bootstrap02	9916a3786fdadcad3962f754120c396f36a0f9d44b50291f3bbeb4dd961da2c6	92d407b84b95ee76
src/tests/llvm-float01/04_fsub.HC	stage2	build/lexer07-corpus-4stage/s2/123_04_fsub.o	stage2	bd0c3e34dd48d38ed3c19553fa6a8ad304ee64ffde21e1fbd75e0bda574e4634	./build/hcc-bootstrap03	9c1166868fae2573328af1f5c86373577a4a4b9b7464872aa2e209e3fe3c84f4	92d407b84b95ee76
src/tests/llvm-float01/04_fsub.HC	stage3	build/lexer07-corpus-4stage/s3/123_04_fsub.o	stage3	bd0c3e34dd48d38ed3c19553fa6a8ad304ee64ffde21e1fbd75e0bda574e4634	./build/hcc-bootstrap04	2aec4181f1d40a8239828a1b7a00da3782114cf6efffe6c618f471687b40b7c7	92d407b84b95ee76
src/tests/llvm-float01/05_fmul.HC	stage0	build/lexer07-corpus-4stage/s0/124_05_fmul.o	stage0-current	61a4533d5c4d73601b1ec397f2f00b3980e520d90c82bd52e48c6a5b887789dd	./build/hcc	86b6756cdfd39cc92c9a8cd031821fdbe1d9ce42274791fd402934f903092499	2c627e0ac2d2bf9f
src/tests/llvm-float01/05_fmul.HC	stage1	build/lexer07-corpus-4stage/s1/124_05_fmul.o	stage1	61a4533d5c4d73601b1ec397f2f00b3980e520d90c82bd52e48c6a5b887789dd	./build/hcc-bootstrap02	9916a3786fdadcad3962f754120c396f36a0f9d44b50291f3bbeb4dd961da2c6	2c627e0ac2d2bf9f
src/tests/llvm-float01/05_fmul.HC	stage2	build/lexer07-corpus-4stage/s2/124_05_fmul.o	stage2	61a4533d5c4d73601b1ec397f2f00b3980e520d90c82bd52e48c6a5b887789dd	./build/hcc-bootstrap03	9c1166868fae2573328af1f5c86373577a4a4b9b7464872aa2e209e3fe3c84f4	2c627e0ac2d2bf9f
src/tests/llvm-float01/05_fmul.HC	stage3	build/lexer07-corpus-4stage/s3/124_05_fmul.o	stage3	61a4533d5c4d73601b1ec397f2f00b3980e520d90c82bd52e48c6a5b887789dd	./build/hcc-bootstrap04	2aec4181f1d40a8239828a1b7a00da3782114cf6efffe6c618f471687b40b7c7	2c627e0ac2d2bf9f
src/tests/llvm-float01/06_cmp_eq.HC	stage0	build/lexer07-corpus-4stage/s0/125_06_cmp_eq.o	stage0-current	ea5d9f744dba00be8600996934baf3d68c0c440aa7fa34fd1404d219d51bbde2	./build/hcc	86b6756cdfd39cc92c9a8cd031821fdbe1d9ce42274791fd402934f903092499	fd8a2f2114d98856
src/tests/llvm-float01/06_cmp_eq.HC	stage1	build/lexer07-corpus-4stage/s1/125_06_cmp_eq.o	stage1	ea5d9f744dba00be8600996934baf3d68c0c440aa7fa34fd1404d219d51bbde2	./build/hcc-bootstrap02	9916a3786fdadcad3962f754120c396f36a0f9d44b50291f3bbeb4dd961da2c6	fd8a2f2114d98856
src/tests/llvm-float01/06_cmp_eq.HC	stage2	build/lexer07-corpus-4stage/s2/125_06_cmp_eq.o	stage2	ea5d9f744dba00be8600996934baf3d68c0c440aa7fa34fd1404d219d51bbde2	./build/hcc-bootstrap03	9c1166868fae2573328af1f5c86373577a4a4b9b7464872aa2e209e3fe3c84f4	fd8a2f2114d98856
src/tests/llvm-float01/06_cmp_eq.HC	stage3	build/lexer07-corpus-4stage/s3/125_06_cmp_eq.o	stage3	ea5d9f744dba00be8600996934baf3d68c0c440aa7fa34fd1404d219d51bbde2	./build/hcc-bootstrap04	2aec4181f1d40a8239828a1b7a00da3782114cf6efffe6c618f471687b40b7c7	fd8a2f2114d98856
src/tests/llvm-float01/07_cmp_ne.HC	stage0	build/lexer07-corpus-4stage/s0/126_07_cmp_ne.o	stage0-current	43cc73170858f8660a42a468fb1445dd5ed715a804f0c9b8d440c580dbbe261f	./build/hcc	86b6756cdfd39cc92c9a8cd031821fdbe1d9ce42274791fd402934f903092499	11c74dc380d12090
src/tests/llvm-float01/07_cmp_ne.HC	stage1	build/lexer07-corpus-4stage/s1/126_07_cmp_ne.o	stage1	43cc73170858f8660a42a468fb1445dd5ed715a804f0c9b8d440c580dbbe261f	./build/hcc-bootstrap02	9916a3786fdadcad3962f754120c396f36a0f9d44b50291f3bbeb4dd961da2c6	11c74dc380d12090
src/tests/llvm-float01/07_cmp_ne.HC	stage2	build/lexer07-corpus-4stage/s2/126_07_cmp_ne.o	stage2	43cc73170858f8660a42a468fb1445dd5ed715a804f0c9b8d440c580dbbe261f	./build/hcc-bootstrap03	9c1166868fae2573328af1f5c86373577a4a4b9b7464872aa2e209e3fe3c84f4	11c74dc380d12090
src/tests/llvm-float01/07_cmp_ne.HC	stage3	build/lexer07-corpus-4stage/s3/126_07_cmp_ne.o	stage3	43cc73170858f8660a42a468fb1445dd5ed715a804f0c9b8d440c580dbbe261f	./build/hcc-bootstrap04	2aec4181f1d40a8239828a1b7a00da3782114cf6efffe6c618f471687b40b7c7	11c74dc380d12090
src/tests/llvm-float01/08_cmp_lt.HC	stage0	build/lexer07-corpus-4stage/s0/127_08_cmp_lt.o	stage0-current	fce526ce2c7feac181f615f955f33e1432d22d8323d4c8f327d3f1ff234cc5e1	./build/hcc	86b6756cdfd39cc92c9a8cd031821fdbe1d9ce42274791fd402934f903092499	df06e4dce84bbbc4
src/tests/llvm-float01/08_cmp_lt.HC	stage1	build/lexer07-corpus-4stage/s1/127_08_cmp_lt.o	stage1	fce526ce2c7feac181f615f955f33e1432d22d8323d4c8f327d3f1ff234cc5e1	./build/hcc-bootstrap02	9916a3786fdadcad3962f754120c396f36a0f9d44b50291f3bbeb4dd961da2c6	df06e4dce84bbbc4
src/tests/llvm-float01/08_cmp_lt.HC	stage2	build/lexer07-corpus-4stage/s2/127_08_cmp_lt.o	stage2	fce526ce2c7feac181f615f955f33e1432d22d8323d4c8f327d3f1ff234cc5e1	./build/hcc-bootstrap03	9c1166868fae2573328af1f5c86373577a4a4b9b7464872aa2e209e3fe3c84f4	df06e4dce84bbbc4
src/tests/llvm-float01/08_cmp_lt.HC	stage3	build/lexer07-corpus-4stage/s3/127_08_cmp_lt.o	stage3	fce526ce2c7feac181f615f955f33e1432d22d8323d4c8f327d3f1ff234cc5e1	./build/hcc-bootstrap04	2aec4181f1d40a8239828a1b7a00da3782114cf6efffe6c618f471687b40b7c7	df06e4dce84bbbc4
src/tests/llvm-float01/09_cmp_le.HC	stage0	build/lexer07-corpus-4stage/s0/128_09_cmp_le.o	stage0-current	34577d62f221e2d6d703abdcd71b95e6d7ac2cce7b5e139737f17b3e62028e4e	./build/hcc	86b6756cdfd39cc92c9a8cd031821fdbe1d9ce42274791fd402934f903092499	1db2e8f6b6597766
src/tests/llvm-float01/09_cmp_le.HC	stage1	build/lexer07-corpus-4stage/s1/128_09_cmp_le.o	stage1	34577d62f221e2d6d703abdcd71b95e6d7ac2cce7b5e139737f17b3e62028e4e	./build/hcc-bootstrap02	9916a3786fdadcad3962f754120c396f36a0f9d44b50291f3bbeb4dd961da2c6	1db2e8f6b6597766
src/tests/llvm-float01/09_cmp_le.HC	stage2	build/lexer07-corpus-4stage/s2/128_09_cmp_le.o	stage2	34577d62f221e2d6d703abdcd71b95e6d7ac2cce7b5e139737f17b3e62028e4e	./build/hcc-bootstrap03	9c1166868fae2573328af1f5c86373577a4a4b9b7464872aa2e209e3fe3c84f4	1db2e8f6b6597766
src/tests/llvm-float01/09_cmp_le.HC	stage3	build/lexer07-corpus-4stage/s3/128_09_cmp_le.o	stage3	34577d62f221e2d6d703abdcd71b95e6d7ac2cce7b5e139737f17b3e62028e4e	./build/hcc-bootstrap04	2aec4181f1d40a8239828a1b7a00da3782114cf6efffe6c618f471687b40b7c7	1db2e8f6b6597766
src/tests/llvm-float01/10_cmp_gt.HC	stage0	build/lexer07-corpus-4stage/s0/129_10_cmp_gt.o	stage0-current	653ba99a6bc7b00c803eea54b092cf0905b0ac32f1a04e356d045e129c56caa9	./build/hcc	86b6756cdfd39cc92c9a8cd031821fdbe1d9ce42274791fd402934f903092499	edc1ba0decd7cf93
src/tests/llvm-float01/10_cmp_gt.HC	stage1	build/lexer07-corpus-4stage/s1/129_10_cmp_gt.o	stage1	653ba99a6bc7b00c803eea54b092cf0905b0ac32f1a04e356d045e129c56caa9	./build/hcc-bootstrap02	9916a3786fdadcad3962f754120c396f36a0f9d44b50291f3bbeb4dd961da2c6	edc1ba0decd7cf93
src/tests/llvm-float01/10_cmp_gt.HC	stage2	build/lexer07-corpus-4stage/s2/129_10_cmp_gt.o	stage2	653ba99a6bc7b00c803eea54b092cf0905b0ac32f1a04e356d045e129c56caa9	./build/hcc-bootstrap03	9c1166868fae2573328af1f5c86373577a4a4b9b7464872aa2e209e3fe3c84f4	edc1ba0decd7cf93
src/tests/llvm-float01/10_cmp_gt.HC	stage3	build/lexer07-corpus-4stage/s3/129_10_cmp_gt.o	stage3	653ba99a6bc7b00c803eea54b092cf0905b0ac32f1a04e356d045e129c56caa9	./build/hcc-bootstrap04	2aec4181f1d40a8239828a1b7a00da3782114cf6efffe6c618f471687b40b7c7	edc1ba0decd7cf93
src/tests/llvm-float01/11_cmp_ge.HC	stage0	build/lexer07-corpus-4stage/s0/130_11_cmp_ge.o	stage0-current	f3a0b6067abfa645315416e11f2873573bfe72f1d72d6fd879bafdf39d29d44f	./build/hcc	86b6756cdfd39cc92c9a8cd031821fdbe1d9ce42274791fd402934f903092499	3aae01b0ebc88ef2
src/tests/llvm-float01/11_cmp_ge.HC	stage1	build/lexer07-corpus-4stage/s1/130_11_cmp_ge.o	stage1	f3a0b6067abfa645315416e11f2873573bfe72f1d72d6fd879bafdf39d29d44f	./build/hcc-bootstrap02	9916a3786fdadcad3962f754120c396f36a0f9d44b50291f3bbeb4dd961da2c6	3aae01b0ebc88ef2
src/tests/llvm-float01/11_cmp_ge.HC	stage2	build/lexer07-corpus-4stage/s2/130_11_cmp_ge.o	stage2	f3a0b6067abfa645315416e11f2873573bfe72f1d72d6fd879bafdf39d29d44f	./build/hcc-bootstrap03	9c1166868fae2573328af1f5c86373577a4a4b9b7464872aa2e209e3fe3c84f4	3aae01b0ebc88ef2
src/tests/llvm-float01/11_cmp_ge.HC	stage3	build/lexer07-corpus-4stage/s3/130_11_cmp_ge.o	stage3	f3a0b6067abfa645315416e11f2873573bfe72f1d72d6fd879bafdf39d29d44f	./build/hcc-bootstrap04	2aec4181f1d40a8239828a1b7a00da3782114cf6efffe6c618f471687b40b7c7	3aae01b0ebc88ef2
src/tests/llvm-float01/12_cmp_branch.HC	stage0	build/lexer07-corpus-4stage/s0/131_12_cmp_branch.o	stage0-current	20f314f9f9b992e9e287b8d8c6c5828595a243c32058d923ec39f0ec4c55bd7a	./build/hcc	86b6756cdfd39cc92c9a8cd031821fdbe1d9ce42274791fd402934f903092499	85f94623ded9650a
src/tests/llvm-float01/12_cmp_branch.HC	stage1	build/lexer07-corpus-4stage/s1/131_12_cmp_branch.o	stage1	20f314f9f9b992e9e287b8d8c6c5828595a243c32058d923ec39f0ec4c55bd7a	./build/hcc-bootstrap02	9916a3786fdadcad3962f754120c396f36a0f9d44b50291f3bbeb4dd961da2c6	85f94623ded9650a
src/tests/llvm-float01/12_cmp_branch.HC	stage2	build/lexer07-corpus-4stage/s2/131_12_cmp_branch.o	stage2	20f314f9f9b992e9e287b8d8c6c5828595a243c32058d923ec39f0ec4c55bd7a	./build/hcc-bootstrap03	9c1166868fae2573328af1f5c86373577a4a4b9b7464872aa2e209e3fe3c84f4	85f94623ded9650a
src/tests/llvm-float01/12_cmp_branch.HC	stage3	build/lexer07-corpus-4stage/s3/131_12_cmp_branch.o	stage3	20f314f9f9b992e9e287b8d8c6c5828595a243c32058d923ec39f0ec4c55bd7a	./build/hcc-bootstrap04	2aec4181f1d40a8239828a1b7a00da3782114cf6efffe6c618f471687b40b7c7	85f94623ded9650a
src/tests/llvm-float01/13_mixed_float_expr.HC	stage0	build/lexer07-corpus-4stage/s0/132_13_mixed_float_expr.o	stage0-current	9fa5dd90fd9ebb14dda145a2a64bb7b9ec577d3994f141db89d097d13d55c92f	./build/hcc	86b6756cdfd39cc92c9a8cd031821fdbe1d9ce42274791fd402934f903092499	78f840b438230d4b
src/tests/llvm-float01/13_mixed_float_expr.HC	stage1	build/lexer07-corpus-4stage/s1/132_13_mixed_float_expr.o	stage1	9fa5dd90fd9ebb14dda145a2a64bb7b9ec577d3994f141db89d097d13d55c92f	./build/hcc-bootstrap02	9916a3786fdadcad3962f754120c396f36a0f9d44b50291f3bbeb4dd961da2c6	78f840b438230d4b
src/tests/llvm-float01/13_mixed_float_expr.HC	stage2	build/lexer07-corpus-4stage/s2/132_13_mixed_float_expr.o	stage2	9fa5dd90fd9ebb14dda145a2a64bb7b9ec577d3994f141db89d097d13d55c92f	./build/hcc-bootstrap03	9c1166868fae2573328af1f5c86373577a4a4b9b7464872aa2e209e3fe3c84f4	78f840b438230d4b
src/tests/llvm-float01/13_mixed_float_expr.HC	stage3	build/lexer07-corpus-4stage/s3/132_13_mixed_float_expr.o	stage3	9fa5dd90fd9ebb14dda145a2a64bb7b9ec577d3994f141db89d097d13d55c92f	./build/hcc-bootstrap04	2aec4181f1d40a8239828a1b7a00da3782114cf6efffe6c618f471687b40b7c7	78f840b438230d4b
src/tests/llvm-float01/neg_fdiv.HC	stage0	build/lexer07-corpus-4stage/s0/133_neg_fdiv.o	stage0-current	a5fbee693a057dfd84a554ade491e8b05e175546321e3ba39280265935590811	./build/hcc	86b6756cdfd39cc92c9a8cd031821fdbe1d9ce42274791fd402934f903092499	2905bdf81f711939
src/tests/llvm-float01/neg_fdiv.HC	stage1	build/lexer07-corpus-4stage/s1/133_neg_fdiv.o	stage1	a5fbee693a057dfd84a554ade491e8b05e175546321e3ba39280265935590811	./build/hcc-bootstrap02	9916a3786fdadcad3962f754120c396f36a0f9d44b50291f3bbeb4dd961da2c6	2905bdf81f711939
src/tests/llvm-float01/neg_fdiv.HC	stage2	build/lexer07-corpus-4stage/s2/133_neg_fdiv.o	stage2	a5fbee693a057dfd84a554ade491e8b05e175546321e3ba39280265935590811	./build/hcc-bootstrap03	9c1166868fae2573328af1f5c86373577a4a4b9b7464872aa2e209e3fe3c84f4	2905bdf81f711939
src/tests/llvm-float01/neg_fdiv.HC	stage3	build/lexer07-corpus-4stage/s3/133_neg_fdiv.o	stage3	a5fbee693a057dfd84a554ade491e8b05e175546321e3ba39280265935590811	./build/hcc-bootstrap04	2aec4181f1d40a8239828a1b7a00da3782114cf6efffe6c618f471687b40b7c7	2905bdf81f711939
src/tests/llvm-float01/neg_float_to_int.HC	stage0	build/lexer07-corpus-4stage/s0/134_neg_float_to_int.o	stage0-current	9c1a6376bd9fcf11336b93e7eb79b25b198b596e284ed9e6814f578f978f2642	./build/hcc	86b6756cdfd39cc92c9a8cd031821fdbe1d9ce42274791fd402934f903092499	1ad6159fc5e6e2e1
src/tests/llvm-float01/neg_float_to_int.HC	stage1	build/lexer07-corpus-4stage/s1/134_neg_float_to_int.o	stage1	9c1a6376bd9fcf11336b93e7eb79b25b198b596e284ed9e6814f578f978f2642	./build/hcc-bootstrap02	9916a3786fdadcad3962f754120c396f36a0f9d44b50291f3bbeb4dd961da2c6	1ad6159fc5e6e2e1
src/tests/llvm-float01/neg_float_to_int.HC	stage2	build/lexer07-corpus-4stage/s2/134_neg_float_to_int.o	stage2	9c1a6376bd9fcf11336b93e7eb79b25b198b596e284ed9e6814f578f978f2642	./build/hcc-bootstrap03	9c1166868fae2573328af1f5c86373577a4a4b9b7464872aa2e209e3fe3c84f4	1ad6159fc5e6e2e1
src/tests/llvm-float01/neg_float_to_int.HC	stage3	build/lexer07-corpus-4stage/s3/134_neg_float_to_int.o	stage3	9c1a6376bd9fcf11336b93e7eb79b25b198b596e284ed9e6814f578f978f2642	./build/hcc-bootstrap04	2aec4181f1d40a8239828a1b7a00da3782114cf6efffe6c618f471687b40b7c7	1ad6159fc5e6e2e1
src/tests/llvm-float01/neg_fptosi_witness.HC	stage0	build/lexer07-corpus-4stage/s0/135_neg_fptosi_witness.o	stage0-current	2535672c9ddcf251847de0654f49e483961467f8fffced2f8efca64d0dc2cacc	./build/hcc	86b6756cdfd39cc92c9a8cd031821fdbe1d9ce42274791fd402934f903092499	3634a4d1816dcf99
src/tests/llvm-float01/neg_fptosi_witness.HC	stage1	build/lexer07-corpus-4stage/s1/135_neg_fptosi_witness.o	stage1	2535672c9ddcf251847de0654f49e483961467f8fffced2f8efca64d0dc2cacc	./build/hcc-bootstrap02	9916a3786fdadcad3962f754120c396f36a0f9d44b50291f3bbeb4dd961da2c6	3634a4d1816dcf99
src/tests/llvm-float01/neg_fptosi_witness.HC	stage2	build/lexer07-corpus-4stage/s2/135_neg_fptosi_witness.o	stage2	2535672c9ddcf251847de0654f49e483961467f8fffced2f8efca64d0dc2cacc	./build/hcc-bootstrap03	9c1166868fae2573328af1f5c86373577a4a4b9b7464872aa2e209e3fe3c84f4	3634a4d1816dcf99
src/tests/llvm-float01/neg_fptosi_witness.HC	stage3	build/lexer07-corpus-4stage/s3/135_neg_fptosi_witness.o	stage3	2535672c9ddcf251847de0654f49e483961467f8fffced2f8efca64d0dc2cacc	./build/hcc-bootstrap04	2aec4181f1d40a8239828a1b7a00da3782114cf6efffe6c618f471687b40b7c7	3634a4d1816dcf99
src/tests/llvm-float01/neg_int_to_float.HC	stage0	build/lexer07-corpus-4stage/s0/136_neg_int_to_float.o	stage0-current	067390a264382da777f8524717e1c45a3e2c081c1944286b07d40e1ec7e1448e	./build/hcc	86b6756cdfd39cc92c9a8cd031821fdbe1d9ce42274791fd402934f903092499	22cd30a2f4561d00
src/tests/llvm-float01/neg_int_to_float.HC	stage1	build/lexer07-corpus-4stage/s1/136_neg_int_to_float.o	stage1	067390a264382da777f8524717e1c45a3e2c081c1944286b07d40e1ec7e1448e	./build/hcc-bootstrap02	9916a3786fdadcad3962f754120c396f36a0f9d44b50291f3bbeb4dd961da2c6	22cd30a2f4561d00
src/tests/llvm-float01/neg_int_to_float.HC	stage2	build/lexer07-corpus-4stage/s2/136_neg_int_to_float.o	stage2	067390a264382da777f8524717e1c45a3e2c081c1944286b07d40e1ec7e1448e	./build/hcc-bootstrap03	9c1166868fae2573328af1f5c86373577a4a4b9b7464872aa2e209e3fe3c84f4	22cd30a2f4561d00
src/tests/llvm-float01/neg_int_to_float.HC	stage3	build/lexer07-corpus-4stage/s3/136_neg_int_to_float.o	stage3	067390a264382da777f8524717e1c45a3e2c081c1944286b07d40e1ec7e1448e	./build/hcc-bootstrap04	2aec4181f1d40a8239828a1b7a00da3782114cf6efffe6c618f471687b40b7c7	22cd30a2f4561d00
src/tests/llvm-float01/special_values.HC	stage0	build/lexer07-corpus-4stage/s0/137_special_values.o	stage0-current	c084fd9ab32dc6544be34de63722de57872841a82d1dbb2f479c0e3b53159389	./build/hcc	86b6756cdfd39cc92c9a8cd031821fdbe1d9ce42274791fd402934f903092499	8070bfc93b2570c6
src/tests/llvm-float01/special_values.HC	stage1	build/lexer07-corpus-4stage/s1/137_special_values.o	stage1	c084fd9ab32dc6544be34de63722de57872841a82d1dbb2f479c0e3b53159389	./build/hcc-bootstrap02	9916a3786fdadcad3962f754120c396f36a0f9d44b50291f3bbeb4dd961da2c6	8070bfc93b2570c6
src/tests/llvm-float01/special_values.HC	stage2	build/lexer07-corpus-4stage/s2/137_special_values.o	stage2	c084fd9ab32dc6544be34de63722de57872841a82d1dbb2f479c0e3b53159389	./build/hcc-bootstrap03	9c1166868fae2573328af1f5c86373577a4a4b9b7464872aa2e209e3fe3c84f4	8070bfc93b2570c6
src/tests/llvm-float01/special_values.HC	stage3	build/lexer07-corpus-4stage/s3/137_special_values.o	stage3	c084fd9ab32dc6544be34de63722de57872841a82d1dbb2f479c0e3b53159389	./build/hcc-bootstrap04	2aec4181f1d40a8239828a1b7a00da3782114cf6efffe6c618f471687b40b7c7	8070bfc93b2570c6
src/tests/llvm-gep01/i64idx.HC	stage0	build/lexer07-corpus-4stage/s0/138_i64idx.o	stage0-current	206d70deafa7f214b6542128a1c48563643eeabea6214edd055fefccf0e563ca	./build/hcc	86b6756cdfd39cc92c9a8cd031821fdbe1d9ce42274791fd402934f903092499	2d350c0a633d2022
src/tests/llvm-gep01/i64idx.HC	stage1	build/lexer07-corpus-4stage/s1/138_i64idx.o	stage1	206d70deafa7f214b6542128a1c48563643eeabea6214edd055fefccf0e563ca	./build/hcc-bootstrap02	9916a3786fdadcad3962f754120c396f36a0f9d44b50291f3bbeb4dd961da2c6	2d350c0a633d2022
src/tests/llvm-gep01/i64idx.HC	stage2	build/lexer07-corpus-4stage/s2/138_i64idx.o	stage2	206d70deafa7f214b6542128a1c48563643eeabea6214edd055fefccf0e563ca	./build/hcc-bootstrap03	9c1166868fae2573328af1f5c86373577a4a4b9b7464872aa2e209e3fe3c84f4	2d350c0a633d2022
src/tests/llvm-gep01/i64idx.HC	stage3	build/lexer07-corpus-4stage/s3/138_i64idx.o	stage3	206d70deafa7f214b6542128a1c48563643eeabea6214edd055fefccf0e563ca	./build/hcc-bootstrap04	2aec4181f1d40a8239828a1b7a00da3782114cf6efffe6c618f471687b40b7c7	2d350c0a633d2022
src/tests/llvm-gep01/read0.HC	stage0	build/lexer07-corpus-4stage/s0/139_read0.o	stage0-current	fbb96cad31919bbc1d7a7aca7a809067bbde559f384ec02a9b0adf3b1d6ad153	./build/hcc	86b6756cdfd39cc92c9a8cd031821fdbe1d9ce42274791fd402934f903092499	79f59e23d7a9f688
src/tests/llvm-gep01/read0.HC	stage1	build/lexer07-corpus-4stage/s1/139_read0.o	stage1	fbb96cad31919bbc1d7a7aca7a809067bbde559f384ec02a9b0adf3b1d6ad153	./build/hcc-bootstrap02	9916a3786fdadcad3962f754120c396f36a0f9d44b50291f3bbeb4dd961da2c6	79f59e23d7a9f688
src/tests/llvm-gep01/read0.HC	stage2	build/lexer07-corpus-4stage/s2/139_read0.o	stage2	fbb96cad31919bbc1d7a7aca7a809067bbde559f384ec02a9b0adf3b1d6ad153	./build/hcc-bootstrap03	9c1166868fae2573328af1f5c86373577a4a4b9b7464872aa2e209e3fe3c84f4	79f59e23d7a9f688
src/tests/llvm-gep01/read0.HC	stage3	build/lexer07-corpus-4stage/s3/139_read0.o	stage3	fbb96cad31919bbc1d7a7aca7a809067bbde559f384ec02a9b0adf3b1d6ad153	./build/hcc-bootstrap04	2aec4181f1d40a8239828a1b7a00da3782114cf6efffe6c618f471687b40b7c7	79f59e23d7a9f688
src/tests/llvm-gep01/read2.HC	stage0	build/lexer07-corpus-4stage/s0/140_read2.o	stage0-current	de2e45f0dceeaf5d4efa194b7a341790ba9d4e0be5f6faf75d862abf8c4508ff	./build/hcc	86b6756cdfd39cc92c9a8cd031821fdbe1d9ce42274791fd402934f903092499	2f21f8ce492f6d0d
src/tests/llvm-gep01/read2.HC	stage1	build/lexer07-corpus-4stage/s1/140_read2.o	stage1	de2e45f0dceeaf5d4efa194b7a341790ba9d4e0be5f6faf75d862abf8c4508ff	./build/hcc-bootstrap02	9916a3786fdadcad3962f754120c396f36a0f9d44b50291f3bbeb4dd961da2c6	2f21f8ce492f6d0d
src/tests/llvm-gep01/read2.HC	stage2	build/lexer07-corpus-4stage/s2/140_read2.o	stage2	de2e45f0dceeaf5d4efa194b7a341790ba9d4e0be5f6faf75d862abf8c4508ff	./build/hcc-bootstrap03	9c1166868fae2573328af1f5c86373577a4a4b9b7464872aa2e209e3fe3c84f4	2f21f8ce492f6d0d
src/tests/llvm-gep01/read2.HC	stage3	build/lexer07-corpus-4stage/s3/140_read2.o	stage3	de2e45f0dceeaf5d4efa194b7a341790ba9d4e0be5f6faf75d862abf8c4508ff	./build/hcc-bootstrap04	2aec4181f1d40a8239828a1b7a00da3782114cf6efffe6c618f471687b40b7c7	2f21f8ce492f6d0d
src/tests/llvm-gep01/readat.HC	stage0	build/lexer07-corpus-4stage/s0/141_readat.o	stage0-current	ad4f5e38c4f4176d1330857e322e21b44aac8363f00f506a87247a55f515589a	./build/hcc	86b6756cdfd39cc92c9a8cd031821fdbe1d9ce42274791fd402934f903092499	caedf1618738fa68
src/tests/llvm-gep01/readat.HC	stage1	build/lexer07-corpus-4stage/s1/141_readat.o	stage1	ad4f5e38c4f4176d1330857e322e21b44aac8363f00f506a87247a55f515589a	./build/hcc-bootstrap02	9916a3786fdadcad3962f754120c396f36a0f9d44b50291f3bbeb4dd961da2c6	caedf1618738fa68
src/tests/llvm-gep01/readat.HC	stage2	build/lexer07-corpus-4stage/s2/141_readat.o	stage2	ad4f5e38c4f4176d1330857e322e21b44aac8363f00f506a87247a55f515589a	./build/hcc-bootstrap03	9c1166868fae2573328af1f5c86373577a4a4b9b7464872aa2e209e3fe3c84f4	caedf1618738fa68
src/tests/llvm-gep01/readat.HC	stage3	build/lexer07-corpus-4stage/s3/141_readat.o	stage3	ad4f5e38c4f4176d1330857e322e21b44aac8363f00f506a87247a55f515589a	./build/hcc-bootstrap04	2aec4181f1d40a8239828a1b7a00da3782114cf6efffe6c618f471687b40b7c7	caedf1618738fa68
src/tests/llvm-gep01/twodigits.HC	stage0	build/lexer07-corpus-4stage/s0/142_twodigits.o	stage0-current	9f341347cfa12f6df9592a7f77d762b4f39887da6b378bbeec8d94bc3870899e	./build/hcc	86b6756cdfd39cc92c9a8cd031821fdbe1d9ce42274791fd402934f903092499	644b1f5d40e8b9d1
src/tests/llvm-gep01/twodigits.HC	stage1	build/lexer07-corpus-4stage/s1/142_twodigits.o	stage1	9f341347cfa12f6df9592a7f77d762b4f39887da6b378bbeec8d94bc3870899e	./build/hcc-bootstrap02	9916a3786fdadcad3962f754120c396f36a0f9d44b50291f3bbeb4dd961da2c6	644b1f5d40e8b9d1
src/tests/llvm-gep01/twodigits.HC	stage2	build/lexer07-corpus-4stage/s2/142_twodigits.o	stage2	9f341347cfa12f6df9592a7f77d762b4f39887da6b378bbeec8d94bc3870899e	./build/hcc-bootstrap03	9c1166868fae2573328af1f5c86373577a4a4b9b7464872aa2e209e3fe3c84f4	644b1f5d40e8b9d1
src/tests/llvm-gep01/twodigits.HC	stage3	build/lexer07-corpus-4stage/s3/142_twodigits.o	stage3	9f341347cfa12f6df9592a7f77d762b4f39887da6b378bbeec8d94bc3870899e	./build/hcc-bootstrap04	2aec4181f1d40a8239828a1b7a00da3782114cf6efffe6c618f471687b40b7c7	644b1f5d40e8b9d1
src/tests/llvm-intops01/b0_lexer_shape_probe.HC	stage0	build/lexer07-corpus-4stage/s0/143_b0_lexer_shape_probe.o	stage0-current	27c62e9ad1a218b824a80de49ab44e6d2a1e999dd86455f2137b9e1be66ef33d	./build/hcc	86b6756cdfd39cc92c9a8cd031821fdbe1d9ce42274791fd402934f903092499	a871a7bd6f9e252e
src/tests/llvm-intops01/b0_lexer_shape_probe.HC	stage1	build/lexer07-corpus-4stage/s1/143_b0_lexer_shape_probe.o	stage1	27c62e9ad1a218b824a80de49ab44e6d2a1e999dd86455f2137b9e1be66ef33d	./build/hcc-bootstrap02	9916a3786fdadcad3962f754120c396f36a0f9d44b50291f3bbeb4dd961da2c6	a871a7bd6f9e252e
src/tests/llvm-intops01/b0_lexer_shape_probe.HC	stage2	build/lexer07-corpus-4stage/s2/143_b0_lexer_shape_probe.o	stage2	27c62e9ad1a218b824a80de49ab44e6d2a1e999dd86455f2137b9e1be66ef33d	./build/hcc-bootstrap03	9c1166868fae2573328af1f5c86373577a4a4b9b7464872aa2e209e3fe3c84f4	a871a7bd6f9e252e
src/tests/llvm-intops01/b0_lexer_shape_probe.HC	stage3	build/lexer07-corpus-4stage/s3/143_b0_lexer_shape_probe.o	stage3	27c62e9ad1a218b824a80de49ab44e6d2a1e999dd86455f2137b9e1be66ef33d	./build/hcc-bootstrap04	2aec4181f1d40a8239828a1b7a00da3782114cf6efffe6c618f471687b40b7c7	a871a7bd6f9e252e
src/tests/llvm-memory01/moved_neg_pointer.HC	stage0	build/lexer07-corpus-4stage/s0/144_moved_neg_pointer.o	stage0-current	ff0b2e964ec8092934279e11b31c558043d7ddbeaaf89d26b4a61c1c655781d1	./build/hcc	86b6756cdfd39cc92c9a8cd031821fdbe1d9ce42274791fd402934f903092499	514c1594085eed19
src/tests/llvm-memory01/moved_neg_pointer.HC	stage1	build/lexer07-corpus-4stage/s1/144_moved_neg_pointer.o	stage1	ff0b2e964ec8092934279e11b31c558043d7ddbeaaf89d26b4a61c1c655781d1	./build/hcc-bootstrap02	9916a3786fdadcad3962f754120c396f36a0f9d44b50291f3bbeb4dd961da2c6	514c1594085eed19
src/tests/llvm-memory01/moved_neg_pointer.HC	stage2	build/lexer07-corpus-4stage/s2/144_moved_neg_pointer.o	stage2	ff0b2e964ec8092934279e11b31c558043d7ddbeaaf89d26b4a61c1c655781d1	./build/hcc-bootstrap03	9c1166868fae2573328af1f5c86373577a4a4b9b7464872aa2e209e3fe3c84f4	514c1594085eed19
src/tests/llvm-memory01/moved_neg_pointer.HC	stage3	build/lexer07-corpus-4stage/s3/144_moved_neg_pointer.o	stage3	ff0b2e964ec8092934279e11b31c558043d7ddbeaaf89d26b4a61c1c655781d1	./build/hcc-bootstrap04	2aec4181f1d40a8239828a1b7a00da3782114cf6efffe6c618f471687b40b7c7	514c1594085eed19
src/tests/llvm-memory01/p4_load_add.HC	stage0	build/lexer07-corpus-4stage/s0/145_p4_load_add.o	stage0-current	a14e8e7d08c375e0c5eef0e40a259a4cbcdded80fc04811cdc45b36c4903f7db	./build/hcc	86b6756cdfd39cc92c9a8cd031821fdbe1d9ce42274791fd402934f903092499	e239e3b7745eeff1
src/tests/llvm-memory01/p4_load_add.HC	stage1	build/lexer07-corpus-4stage/s1/145_p4_load_add.o	stage1	a14e8e7d08c375e0c5eef0e40a259a4cbcdded80fc04811cdc45b36c4903f7db	./build/hcc-bootstrap02	9916a3786fdadcad3962f754120c396f36a0f9d44b50291f3bbeb4dd961da2c6	e239e3b7745eeff1
src/tests/llvm-memory01/p4_load_add.HC	stage2	build/lexer07-corpus-4stage/s2/145_p4_load_add.o	stage2	a14e8e7d08c375e0c5eef0e40a259a4cbcdded80fc04811cdc45b36c4903f7db	./build/hcc-bootstrap03	9c1166868fae2573328af1f5c86373577a4a4b9b7464872aa2e209e3fe3c84f4	e239e3b7745eeff1
src/tests/llvm-memory01/p4_load_add.HC	stage3	build/lexer07-corpus-4stage/s3/145_p4_load_add.o	stage3	a14e8e7d08c375e0c5eef0e40a259a4cbcdded80fc04811cdc45b36c4903f7db	./build/hcc-bootstrap04	2aec4181f1d40a8239828a1b7a00da3782114cf6efffe6c618f471687b40b7c7	e239e3b7745eeff1
src/tests/llvm-memory01/p5_store_inc.HC	stage0	build/lexer07-corpus-4stage/s0/146_p5_store_inc.o	stage0-current	50c84848f4d0547af0c94d88010222b516b89639fb10e06e912475f3fcb5eda6	./build/hcc	86b6756cdfd39cc92c9a8cd031821fdbe1d9ce42274791fd402934f903092499	2b55d7b252deb5a0
src/tests/llvm-memory01/p5_store_inc.HC	stage1	build/lexer07-corpus-4stage/s1/146_p5_store_inc.o	stage1	50c84848f4d0547af0c94d88010222b516b89639fb10e06e912475f3fcb5eda6	./build/hcc-bootstrap02	9916a3786fdadcad3962f754120c396f36a0f9d44b50291f3bbeb4dd961da2c6	2b55d7b252deb5a0
src/tests/llvm-memory01/p5_store_inc.HC	stage2	build/lexer07-corpus-4stage/s2/146_p5_store_inc.o	stage2	50c84848f4d0547af0c94d88010222b516b89639fb10e06e912475f3fcb5eda6	./build/hcc-bootstrap03	9c1166868fae2573328af1f5c86373577a4a4b9b7464872aa2e209e3fe3c84f4	2b55d7b252deb5a0
src/tests/llvm-memory01/p5_store_inc.HC	stage3	build/lexer07-corpus-4stage/s3/146_p5_store_inc.o	stage3	50c84848f4d0547af0c94d88010222b516b89639fb10e06e912475f3fcb5eda6	./build/hcc-bootstrap04	2aec4181f1d40a8239828a1b7a00da3782114cf6efffe6c618f471687b40b7c7	2b55d7b252deb5a0
src/tests/llvm-memory01/red_load_deref.HC	stage0	build/lexer07-corpus-4stage/s0/147_red_load_deref.o	stage0-current	89468334a830739e3f5eba5e6b73249af9932357d4b393a1a199496d1dc1b125	./build/hcc	86b6756cdfd39cc92c9a8cd031821fdbe1d9ce42274791fd402934f903092499	eb4c830abadc2243
src/tests/llvm-memory01/red_load_deref.HC	stage1	build/lexer07-corpus-4stage/s1/147_red_load_deref.o	stage1	89468334a830739e3f5eba5e6b73249af9932357d4b393a1a199496d1dc1b125	./build/hcc-bootstrap02	9916a3786fdadcad3962f754120c396f36a0f9d44b50291f3bbeb4dd961da2c6	eb4c830abadc2243
src/tests/llvm-memory01/red_load_deref.HC	stage2	build/lexer07-corpus-4stage/s2/147_red_load_deref.o	stage2	89468334a830739e3f5eba5e6b73249af9932357d4b393a1a199496d1dc1b125	./build/hcc-bootstrap03	9c1166868fae2573328af1f5c86373577a4a4b9b7464872aa2e209e3fe3c84f4	eb4c830abadc2243
src/tests/llvm-memory01/red_load_deref.HC	stage3	build/lexer07-corpus-4stage/s3/147_red_load_deref.o	stage3	89468334a830739e3f5eba5e6b73249af9932357d4b393a1a199496d1dc1b125	./build/hcc-bootstrap04	2aec4181f1d40a8239828a1b7a00da3782114cf6efffe6c618f471687b40b7c7	eb4c830abadc2243
src/tests/llvm-memory01/red_pointer_param.HC	stage0	build/lexer07-corpus-4stage/s0/148_red_pointer_param.o	stage0-current	81bd9ca3413394c19013c57fdf87b980147b274f3f671e1c76726e409f5a312c	./build/hcc	86b6756cdfd39cc92c9a8cd031821fdbe1d9ce42274791fd402934f903092499	171d06f29316de05
src/tests/llvm-memory01/red_pointer_param.HC	stage1	build/lexer07-corpus-4stage/s1/148_red_pointer_param.o	stage1	81bd9ca3413394c19013c57fdf87b980147b274f3f671e1c76726e409f5a312c	./build/hcc-bootstrap02	9916a3786fdadcad3962f754120c396f36a0f9d44b50291f3bbeb4dd961da2c6	171d06f29316de05
src/tests/llvm-memory01/red_pointer_param.HC	stage2	build/lexer07-corpus-4stage/s2/148_red_pointer_param.o	stage2	81bd9ca3413394c19013c57fdf87b980147b274f3f671e1c76726e409f5a312c	./build/hcc-bootstrap03	9c1166868fae2573328af1f5c86373577a4a4b9b7464872aa2e209e3fe3c84f4	171d06f29316de05
src/tests/llvm-memory01/red_pointer_param.HC	stage3	build/lexer07-corpus-4stage/s3/148_red_pointer_param.o	stage3	81bd9ca3413394c19013c57fdf87b980147b274f3f671e1c76726e409f5a312c	./build/hcc-bootstrap04	2aec4181f1d40a8239828a1b7a00da3782114cf6efffe6c618f471687b40b7c7	171d06f29316de05
src/tests/llvm-memory01/red_ssa_local_baseline.HC	stage0	build/lexer07-corpus-4stage/s0/149_red_ssa_local_baseline.o	stage0-current	3c441ee71bef4536644b6f60919146857855a1eaea775dd052eaa17ffe70fc37	./build/hcc	86b6756cdfd39cc92c9a8cd031821fdbe1d9ce42274791fd402934f903092499	ee51d7af1c34bd87
src/tests/llvm-memory01/red_ssa_local_baseline.HC	stage1	build/lexer07-corpus-4stage/s1/149_red_ssa_local_baseline.o	stage1	3c441ee71bef4536644b6f60919146857855a1eaea775dd052eaa17ffe70fc37	./build/hcc-bootstrap02	9916a3786fdadcad3962f754120c396f36a0f9d44b50291f3bbeb4dd961da2c6	ee51d7af1c34bd87
src/tests/llvm-memory01/red_ssa_local_baseline.HC	stage2	build/lexer07-corpus-4stage/s2/149_red_ssa_local_baseline.o	stage2	3c441ee71bef4536644b6f60919146857855a1eaea775dd052eaa17ffe70fc37	./build/hcc-bootstrap03	9c1166868fae2573328af1f5c86373577a4a4b9b7464872aa2e209e3fe3c84f4	ee51d7af1c34bd87
src/tests/llvm-memory01/red_ssa_local_baseline.HC	stage3	build/lexer07-corpus-4stage/s3/149_red_ssa_local_baseline.o	stage3	3c441ee71bef4536644b6f60919146857855a1eaea775dd052eaa17ffe70fc37	./build/hcc-bootstrap04	2aec4181f1d40a8239828a1b7a00da3782114cf6efffe6c618f471687b40b7c7	ee51d7af1c34bd87
src/tests/llvm-memory01/red_store_deref.HC	stage0	build/lexer07-corpus-4stage/s0/150_red_store_deref.o	stage0-current	6c49c43a699d87781cde3464df4076f39a77c6c3182ac6a28ee4e8be181eb7d0	./build/hcc	86b6756cdfd39cc92c9a8cd031821fdbe1d9ce42274791fd402934f903092499	a6348633a64ff3cb
src/tests/llvm-memory01/red_store_deref.HC	stage1	build/lexer07-corpus-4stage/s1/150_red_store_deref.o	stage1	6c49c43a699d87781cde3464df4076f39a77c6c3182ac6a28ee4e8be181eb7d0	./build/hcc-bootstrap02	9916a3786fdadcad3962f754120c396f36a0f9d44b50291f3bbeb4dd961da2c6	a6348633a64ff3cb
src/tests/llvm-memory01/red_store_deref.HC	stage2	build/lexer07-corpus-4stage/s2/150_red_store_deref.o	stage2	6c49c43a699d87781cde3464df4076f39a77c6c3182ac6a28ee4e8be181eb7d0	./build/hcc-bootstrap03	9c1166868fae2573328af1f5c86373577a4a4b9b7464872aa2e209e3fe3c84f4	a6348633a64ff3cb
src/tests/llvm-memory01/red_store_deref.HC	stage3	build/lexer07-corpus-4stage/s3/150_red_store_deref.o	stage3	6c49c43a699d87781cde3464df4076f39a77c6c3182ac6a28ee4e8be181eb7d0	./build/hcc-bootstrap04	2aec4181f1d40a8239828a1b7a00da3782114cf6efffe6c618f471687b40b7c7	a6348633a64ff3cb
src/tests/llvm-spike/01_const.HC	stage0	build/lexer07-corpus-4stage/s0/151_01_const.o	stage0-current	3c441ee71bef4536644b6f60919146857855a1eaea775dd052eaa17ffe70fc37	./build/hcc	86b6756cdfd39cc92c9a8cd031821fdbe1d9ce42274791fd402934f903092499	ee51d7af1c34bd87
src/tests/llvm-spike/01_const.HC	stage1	build/lexer07-corpus-4stage/s1/151_01_const.o	stage1	3c441ee71bef4536644b6f60919146857855a1eaea775dd052eaa17ffe70fc37	./build/hcc-bootstrap02	9916a3786fdadcad3962f754120c396f36a0f9d44b50291f3bbeb4dd961da2c6	ee51d7af1c34bd87
src/tests/llvm-spike/01_const.HC	stage2	build/lexer07-corpus-4stage/s2/151_01_const.o	stage2	3c441ee71bef4536644b6f60919146857855a1eaea775dd052eaa17ffe70fc37	./build/hcc-bootstrap03	9c1166868fae2573328af1f5c86373577a4a4b9b7464872aa2e209e3fe3c84f4	ee51d7af1c34bd87
src/tests/llvm-spike/01_const.HC	stage3	build/lexer07-corpus-4stage/s3/151_01_const.o	stage3	3c441ee71bef4536644b6f60919146857855a1eaea775dd052eaa17ffe70fc37	./build/hcc-bootstrap04	2aec4181f1d40a8239828a1b7a00da3782114cf6efffe6c618f471687b40b7c7	ee51d7af1c34bd87
src/tests/llvm-spike/02_add.HC	stage0	build/lexer07-corpus-4stage/s0/152_02_add.o	stage0-current	e4c691392a945e21eab57338c65943c391c453773ed92e458b7397cc02c4a81a	./build/hcc	86b6756cdfd39cc92c9a8cd031821fdbe1d9ce42274791fd402934f903092499	2174dadcd611a895
src/tests/llvm-spike/02_add.HC	stage1	build/lexer07-corpus-4stage/s1/152_02_add.o	stage1	e4c691392a945e21eab57338c65943c391c453773ed92e458b7397cc02c4a81a	./build/hcc-bootstrap02	9916a3786fdadcad3962f754120c396f36a0f9d44b50291f3bbeb4dd961da2c6	2174dadcd611a895
src/tests/llvm-spike/02_add.HC	stage2	build/lexer07-corpus-4stage/s2/152_02_add.o	stage2	e4c691392a945e21eab57338c65943c391c453773ed92e458b7397cc02c4a81a	./build/hcc-bootstrap03	9c1166868fae2573328af1f5c86373577a4a4b9b7464872aa2e209e3fe3c84f4	2174dadcd611a895
src/tests/llvm-spike/02_add.HC	stage3	build/lexer07-corpus-4stage/s3/152_02_add.o	stage3	e4c691392a945e21eab57338c65943c391c453773ed92e458b7397cc02c4a81a	./build/hcc-bootstrap04	2aec4181f1d40a8239828a1b7a00da3782114cf6efffe6c618f471687b40b7c7	2174dadcd611a895
src/tests/llvm-spike/03_sub_mul.HC	stage0	build/lexer07-corpus-4stage/s0/153_03_sub_mul.o	stage0-current	e5b4c8b61e3c28e20e47e0e2d42285582e2d2d04046c97263c2bde986879d89e	./build/hcc	86b6756cdfd39cc92c9a8cd031821fdbe1d9ce42274791fd402934f903092499	ff5836c8384a5e2e
src/tests/llvm-spike/03_sub_mul.HC	stage1	build/lexer07-corpus-4stage/s1/153_03_sub_mul.o	stage1	e5b4c8b61e3c28e20e47e0e2d42285582e2d2d04046c97263c2bde986879d89e	./build/hcc-bootstrap02	9916a3786fdadcad3962f754120c396f36a0f9d44b50291f3bbeb4dd961da2c6	ff5836c8384a5e2e
src/tests/llvm-spike/03_sub_mul.HC	stage2	build/lexer07-corpus-4stage/s2/153_03_sub_mul.o	stage2	e5b4c8b61e3c28e20e47e0e2d42285582e2d2d04046c97263c2bde986879d89e	./build/hcc-bootstrap03	9c1166868fae2573328af1f5c86373577a4a4b9b7464872aa2e209e3fe3c84f4	ff5836c8384a5e2e
src/tests/llvm-spike/03_sub_mul.HC	stage3	build/lexer07-corpus-4stage/s3/153_03_sub_mul.o	stage3	e5b4c8b61e3c28e20e47e0e2d42285582e2d2d04046c97263c2bde986879d89e	./build/hcc-bootstrap04	2aec4181f1d40a8239828a1b7a00da3782114cf6efffe6c618f471687b40b7c7	ff5836c8384a5e2e
src/tests/llvm-spike/04_cmp_branch.HC	stage0	build/lexer07-corpus-4stage/s0/154_04_cmp_branch.o	stage0-current	e56ce27c0e4302438a2ac30baad33fd6295e877dcfeeff8feffb1fff283d5dee	./build/hcc	86b6756cdfd39cc92c9a8cd031821fdbe1d9ce42274791fd402934f903092499	93b3da0f514a5326
src/tests/llvm-spike/04_cmp_branch.HC	stage1	build/lexer07-corpus-4stage/s1/154_04_cmp_branch.o	stage1	e56ce27c0e4302438a2ac30baad33fd6295e877dcfeeff8feffb1fff283d5dee	./build/hcc-bootstrap02	9916a3786fdadcad3962f754120c396f36a0f9d44b50291f3bbeb4dd961da2c6	93b3da0f514a5326
src/tests/llvm-spike/04_cmp_branch.HC	stage2	build/lexer07-corpus-4stage/s2/154_04_cmp_branch.o	stage2	e56ce27c0e4302438a2ac30baad33fd6295e877dcfeeff8feffb1fff283d5dee	./build/hcc-bootstrap03	9c1166868fae2573328af1f5c86373577a4a4b9b7464872aa2e209e3fe3c84f4	93b3da0f514a5326
src/tests/llvm-spike/04_cmp_branch.HC	stage3	build/lexer07-corpus-4stage/s3/154_04_cmp_branch.o	stage3	e56ce27c0e4302438a2ac30baad33fd6295e877dcfeeff8feffb1fff283d5dee	./build/hcc-bootstrap04	2aec4181f1d40a8239828a1b7a00da3782114cf6efffe6c618f471687b40b7c7	93b3da0f514a5326
src/tests/llvm-spike/05_call.HC	stage0	build/lexer07-corpus-4stage/s0/155_05_call.o	stage0-current	6554e0014bd7963789e8c258a7601d627a2751322d8dde74374bbfa4e5187ed1	./build/hcc	86b6756cdfd39cc92c9a8cd031821fdbe1d9ce42274791fd402934f903092499	10caa25c2e644fa7
src/tests/llvm-spike/05_call.HC	stage1	build/lexer07-corpus-4stage/s1/155_05_call.o	stage1	6554e0014bd7963789e8c258a7601d627a2751322d8dde74374bbfa4e5187ed1	./build/hcc-bootstrap02	9916a3786fdadcad3962f754120c396f36a0f9d44b50291f3bbeb4dd961da2c6	10caa25c2e644fa7
src/tests/llvm-spike/05_call.HC	stage2	build/lexer07-corpus-4stage/s2/155_05_call.o	stage2	6554e0014bd7963789e8c258a7601d627a2751322d8dde74374bbfa4e5187ed1	./build/hcc-bootstrap03	9c1166868fae2573328af1f5c86373577a4a4b9b7464872aa2e209e3fe3c84f4	10caa25c2e644fa7
src/tests/llvm-spike/05_call.HC	stage3	build/lexer07-corpus-4stage/s3/155_05_call.o	stage3	6554e0014bd7963789e8c258a7601d627a2751322d8dde74374bbfa4e5187ed1	./build/hcc-bootstrap04	2aec4181f1d40a8239828a1b7a00da3782114cf6efffe6c618f471687b40b7c7	10caa25c2e644fa7
src/tests/llvm-spike/neg_struct.HC	stage0	build/lexer07-corpus-4stage/s0/158_neg_struct.o	stage0-current	dbd9ce31e16ed5d2307938efd438da94d5521ca879b0ccb79ad0e3fb5133394f	./build/hcc	86b6756cdfd39cc92c9a8cd031821fdbe1d9ce42274791fd402934f903092499	3a04c9477dbbf25f
src/tests/llvm-spike/neg_struct.HC	stage1	build/lexer07-corpus-4stage/s1/158_neg_struct.o	stage1	dbd9ce31e16ed5d2307938efd438da94d5521ca879b0ccb79ad0e3fb5133394f	./build/hcc-bootstrap02	9916a3786fdadcad3962f754120c396f36a0f9d44b50291f3bbeb4dd961da2c6	3a04c9477dbbf25f
src/tests/llvm-spike/neg_struct.HC	stage2	build/lexer07-corpus-4stage/s2/158_neg_struct.o	stage2	dbd9ce31e16ed5d2307938efd438da94d5521ca879b0ccb79ad0e3fb5133394f	./build/hcc-bootstrap03	9c1166868fae2573328af1f5c86373577a4a4b9b7464872aa2e209e3fe3c84f4	3a04c9477dbbf25f
src/tests/llvm-spike/neg_struct.HC	stage3	build/lexer07-corpus-4stage/s3/158_neg_struct.o	stage3	dbd9ce31e16ed5d2307938efd438da94d5521ca879b0ccb79ad0e3fb5133394f	./build/hcc-bootstrap04	2aec4181f1d40a8239828a1b7a00da3782114cf6efffe6c618f471687b40b7c7	3a04c9477dbbf25f
src/tests/llvm-spike/red_conversion_trunc.HC	stage0	build/lexer07-corpus-4stage/s0/159_red_conversion_trunc.o	stage0-current	f339aab458532f95e830b95c8a4634422b838b497c505b8da80237130a4ad65d	./build/hcc	86b6756cdfd39cc92c9a8cd031821fdbe1d9ce42274791fd402934f903092499	46037184553b17f9
src/tests/llvm-spike/red_conversion_trunc.HC	stage1	build/lexer07-corpus-4stage/s1/159_red_conversion_trunc.o	stage1	f339aab458532f95e830b95c8a4634422b838b497c505b8da80237130a4ad65d	./build/hcc-bootstrap02	9916a3786fdadcad3962f754120c396f36a0f9d44b50291f3bbeb4dd961da2c6	46037184553b17f9
src/tests/llvm-spike/red_conversion_trunc.HC	stage2	build/lexer07-corpus-4stage/s2/159_red_conversion_trunc.o	stage2	f339aab458532f95e830b95c8a4634422b838b497c505b8da80237130a4ad65d	./build/hcc-bootstrap03	9c1166868fae2573328af1f5c86373577a4a4b9b7464872aa2e209e3fe3c84f4	46037184553b17f9
src/tests/llvm-spike/red_conversion_trunc.HC	stage3	build/lexer07-corpus-4stage/s3/159_red_conversion_trunc.o	stage3	f339aab458532f95e830b95c8a4634422b838b497c505b8da80237130a4ad65d	./build/hcc-bootstrap04	2aec4181f1d40a8239828a1b7a00da3782114cf6efffe6c618f471687b40b7c7	46037184553b17f9
src/tests/llvm-spike/red_conversion_trunc_i16.HC	stage0	build/lexer07-corpus-4stage/s0/160_red_conversion_trunc_i16.o	stage0-current	41dc12734921948e109b682e478425905fa0653e4365d530c3ed40e4167e9260	./build/hcc	86b6756cdfd39cc92c9a8cd031821fdbe1d9ce42274791fd402934f903092499	6fd2a5f6d3c56f3f
src/tests/llvm-spike/red_conversion_trunc_i16.HC	stage1	build/lexer07-corpus-4stage/s1/160_red_conversion_trunc_i16.o	stage1	41dc12734921948e109b682e478425905fa0653e4365d530c3ed40e4167e9260	./build/hcc-bootstrap02	9916a3786fdadcad3962f754120c396f36a0f9d44b50291f3bbeb4dd961da2c6	6fd2a5f6d3c56f3f
src/tests/llvm-spike/red_conversion_trunc_i16.HC	stage2	build/lexer07-corpus-4stage/s2/160_red_conversion_trunc_i16.o	stage2	41dc12734921948e109b682e478425905fa0653e4365d530c3ed40e4167e9260	./build/hcc-bootstrap03	9c1166868fae2573328af1f5c86373577a4a4b9b7464872aa2e209e3fe3c84f4	6fd2a5f6d3c56f3f
src/tests/llvm-spike/red_conversion_trunc_i16.HC	stage3	build/lexer07-corpus-4stage/s3/160_red_conversion_trunc_i16.o	stage3	41dc12734921948e109b682e478425905fa0653e4365d530c3ed40e4167e9260	./build/hcc-bootstrap04	2aec4181f1d40a8239828a1b7a00da3782114cf6efffe6c618f471687b40b7c7	6fd2a5f6d3c56f3f
src/tests/llvm-spike/red_idiv_unclassified.HC	stage0	build/lexer07-corpus-4stage/s0/161_red_idiv_unclassified.o	stage0-current	10f0c3c9dee2d09d84a43e9d67e84c58edd40795a3653187b7b0b515baa157c4	./build/hcc	86b6756cdfd39cc92c9a8cd031821fdbe1d9ce42274791fd402934f903092499	211d262fb08b3d1c
src/tests/llvm-spike/red_idiv_unclassified.HC	stage1	build/lexer07-corpus-4stage/s1/161_red_idiv_unclassified.o	stage1	10f0c3c9dee2d09d84a43e9d67e84c58edd40795a3653187b7b0b515baa157c4	./build/hcc-bootstrap02	9916a3786fdadcad3962f754120c396f36a0f9d44b50291f3bbeb4dd961da2c6	211d262fb08b3d1c
src/tests/llvm-spike/red_idiv_unclassified.HC	stage2	build/lexer07-corpus-4stage/s2/161_red_idiv_unclassified.o	stage2	10f0c3c9dee2d09d84a43e9d67e84c58edd40795a3653187b7b0b515baa157c4	./build/hcc-bootstrap03	9c1166868fae2573328af1f5c86373577a4a4b9b7464872aa2e209e3fe3c84f4	211d262fb08b3d1c
src/tests/llvm-spike/red_idiv_unclassified.HC	stage3	build/lexer07-corpus-4stage/s3/161_red_idiv_unclassified.o	stage3	10f0c3c9dee2d09d84a43e9d67e84c58edd40795a3653187b7b0b515baa157c4	./build/hcc-bootstrap04	2aec4181f1d40a8239828a1b7a00da3782114cf6efffe6c618f471687b40b7c7	211d262fb08b3d1c
src/tests/llvm-spike/red_local_alloca_emitted.HC	stage0	build/lexer07-corpus-4stage/s0/162_red_local_alloca_emitted.o	stage0-current	f8ddd099dcde87d01da6485060b3c743109732fc7196ca9afd8992a320a469c8	./build/hcc	86b6756cdfd39cc92c9a8cd031821fdbe1d9ce42274791fd402934f903092499	20ff7ba304a09158
src/tests/llvm-spike/red_local_alloca_emitted.HC	stage1	build/lexer07-corpus-4stage/s1/162_red_local_alloca_emitted.o	stage1	f8ddd099dcde87d01da6485060b3c743109732fc7196ca9afd8992a320a469c8	./build/hcc-bootstrap02	9916a3786fdadcad3962f754120c396f36a0f9d44b50291f3bbeb4dd961da2c6	20ff7ba304a09158
src/tests/llvm-spike/red_local_alloca_emitted.HC	stage2	build/lexer07-corpus-4stage/s2/162_red_local_alloca_emitted.o	stage2	f8ddd099dcde87d01da6485060b3c743109732fc7196ca9afd8992a320a469c8	./build/hcc-bootstrap03	9c1166868fae2573328af1f5c86373577a4a4b9b7464872aa2e209e3fe3c84f4	20ff7ba304a09158
src/tests/llvm-spike/red_local_alloca_emitted.HC	stage3	build/lexer07-corpus-4stage/s3/162_red_local_alloca_emitted.o	stage3	f8ddd099dcde87d01da6485060b3c743109732fc7196ca9afd8992a320a469c8	./build/hcc-bootstrap04	2aec4181f1d40a8239828a1b7a00da3782114cf6efffe6c618f471687b40b7c7	20ff7ba304a09158
src/tests/llvm-spike/red_local_multi_def.HC	stage0	build/lexer07-corpus-4stage/s0/163_red_local_multi_def.o	stage0-current	769200abfaa747ad7e9e4a187eb0d5c26ae526deda2e834ed4e00b35d9ceed60	./build/hcc	86b6756cdfd39cc92c9a8cd031821fdbe1d9ce42274791fd402934f903092499	90988a226ae0f337
src/tests/llvm-spike/red_local_multi_def.HC	stage1	build/lexer07-corpus-4stage/s1/163_red_local_multi_def.o	stage1	769200abfaa747ad7e9e4a187eb0d5c26ae526deda2e834ed4e00b35d9ceed60	./build/hcc-bootstrap02	9916a3786fdadcad3962f754120c396f36a0f9d44b50291f3bbeb4dd961da2c6	90988a226ae0f337
src/tests/llvm-spike/red_local_multi_def.HC	stage2	build/lexer07-corpus-4stage/s2/163_red_local_multi_def.o	stage2	769200abfaa747ad7e9e4a187eb0d5c26ae526deda2e834ed4e00b35d9ceed60	./build/hcc-bootstrap03	9c1166868fae2573328af1f5c86373577a4a4b9b7464872aa2e209e3fe3c84f4	90988a226ae0f337
src/tests/llvm-spike/red_local_multi_def.HC	stage3	build/lexer07-corpus-4stage/s3/163_red_local_multi_def.o	stage3	769200abfaa747ad7e9e4a187eb0d5c26ae526deda2e834ed4e00b35d9ceed60	./build/hcc-bootstrap04	2aec4181f1d40a8239828a1b7a00da3782114cf6efffe6c618f471687b40b7c7	90988a226ae0f337
src/tests/llvm-spike/red_pred_eq.HC	stage0	build/lexer07-corpus-4stage/s0/164_red_pred_eq.o	stage0-current	abb40eb279121821fe2b2be4e21151dabb1822b581420540105cfcf6036948f3	./build/hcc	86b6756cdfd39cc92c9a8cd031821fdbe1d9ce42274791fd402934f903092499	23885f95be69f172
src/tests/llvm-spike/red_pred_eq.HC	stage1	build/lexer07-corpus-4stage/s1/164_red_pred_eq.o	stage1	abb40eb279121821fe2b2be4e21151dabb1822b581420540105cfcf6036948f3	./build/hcc-bootstrap02	9916a3786fdadcad3962f754120c396f36a0f9d44b50291f3bbeb4dd961da2c6	23885f95be69f172
src/tests/llvm-spike/red_pred_eq.HC	stage2	build/lexer07-corpus-4stage/s2/164_red_pred_eq.o	stage2	abb40eb279121821fe2b2be4e21151dabb1822b581420540105cfcf6036948f3	./build/hcc-bootstrap03	9c1166868fae2573328af1f5c86373577a4a4b9b7464872aa2e209e3fe3c84f4	23885f95be69f172
src/tests/llvm-spike/red_pred_eq.HC	stage3	build/lexer07-corpus-4stage/s3/164_red_pred_eq.o	stage3	abb40eb279121821fe2b2be4e21151dabb1822b581420540105cfcf6036948f3	./build/hcc-bootstrap04	2aec4181f1d40a8239828a1b7a00da3782114cf6efffe6c618f471687b40b7c7	23885f95be69f172
src/tests/llvm-spike/red_pred_ne.HC	stage0	build/lexer07-corpus-4stage/s0/165_red_pred_ne.o	stage0-current	a824d78c0839a8e720789aaf2639b8a856d2c565d35cb3d3ecd623d3ab498c63	./build/hcc	86b6756cdfd39cc92c9a8cd031821fdbe1d9ce42274791fd402934f903092499	4bb68da387d5bffb
src/tests/llvm-spike/red_pred_ne.HC	stage1	build/lexer07-corpus-4stage/s1/165_red_pred_ne.o	stage1	a824d78c0839a8e720789aaf2639b8a856d2c565d35cb3d3ecd623d3ab498c63	./build/hcc-bootstrap02	9916a3786fdadcad3962f754120c396f36a0f9d44b50291f3bbeb4dd961da2c6	4bb68da387d5bffb
src/tests/llvm-spike/red_pred_ne.HC	stage2	build/lexer07-corpus-4stage/s2/165_red_pred_ne.o	stage2	a824d78c0839a8e720789aaf2639b8a856d2c565d35cb3d3ecd623d3ab498c63	./build/hcc-bootstrap03	9c1166868fae2573328af1f5c86373577a4a4b9b7464872aa2e209e3fe3c84f4	4bb68da387d5bffb
src/tests/llvm-spike/red_pred_ne.HC	stage3	build/lexer07-corpus-4stage/s3/165_red_pred_ne.o	stage3	a824d78c0839a8e720789aaf2639b8a856d2c565d35cb3d3ecd623d3ab498c63	./build/hcc-bootstrap04	2aec4181f1d40a8239828a1b7a00da3782114cf6efffe6c618f471687b40b7c7	4bb68da387d5bffb
src/tests/llvm-spike/red_pred_sge.HC	stage0	build/lexer07-corpus-4stage/s0/166_red_pred_sge.o	stage0-current	37e63c3908a333c79a240aad00f66e6367142cbd3e0f5cf52283a5b48184d9cc	./build/hcc	86b6756cdfd39cc92c9a8cd031821fdbe1d9ce42274791fd402934f903092499	29ed150e58732e08
src/tests/llvm-spike/red_pred_sge.HC	stage1	build/lexer07-corpus-4stage/s1/166_red_pred_sge.o	stage1	37e63c3908a333c79a240aad00f66e6367142cbd3e0f5cf52283a5b48184d9cc	./build/hcc-bootstrap02	9916a3786fdadcad3962f754120c396f36a0f9d44b50291f3bbeb4dd961da2c6	29ed150e58732e08
src/tests/llvm-spike/red_pred_sge.HC	stage2	build/lexer07-corpus-4stage/s2/166_red_pred_sge.o	stage2	37e63c3908a333c79a240aad00f66e6367142cbd3e0f5cf52283a5b48184d9cc	./build/hcc-bootstrap03	9c1166868fae2573328af1f5c86373577a4a4b9b7464872aa2e209e3fe3c84f4	29ed150e58732e08
src/tests/llvm-spike/red_pred_sge.HC	stage3	build/lexer07-corpus-4stage/s3/166_red_pred_sge.o	stage3	37e63c3908a333c79a240aad00f66e6367142cbd3e0f5cf52283a5b48184d9cc	./build/hcc-bootstrap04	2aec4181f1d40a8239828a1b7a00da3782114cf6efffe6c618f471687b40b7c7	29ed150e58732e08
src/tests/llvm-spike/red_pred_sgt.HC	stage0	build/lexer07-corpus-4stage/s0/167_red_pred_sgt.o	stage0-current	e56ce27c0e4302438a2ac30baad33fd6295e877dcfeeff8feffb1fff283d5dee	./build/hcc	86b6756cdfd39cc92c9a8cd031821fdbe1d9ce42274791fd402934f903092499	93b3da0f514a5326
src/tests/llvm-spike/red_pred_sgt.HC	stage1	build/lexer07-corpus-4stage/s1/167_red_pred_sgt.o	stage1	e56ce27c0e4302438a2ac30baad33fd6295e877dcfeeff8feffb1fff283d5dee	./build/hcc-bootstrap02	9916a3786fdadcad3962f754120c396f36a0f9d44b50291f3bbeb4dd961da2c6	93b3da0f514a5326
src/tests/llvm-spike/red_pred_sgt.HC	stage2	build/lexer07-corpus-4stage/s2/167_red_pred_sgt.o	stage2	e56ce27c0e4302438a2ac30baad33fd6295e877dcfeeff8feffb1fff283d5dee	./build/hcc-bootstrap03	9c1166868fae2573328af1f5c86373577a4a4b9b7464872aa2e209e3fe3c84f4	93b3da0f514a5326
src/tests/llvm-spike/red_pred_sgt.HC	stage3	build/lexer07-corpus-4stage/s3/167_red_pred_sgt.o	stage3	e56ce27c0e4302438a2ac30baad33fd6295e877dcfeeff8feffb1fff283d5dee	./build/hcc-bootstrap04	2aec4181f1d40a8239828a1b7a00da3782114cf6efffe6c618f471687b40b7c7	93b3da0f514a5326
src/tests/llvm-spike/red_pred_sle.HC	stage0	build/lexer07-corpus-4stage/s0/168_red_pred_sle.o	stage0-current	52e8df4aac83908b2a081a48b26df840033e604d489abcc9bcf8ba4425d377f5	./build/hcc	86b6756cdfd39cc92c9a8cd031821fdbe1d9ce42274791fd402934f903092499	ff3d20c36a9fb65f
src/tests/llvm-spike/red_pred_sle.HC	stage1	build/lexer07-corpus-4stage/s1/168_red_pred_sle.o	stage1	52e8df4aac83908b2a081a48b26df840033e604d489abcc9bcf8ba4425d377f5	./build/hcc-bootstrap02	9916a3786fdadcad3962f754120c396f36a0f9d44b50291f3bbeb4dd961da2c6	ff3d20c36a9fb65f
src/tests/llvm-spike/red_pred_sle.HC	stage2	build/lexer07-corpus-4stage/s2/168_red_pred_sle.o	stage2	52e8df4aac83908b2a081a48b26df840033e604d489abcc9bcf8ba4425d377f5	./build/hcc-bootstrap03	9c1166868fae2573328af1f5c86373577a4a4b9b7464872aa2e209e3fe3c84f4	ff3d20c36a9fb65f
src/tests/llvm-spike/red_pred_sle.HC	stage3	build/lexer07-corpus-4stage/s3/168_red_pred_sle.o	stage3	52e8df4aac83908b2a081a48b26df840033e604d489abcc9bcf8ba4425d377f5	./build/hcc-bootstrap04	2aec4181f1d40a8239828a1b7a00da3782114cf6efffe6c618f471687b40b7c7	ff3d20c36a9fb65f
src/tests/llvm-spike/red_pred_slt.HC	stage0	build/lexer07-corpus-4stage/s0/169_red_pred_slt.o	stage0-current	3c554942421048b474b72426ca702530781d3b81de36d16945e35fae6fb90253	./build/hcc	86b6756cdfd39cc92c9a8cd031821fdbe1d9ce42274791fd402934f903092499	40e8401dde5f4011
src/tests/llvm-spike/red_pred_slt.HC	stage1	build/lexer07-corpus-4stage/s1/169_red_pred_slt.o	stage1	3c554942421048b474b72426ca702530781d3b81de36d16945e35fae6fb90253	./build/hcc-bootstrap02	9916a3786fdadcad3962f754120c396f36a0f9d44b50291f3bbeb4dd961da2c6	40e8401dde5f4011
src/tests/llvm-spike/red_pred_slt.HC	stage2	build/lexer07-corpus-4stage/s2/169_red_pred_slt.o	stage2	3c554942421048b474b72426ca702530781d3b81de36d16945e35fae6fb90253	./build/hcc-bootstrap03	9c1166868fae2573328af1f5c86373577a4a4b9b7464872aa2e209e3fe3c84f4	40e8401dde5f4011
src/tests/llvm-spike/red_pred_slt.HC	stage3	build/lexer07-corpus-4stage/s3/169_red_pred_slt.o	stage3	3c554942421048b474b72426ca702530781d3b81de36d16945e35fae6fb90253	./build/hcc-bootstrap04	2aec4181f1d40a8239828a1b7a00da3782114cf6efffe6c618f471687b40b7c7	40e8401dde5f4011
src/tests/llvm-spike/red_remainder_mod.HC	stage0	build/lexer07-corpus-4stage/s0/170_red_remainder_mod.o	stage0-current	b348b8cb938cf8f4cb0a10451e58173c46ccdfcf85a3d8de46be6a2e784d80c1	./build/hcc	86b6756cdfd39cc92c9a8cd031821fdbe1d9ce42274791fd402934f903092499	da75b5b2656f1bfb
src/tests/llvm-spike/red_remainder_mod.HC	stage1	build/lexer07-corpus-4stage/s1/170_red_remainder_mod.o	stage1	b348b8cb938cf8f4cb0a10451e58173c46ccdfcf85a3d8de46be6a2e784d80c1	./build/hcc-bootstrap02	9916a3786fdadcad3962f754120c396f36a0f9d44b50291f3bbeb4dd961da2c6	da75b5b2656f1bfb
src/tests/llvm-spike/red_remainder_mod.HC	stage2	build/lexer07-corpus-4stage/s2/170_red_remainder_mod.o	stage2	b348b8cb938cf8f4cb0a10451e58173c46ccdfcf85a3d8de46be6a2e784d80c1	./build/hcc-bootstrap03	9c1166868fae2573328af1f5c86373577a4a4b9b7464872aa2e209e3fe3c84f4	da75b5b2656f1bfb
src/tests/llvm-spike/red_remainder_mod.HC	stage3	build/lexer07-corpus-4stage/s3/170_red_remainder_mod.o	stage3	b348b8cb938cf8f4cb0a10451e58173c46ccdfcf85a3d8de46be6a2e784d80c1	./build/hcc-bootstrap04	2aec4181f1d40a8239828a1b7a00da3782114cf6efffe6c618f471687b40b7c7	da75b5b2656f1bfb
src/tests/llvm-spike/red_shift_shl.HC	stage0	build/lexer07-corpus-4stage/s0/171_red_shift_shl.o	stage0-current	819cd12e4f3029e17e6a38cc4a7f410edaf99086927ba6592d5b89619534f384	./build/hcc	86b6756cdfd39cc92c9a8cd031821fdbe1d9ce42274791fd402934f903092499	41b6d7f0ebfaeacf
src/tests/llvm-spike/red_shift_shl.HC	stage1	build/lexer07-corpus-4stage/s1/171_red_shift_shl.o	stage1	819cd12e4f3029e17e6a38cc4a7f410edaf99086927ba6592d5b89619534f384	./build/hcc-bootstrap02	9916a3786fdadcad3962f754120c396f36a0f9d44b50291f3bbeb4dd961da2c6	41b6d7f0ebfaeacf
src/tests/llvm-spike/red_shift_shl.HC	stage2	build/lexer07-corpus-4stage/s2/171_red_shift_shl.o	stage2	819cd12e4f3029e17e6a38cc4a7f410edaf99086927ba6592d5b89619534f384	./build/hcc-bootstrap03	9c1166868fae2573328af1f5c86373577a4a4b9b7464872aa2e209e3fe3c84f4	41b6d7f0ebfaeacf
src/tests/llvm-spike/red_shift_shl.HC	stage3	build/lexer07-corpus-4stage/s3/171_red_shift_shl.o	stage3	819cd12e4f3029e17e6a38cc4a7f410edaf99086927ba6592d5b89619534f384	./build/hcc-bootstrap04	2aec4181f1d40a8239828a1b7a00da3782114cf6efffe6c618f471687b40b7c7	41b6d7f0ebfaeacf
src/tests/lsp/run_lsp_tests.HC	stage0	build/lexer07-corpus-4stage/s0/172_run_lsp_tests.o	stage0-current	2a1b1505a9c74d17b165c5a032b246fea1abdab47620b1fc3face29417147c18	./build/hcc	86b6756cdfd39cc92c9a8cd031821fdbe1d9ce42274791fd402934f903092499	8055bd665ebaa149
src/tests/lsp/run_lsp_tests.HC	stage1	build/lexer07-corpus-4stage/s1/172_run_lsp_tests.o	stage1	2a1b1505a9c74d17b165c5a032b246fea1abdab47620b1fc3face29417147c18	./build/hcc-bootstrap02	9916a3786fdadcad3962f754120c396f36a0f9d44b50291f3bbeb4dd961da2c6	8055bd665ebaa149
src/tests/lsp/run_lsp_tests.HC	stage2	build/lexer07-corpus-4stage/s2/172_run_lsp_tests.o	stage2	2a1b1505a9c74d17b165c5a032b246fea1abdab47620b1fc3face29417147c18	./build/hcc-bootstrap03	9c1166868fae2573328af1f5c86373577a4a4b9b7464872aa2e209e3fe3c84f4	8055bd665ebaa149
src/tests/lsp/run_lsp_tests.HC	stage3	build/lexer07-corpus-4stage/s3/172_run_lsp_tests.o	stage3	2a1b1505a9c74d17b165c5a032b246fea1abdab47620b1fc3face29417147c18	./build/hcc-bootstrap04	2aec4181f1d40a8239828a1b7a00da3782114cf6efffe6c618f471687b40b7c7	8055bd665ebaa149
src/tests/native-x86-float-cmp-parity01/finite_baseline.HC	stage0	build/lexer07-corpus-4stage/s0/173_finite_baseline.o	stage0-current	8fdaef431dae4227f5fb3564d2de0ec50aaf533acd9d0740a0d487f4d4ef419e	./build/hcc	86b6756cdfd39cc92c9a8cd031821fdbe1d9ce42274791fd402934f903092499	550310a0f1dcaad6
src/tests/native-x86-float-cmp-parity01/finite_baseline.HC	stage1	build/lexer07-corpus-4stage/s1/173_finite_baseline.o	stage1	8fdaef431dae4227f5fb3564d2de0ec50aaf533acd9d0740a0d487f4d4ef419e	./build/hcc-bootstrap02	9916a3786fdadcad3962f754120c396f36a0f9d44b50291f3bbeb4dd961da2c6	550310a0f1dcaad6
src/tests/native-x86-float-cmp-parity01/finite_baseline.HC	stage2	build/lexer07-corpus-4stage/s2/173_finite_baseline.o	stage2	8fdaef431dae4227f5fb3564d2de0ec50aaf533acd9d0740a0d487f4d4ef419e	./build/hcc-bootstrap03	9c1166868fae2573328af1f5c86373577a4a4b9b7464872aa2e209e3fe3c84f4	550310a0f1dcaad6
src/tests/native-x86-float-cmp-parity01/finite_baseline.HC	stage3	build/lexer07-corpus-4stage/s3/173_finite_baseline.o	stage3	8fdaef431dae4227f5fb3564d2de0ec50aaf533acd9d0740a0d487f4d4ef419e	./build/hcc-bootstrap04	2aec4181f1d40a8239828a1b7a00da3782114cf6efffe6c618f471687b40b7c7	550310a0f1dcaad6
src/tests/native-x86-float-cmp-parity01/ir_fcmp_witness.HC	stage0	build/lexer07-corpus-4stage/s0/174_ir_fcmp_witness.o	stage0-current	72fe3eb671f9ceacf4fd38cb2d24ef31b84e63ab626d1755c81c67c9766f5b51	./build/hcc	86b6756cdfd39cc92c9a8cd031821fdbe1d9ce42274791fd402934f903092499	aa07b60351ffb55c
src/tests/native-x86-float-cmp-parity01/ir_fcmp_witness.HC	stage1	build/lexer07-corpus-4stage/s1/174_ir_fcmp_witness.o	stage1	72fe3eb671f9ceacf4fd38cb2d24ef31b84e63ab626d1755c81c67c9766f5b51	./build/hcc-bootstrap02	9916a3786fdadcad3962f754120c396f36a0f9d44b50291f3bbeb4dd961da2c6	aa07b60351ffb55c
src/tests/native-x86-float-cmp-parity01/ir_fcmp_witness.HC	stage2	build/lexer07-corpus-4stage/s2/174_ir_fcmp_witness.o	stage2	72fe3eb671f9ceacf4fd38cb2d24ef31b84e63ab626d1755c81c67c9766f5b51	./build/hcc-bootstrap03	9c1166868fae2573328af1f5c86373577a4a4b9b7464872aa2e209e3fe3c84f4	aa07b60351ffb55c
src/tests/native-x86-float-cmp-parity01/ir_fcmp_witness.HC	stage3	build/lexer07-corpus-4stage/s3/174_ir_fcmp_witness.o	stage3	72fe3eb671f9ceacf4fd38cb2d24ef31b84e63ab626d1755c81c67c9766f5b51	./build/hcc-bootstrap04	2aec4181f1d40a8239828a1b7a00da3782114cf6efffe6c618f471687b40b7c7	aa07b60351ffb55c
src/tests/native-x86-float-cmp-parity01/red_nan.HC	stage0	build/lexer07-corpus-4stage/s0/175_red_nan.o	stage0-current	ffb770e69e3c090402d1ce90d7b5f11e389d70bc4c978844f578caf4dd7e8343	./build/hcc	86b6756cdfd39cc92c9a8cd031821fdbe1d9ce42274791fd402934f903092499	9e3fd87fdaf26f65
src/tests/native-x86-float-cmp-parity01/red_nan.HC	stage1	build/lexer07-corpus-4stage/s1/175_red_nan.o	stage1	ffb770e69e3c090402d1ce90d7b5f11e389d70bc4c978844f578caf4dd7e8343	./build/hcc-bootstrap02	9916a3786fdadcad3962f754120c396f36a0f9d44b50291f3bbeb4dd961da2c6	9e3fd87fdaf26f65
src/tests/native-x86-float-cmp-parity01/red_nan.HC	stage2	build/lexer07-corpus-4stage/s2/175_red_nan.o	stage2	ffb770e69e3c090402d1ce90d7b5f11e389d70bc4c978844f578caf4dd7e8343	./build/hcc-bootstrap03	9c1166868fae2573328af1f5c86373577a4a4b9b7464872aa2e209e3fe3c84f4	9e3fd87fdaf26f65
src/tests/native-x86-float-cmp-parity01/red_nan.HC	stage3	build/lexer07-corpus-4stage/s3/175_red_nan.o	stage3	ffb770e69e3c090402d1ce90d7b5f11e389d70bc4c978844f578caf4dd7e8343	./build/hcc-bootstrap04	2aec4181f1d40a8239828a1b7a00da3782114cf6efffe6c618f471687b40b7c7	9e3fd87fdaf26f65
src/tests/native-x86-float-cmp-parity01/special_values.HC	stage0	build/lexer07-corpus-4stage/s0/176_special_values.o	stage0-current	b139805e903e385c66a5656cd906e6816ff8f156b5c2edc7269ee76784f7b205	./build/hcc	86b6756cdfd39cc92c9a8cd031821fdbe1d9ce42274791fd402934f903092499	1c05de9e05b05bca
src/tests/native-x86-float-cmp-parity01/special_values.HC	stage1	build/lexer07-corpus-4stage/s1/176_special_values.o	stage1	b139805e903e385c66a5656cd906e6816ff8f156b5c2edc7269ee76784f7b205	./build/hcc-bootstrap02	9916a3786fdadcad3962f754120c396f36a0f9d44b50291f3bbeb4dd961da2c6	1c05de9e05b05bca
src/tests/native-x86-float-cmp-parity01/special_values.HC	stage2	build/lexer07-corpus-4stage/s2/176_special_values.o	stage2	b139805e903e385c66a5656cd906e6816ff8f156b5c2edc7269ee76784f7b205	./build/hcc-bootstrap03	9c1166868fae2573328af1f5c86373577a4a4b9b7464872aa2e209e3fe3c84f4	1c05de9e05b05bca
src/tests/native-x86-float-cmp-parity01/special_values.HC	stage3	build/lexer07-corpus-4stage/s3/176_special_values.o	stage3	b139805e903e385c66a5656cd906e6816ff8f156b5c2edc7269ee76784f7b205	./build/hcc-bootstrap04	2aec4181f1d40a8239828a1b7a00da3782114cf6efffe6c618f471687b40b7c7	1c05de9e05b05bca
src/tests/repro_171_default_function_pointers.HC	stage0	build/lexer07-corpus-4stage/s0/177_repro_171_default_function_pointers.o	stage0-current	9b16605d45ff5910e4ac5abf386df2f2646f5b3e4310737a647bd8a3d6b86c36	./build/hcc	86b6756cdfd39cc92c9a8cd031821fdbe1d9ce42274791fd402934f903092499	e582a8bdc7e5695d
src/tests/repro_171_default_function_pointers.HC	stage1	build/lexer07-corpus-4stage/s1/177_repro_171_default_function_pointers.o	stage1	9b16605d45ff5910e4ac5abf386df2f2646f5b3e4310737a647bd8a3d6b86c36	./build/hcc-bootstrap02	9916a3786fdadcad3962f754120c396f36a0f9d44b50291f3bbeb4dd961da2c6	e582a8bdc7e5695d
src/tests/repro_171_default_function_pointers.HC	stage2	build/lexer07-corpus-4stage/s2/177_repro_171_default_function_pointers.o	stage2	9b16605d45ff5910e4ac5abf386df2f2646f5b3e4310737a647bd8a3d6b86c36	./build/hcc-bootstrap03	9c1166868fae2573328af1f5c86373577a4a4b9b7464872aa2e209e3fe3c84f4	e582a8bdc7e5695d
src/tests/repro_171_default_function_pointers.HC	stage3	build/lexer07-corpus-4stage/s3/177_repro_171_default_function_pointers.o	stage3	9b16605d45ff5910e4ac5abf386df2f2646f5b3e4310737a647bd8a3d6b86c36	./build/hcc-bootstrap04	2aec4181f1d40a8239828a1b7a00da3782114cf6efffe6c618f471687b40b7c7	e582a8bdc7e5695d
src/tests/run.HC	stage0	build/lexer07-corpus-4stage/s0/178_run.o	stage0-current	85978ce71e30cfff3558621f8b6b8ec9e80648623ac1450108b7e0f2cce3712b	./build/hcc	86b6756cdfd39cc92c9a8cd031821fdbe1d9ce42274791fd402934f903092499	ada93783e8063803
src/tests/run.HC	stage1	build/lexer07-corpus-4stage/s1/178_run.o	stage1	85978ce71e30cfff3558621f8b6b8ec9e80648623ac1450108b7e0f2cce3712b	./build/hcc-bootstrap02	9916a3786fdadcad3962f754120c396f36a0f9d44b50291f3bbeb4dd961da2c6	ada93783e8063803
src/tests/run.HC	stage2	build/lexer07-corpus-4stage/s2/178_run.o	stage2	85978ce71e30cfff3558621f8b6b8ec9e80648623ac1450108b7e0f2cce3712b	./build/hcc-bootstrap03	9c1166868fae2573328af1f5c86373577a4a4b9b7464872aa2e209e3fe3c84f4	ada93783e8063803
src/tests/run.HC	stage3	build/lexer07-corpus-4stage/s3/178_run.o	stage3	85978ce71e30cfff3558621f8b6b8ec9e80648623ac1450108b7e0f2cce3712b	./build/hcc-bootstrap04	2aec4181f1d40a8239828a1b7a00da3782114cf6efffe6c618f471687b40b7c7	ada93783e8063803
src/tests/run_jit.HC	stage0	build/lexer07-corpus-4stage/s0/179_run_jit.o	stage0-current	a7acda53d466083f4f978bc2ee91ce217ae05f8b1a18eabd29494a0fc7de113d	./build/hcc	86b6756cdfd39cc92c9a8cd031821fdbe1d9ce42274791fd402934f903092499	a6154c135d0ff238
src/tests/run_jit.HC	stage1	build/lexer07-corpus-4stage/s1/179_run_jit.o	stage1	a7acda53d466083f4f978bc2ee91ce217ae05f8b1a18eabd29494a0fc7de113d	./build/hcc-bootstrap02	9916a3786fdadcad3962f754120c396f36a0f9d44b50291f3bbeb4dd961da2c6	a6154c135d0ff238
src/tests/run_jit.HC	stage2	build/lexer07-corpus-4stage/s2/179_run_jit.o	stage2	a7acda53d466083f4f978bc2ee91ce217ae05f8b1a18eabd29494a0fc7de113d	./build/hcc-bootstrap03	9c1166868fae2573328af1f5c86373577a4a4b9b7464872aa2e209e3fe3c84f4	a6154c135d0ff238
src/tests/run_jit.HC	stage3	build/lexer07-corpus-4stage/s3/179_run_jit.o	stage3	a7acda53d466083f4f978bc2ee91ce217ae05f8b1a18eabd29494a0fc7de113d	./build/hcc-bootstrap04	2aec4181f1d40a8239828a1b7a00da3782114cf6efffe6c618f471687b40b7c7	a6154c135d0ff238
src/tests/run_shared.HC	stage0	build/lexer07-corpus-4stage/s0/180_run_shared.o	stage0-current	c279fc1da31ada02d292566cd489809297b045b2531e823f0c3aee2bef39901e	./build/hcc	86b6756cdfd39cc92c9a8cd031821fdbe1d9ce42274791fd402934f903092499	42e8ae84841b6588
src/tests/run_shared.HC	stage1	build/lexer07-corpus-4stage/s1/180_run_shared.o	stage1	c279fc1da31ada02d292566cd489809297b045b2531e823f0c3aee2bef39901e	./build/hcc-bootstrap02	9916a3786fdadcad3962f754120c396f36a0f9d44b50291f3bbeb4dd961da2c6	42e8ae84841b6588
src/tests/run_shared.HC	stage2	build/lexer07-corpus-4stage/s2/180_run_shared.o	stage2	c279fc1da31ada02d292566cd489809297b045b2531e823f0c3aee2bef39901e	./build/hcc-bootstrap03	9c1166868fae2573328af1f5c86373577a4a4b9b7464872aa2e209e3fe3c84f4	42e8ae84841b6588
src/tests/run_shared.HC	stage3	build/lexer07-corpus-4stage/s3/180_run_shared.o	stage3	c279fc1da31ada02d292566cd489809297b045b2531e823f0c3aee2bef39901e	./build/hcc-bootstrap04	2aec4181f1d40a8239828a1b7a00da3782114cf6efffe6c618f471687b40b7c7	42e8ae84841b6588
src/tests/testhelper.HC	stage0	build/lexer07-corpus-4stage/s0/181_testhelper.o	stage0-current	5c6694c03de9d3a00bac7159e692c3067330f3209beb10a750b376977e14ec48	./build/hcc	86b6756cdfd39cc92c9a8cd031821fdbe1d9ce42274791fd402934f903092499	9138cc6d76899106
src/tests/testhelper.HC	stage1	build/lexer07-corpus-4stage/s1/181_testhelper.o	stage1	5c6694c03de9d3a00bac7159e692c3067330f3209beb10a750b376977e14ec48	./build/hcc-bootstrap02	9916a3786fdadcad3962f754120c396f36a0f9d44b50291f3bbeb4dd961da2c6	9138cc6d76899106
src/tests/testhelper.HC	stage2	build/lexer07-corpus-4stage/s2/181_testhelper.o	stage2	5c6694c03de9d3a00bac7159e692c3067330f3209beb10a750b376977e14ec48	./build/hcc-bootstrap03	9c1166868fae2573328af1f5c86373577a4a4b9b7464872aa2e209e3fe3c84f4	9138cc6d76899106
src/tests/testhelper.HC	stage3	build/lexer07-corpus-4stage/s3/181_testhelper.o	stage3	5c6694c03de9d3a00bac7159e692c3067330f3209beb10a750b376977e14ec48	./build/hcc-bootstrap04	2aec4181f1d40a8239828a1b7a00da3782114cf6efffe6c618f471687b40b7c7	9138cc6d76899106
