object_path	compiler_identity	compiler_binary_sha256	source	mtime_irrelevant	expected_sha256
# Compiled at 2026-09-14T08:53:51Z
# Compiler binaries:
#   build/hcc sha256=9ebeebd6784300e84e7cc64345c8fd8d42740092d9ffce13e4de201f8b92c474 (stage0)
#   build/hcc-bootstrap02 sha256=9916a3786fdadcad3962f754120c396f36a0f9d44b50291f3bbeb4dd961da2c6 (stage1)
#   build/hcc-bootstrap03 sha256=9c1166868fae2573328af1f5c86373577a4a4b9b7464872aa2e209e3fe3c84f4 (stage2)
#   build/hcc-bootstrap04 sha256=2aec4181f1d40a8239828a1b7a00da3782114cf6efffe6c618f471687b40b7c7 (stage3)
build/lexer07-corpus-4stage/s1/1_src_holyc-lib_all.o	stage1	9916a3786fdadcad3962f754120c396f36a0f9d44b50291f3bbeb4dd961da2c6	src/holyc-lib/all.HC	N/A	2dda65210bd70f48c9087bf171811e54018a131edf738a072432a4ac35993d63
build/lexer07-corpus-4stage/s2/1_src_holyc-lib_all.o	stage2	9c1166868fae2573328af1f5c86373577a4a4b9b7464872aa2e209e3fe3c84f4	src/holyc-lib/all.HC	N/A	2dda65210bd70f48c9087bf171811e54018a131edf738a072432a4ac35993d63
build/lexer07-corpus-4stage/s3/1_src_holyc-lib_all.o	stage3	2aec4181f1d40a8239828a1b7a00da3782114cf6efffe6c618f471687b40b7c7	src/holyc-lib/all.HC	N/A	2dda65210bd70f48c9087bf171811e54018a131edf738a072432a4ac35993d63
build/b02-corpus-A/0_all.o	stage0-historical	9ebeebd6784300e84e7cc64345c8fd8d42740092d9ffce13e4de201f8b92c474	src/holyc-lib/all.HC	N/A	2dda65210bd70f48c9087bf171811e54018a131edf738a072432a4ac35993d63
build/lexer07-corpus-4stage/s1/5_src_holyc-lib_csv.o	stage1	9916a3786fdadcad3962f754120c396f36a0f9d44b50291f3bbeb4dd961da2c6	src/holyc-lib/csv.HC	N/A	f7523fab5c25020bf9db6dcdaa19c984cff9b6efe51943047b001df625c5c414
build/lexer07-corpus-4stage/s2/5_src_holyc-lib_csv.o	stage2	9c1166868fae2573328af1f5c86373577a4a4b9b7464872aa2e209e3fe3c84f4	src/holyc-lib/csv.HC	N/A	f7523fab5c25020bf9db6dcdaa19c984cff9b6efe51943047b001df625c5c414
build/lexer07-corpus-4stage/s3/5_src_holyc-lib_csv.o	stage3	2aec4181f1d40a8239828a1b7a00da3782114cf6efffe6c618f471687b40b7c7	src/holyc-lib/csv.HC	N/A	f7523fab5c25020bf9db6dcdaa19c984cff9b6efe51943047b001df625c5c414
build/lexer07-corpus-4stage/s0/5_src_holyc-lib_csv.o	stage0	9ebeebd6784300e84e7cc64345c8fd8d42740092d9ffce13e4de201f8b92c474	src/holyc-lib/csv.HC	N/A	f7523fab5c25020bf9db6dcdaa19c984cff9b6efe51943047b001df625c5c414
build/lexer07-corpus-4stage/s1/6_src_holyc-lib_date.o	stage1	9916a3786fdadcad3962f754120c396f36a0f9d44b50291f3bbeb4dd961da2c6	src/holyc-lib/date.HC	N/A	84cfbd4684c175ca4e3888501f1a7019a4acba02de384ac99c204732b2e766f2
build/lexer07-corpus-4stage/s2/6_src_holyc-lib_date.o	stage2	9c1166868fae2573328af1f5c86373577a4a4b9b7464872aa2e209e3fe3c84f4	src/holyc-lib/date.HC	N/A	84cfbd4684c175ca4e3888501f1a7019a4acba02de384ac99c204732b2e766f2
build/lexer07-corpus-4stage/s3/6_src_holyc-lib_date.o	stage3	2aec4181f1d40a8239828a1b7a00da3782114cf6efffe6c618f471687b40b7c7	src/holyc-lib/date.HC	N/A	84cfbd4684c175ca4e3888501f1a7019a4acba02de384ac99c204732b2e766f2
build/b02-corpus-A/5_date.o	stage0-historical	9ebeebd6784300e84e7cc64345c8fd8d42740092d9ffce13e4de201f8b92c474	src/holyc-lib/date.HC	N/A	84cfbd4684c175ca4e3888501f1a7019a4acba02de384ac99c204732b2e766f2
build/lexer07-corpus-4stage/s1/7_src_holyc-lib_dir.o	stage1	9916a3786fdadcad3962f754120c396f36a0f9d44b50291f3bbeb4dd961da2c6	src/holyc-lib/dir.HC	N/A	ff793de5949f0315390d6fb401311263c851d9c5df9f99e29788a9ed815634da
build/lexer07-corpus-4stage/s2/7_src_holyc-lib_dir.o	stage2	9c1166868fae2573328af1f5c86373577a4a4b9b7464872aa2e209e3fe3c84f4	src/holyc-lib/dir.HC	N/A	ff793de5949f0315390d6fb401311263c851d9c5df9f99e29788a9ed815634da
build/lexer07-corpus-4stage/s3/7_src_holyc-lib_dir.o	stage3	2aec4181f1d40a8239828a1b7a00da3782114cf6efffe6c618f471687b40b7c7	src/holyc-lib/dir.HC	N/A	ff793de5949f0315390d6fb401311263c851d9c5df9f99e29788a9ed815634da
build/lexer07-corpus-4stage/s0/7_src_holyc-lib_dir.o	stage0	9ebeebd6784300e84e7cc64345c8fd8d42740092d9ffce13e4de201f8b92c474	src/holyc-lib/dir.HC	N/A	ff793de5949f0315390d6fb401311263c851d9c5df9f99e29788a9ed815634da
build/lexer07-corpus-4stage/s1/8_src_holyc-lib_except.o	stage1	9916a3786fdadcad3962f754120c396f36a0f9d44b50291f3bbeb4dd961da2c6	src/holyc-lib/except.HC	N/A	94a8039f2dd559bba73abf684da244b63bb8e10457a58deb98a279035876f5bb
build/lexer07-corpus-4stage/s2/8_src_holyc-lib_except.o	stage2	9c1166868fae2573328af1f5c86373577a4a4b9b7464872aa2e209e3fe3c84f4	src/holyc-lib/except.HC	N/A	94a8039f2dd559bba73abf684da244b63bb8e10457a58deb98a279035876f5bb
build/lexer07-corpus-4stage/s3/8_src_holyc-lib_except.o	stage3	2aec4181f1d40a8239828a1b7a00da3782114cf6efffe6c618f471687b40b7c7	src/holyc-lib/except.HC	N/A	94a8039f2dd559bba73abf684da244b63bb8e10457a58deb98a279035876f5bb
build/lexer07-corpus-4stage/s0/8_src_holyc-lib_except.o	stage0	9ebeebd6784300e84e7cc64345c8fd8d42740092d9ffce13e4de201f8b92c474	src/holyc-lib/except.HC	N/A	94a8039f2dd559bba73abf684da244b63bb8e10457a58deb98a279035876f5bb
build/lexer07-corpus-4stage/s1/9_src_holyc-lib_fzf.o	stage1	9916a3786fdadcad3962f754120c396f36a0f9d44b50291f3bbeb4dd961da2c6	src/holyc-lib/fzf.HC	N/A	021d2d8152df9cba35ec5cf1064ed71e8a2f7ce20bcb3fa3ca893c5d3db42bb0
build/lexer07-corpus-4stage/s2/9_src_holyc-lib_fzf.o	stage2	9c1166868fae2573328af1f5c86373577a4a4b9b7464872aa2e209e3fe3c84f4	src/holyc-lib/fzf.HC	N/A	021d2d8152df9cba35ec5cf1064ed71e8a2f7ce20bcb3fa3ca893c5d3db42bb0
build/lexer07-corpus-4stage/s3/9_src_holyc-lib_fzf.o	stage3	2aec4181f1d40a8239828a1b7a00da3782114cf6efffe6c618f471687b40b7c7	src/holyc-lib/fzf.HC	N/A	021d2d8152df9cba35ec5cf1064ed71e8a2f7ce20bcb3fa3ca893c5d3db42bb0
build/lexer07-corpus-4stage/s0/9_src_holyc-lib_fzf.o	stage0	9ebeebd6784300e84e7cc64345c8fd8d42740092d9ffce13e4de201f8b92c474	src/holyc-lib/fzf.HC	N/A	021d2d8152df9cba35ec5cf1064ed71e8a2f7ce20bcb3fa3ca893c5d3db42bb0
build/lexer07-corpus-4stage/s1/10_src_holyc-lib_hashtable.o	stage1	9916a3786fdadcad3962f754120c396f36a0f9d44b50291f3bbeb4dd961da2c6	src/holyc-lib/hashtable.HC	N/A	1e7c210aca666796b20ac564494ecc43b11101564964746dd5fb3d093a7f55cb
build/lexer07-corpus-4stage/s2/10_src_holyc-lib_hashtable.o	stage2	9c1166868fae2573328af1f5c86373577a4a4b9b7464872aa2e209e3fe3c84f4	src/holyc-lib/hashtable.HC	N/A	1e7c210aca666796b20ac564494ecc43b11101564964746dd5fb3d093a7f55cb
build/lexer07-corpus-4stage/s3/10_src_holyc-lib_hashtable.o	stage3	2aec4181f1d40a8239828a1b7a00da3782114cf6efffe6c618f471687b40b7c7	src/holyc-lib/hashtable.HC	N/A	1e7c210aca666796b20ac564494ecc43b11101564964746dd5fb3d093a7f55cb
build/b02-corpus-A/9_hashtable.o	stage0-historical	9ebeebd6784300e84e7cc64345c8fd8d42740092d9ffce13e4de201f8b92c474	src/holyc-lib/hashtable.HC	N/A	1e7c210aca666796b20ac564494ecc43b11101564964746dd5fb3d093a7f55cb
build/lexer07-corpus-4stage/s1/11_src_holyc-lib_io.o	stage1	9916a3786fdadcad3962f754120c396f36a0f9d44b50291f3bbeb4dd961da2c6	src/holyc-lib/io.HC	N/A	acf6f2cc28a7397bd50ba763a21aeff1fcd8350af479ee04a8cd127fbd4cd336
build/lexer07-corpus-4stage/s2/11_src_holyc-lib_io.o	stage2	9c1166868fae2573328af1f5c86373577a4a4b9b7464872aa2e209e3fe3c84f4	src/holyc-lib/io.HC	N/A	acf6f2cc28a7397bd50ba763a21aeff1fcd8350af479ee04a8cd127fbd4cd336
build/lexer07-corpus-4stage/s3/11_src_holyc-lib_io.o	stage3	2aec4181f1d40a8239828a1b7a00da3782114cf6efffe6c618f471687b40b7c7	src/holyc-lib/io.HC	N/A	acf6f2cc28a7397bd50ba763a21aeff1fcd8350af479ee04a8cd127fbd4cd336
build/b02-corpus-A/10_io.o	stage0-historical	9ebeebd6784300e84e7cc64345c8fd8d42740092d9ffce13e4de201f8b92c474	src/holyc-lib/io.HC	N/A	acf6f2cc28a7397bd50ba763a21aeff1fcd8350af479ee04a8cd127fbd4cd336
build/lexer07-corpus-4stage/s1/12_src_holyc-lib_json.o	stage1	9916a3786fdadcad3962f754120c396f36a0f9d44b50291f3bbeb4dd961da2c6	src/holyc-lib/json.HC	N/A	076c9c35177209c85ef9f9ed71eb5d7e6025502f2a21ea31ea5686dacff700b0
build/lexer07-corpus-4stage/s2/12_src_holyc-lib_json.o	stage2	9c1166868fae2573328af1f5c86373577a4a4b9b7464872aa2e209e3fe3c84f4	src/holyc-lib/json.HC	N/A	076c9c35177209c85ef9f9ed71eb5d7e6025502f2a21ea31ea5686dacff700b0
build/lexer07-corpus-4stage/s3/12_src_holyc-lib_json.o	stage3	2aec4181f1d40a8239828a1b7a00da3782114cf6efffe6c618f471687b40b7c7	src/holyc-lib/json.HC	N/A	076c9c35177209c85ef9f9ed71eb5d7e6025502f2a21ea31ea5686dacff700b0
build/lexer07-corpus-4stage/s0/12_src_holyc-lib_json.o	stage0	9ebeebd6784300e84e7cc64345c8fd8d42740092d9ffce13e4de201f8b92c474	src/holyc-lib/json.HC	N/A	076c9c35177209c85ef9f9ed71eb5d7e6025502f2a21ea31ea5686dacff700b0
build/lexer07-corpus-4stage/s1/13_src_holyc-lib_list.o	stage1	9916a3786fdadcad3962f754120c396f36a0f9d44b50291f3bbeb4dd961da2c6	src/holyc-lib/list.HC	N/A	d1a05d7932fe99f4e7718f781416f600416e484a05e6600cb3be4d15dde94138
build/lexer07-corpus-4stage/s2/13_src_holyc-lib_list.o	stage2	9c1166868fae2573328af1f5c86373577a4a4b9b7464872aa2e209e3fe3c84f4	src/holyc-lib/list.HC	N/A	d1a05d7932fe99f4e7718f781416f600416e484a05e6600cb3be4d15dde94138
build/lexer07-corpus-4stage/s3/13_src_holyc-lib_list.o	stage3	2aec4181f1d40a8239828a1b7a00da3782114cf6efffe6c618f471687b40b7c7	src/holyc-lib/list.HC	N/A	d1a05d7932fe99f4e7718f781416f600416e484a05e6600cb3be4d15dde94138
build/b02-corpus-A/12_list.o	stage0-historical	9ebeebd6784300e84e7cc64345c8fd8d42740092d9ffce13e4de201f8b92c474	src/holyc-lib/list.HC	N/A	d1a05d7932fe99f4e7718f781416f600416e484a05e6600cb3be4d15dde94138
build/lexer07-corpus-4stage/s1/14_src_holyc-lib_math.o	stage1	9916a3786fdadcad3962f754120c396f36a0f9d44b50291f3bbeb4dd961da2c6	src/holyc-lib/math.HC	N/A	c39173f01b554d29721ca79308e751ed63f5c7be062edfd0f7a20e2b1dc0b796
build/lexer07-corpus-4stage/s2/14_src_holyc-lib_math.o	stage2	9c1166868fae2573328af1f5c86373577a4a4b9b7464872aa2e209e3fe3c84f4	src/holyc-lib/math.HC	N/A	c39173f01b554d29721ca79308e751ed63f5c7be062edfd0f7a20e2b1dc0b796
build/lexer07-corpus-4stage/s3/14_src_holyc-lib_math.o	stage3	2aec4181f1d40a8239828a1b7a00da3782114cf6efffe6c618f471687b40b7c7	src/holyc-lib/math.HC	N/A	c39173f01b554d29721ca79308e751ed63f5c7be062edfd0f7a20e2b1dc0b796
build/lexer07-corpus-4stage/s0/14_src_holyc-lib_math.o	stage0	9ebeebd6784300e84e7cc64345c8fd8d42740092d9ffce13e4de201f8b92c474	src/holyc-lib/math.HC	N/A	c39173f01b554d29721ca79308e751ed63f5c7be062edfd0f7a20e2b1dc0b796
build/lexer07-corpus-4stage/s1/15_src_holyc-lib_memory.o	stage1	9916a3786fdadcad3962f754120c396f36a0f9d44b50291f3bbeb4dd961da2c6	src/holyc-lib/memory.HC	N/A	39249c78f3bdb4e84397c3b75c5b8f90c996e2bbd1df78031cd0b529c93c1321
build/lexer07-corpus-4stage/s2/15_src_holyc-lib_memory.o	stage2	9c1166868fae2573328af1f5c86373577a4a4b9b7464872aa2e209e3fe3c84f4	src/holyc-lib/memory.HC	N/A	39249c78f3bdb4e84397c3b75c5b8f90c996e2bbd1df78031cd0b529c93c1321
build/lexer07-corpus-4stage/s3/15_src_holyc-lib_memory.o	stage3	2aec4181f1d40a8239828a1b7a00da3782114cf6efffe6c618f471687b40b7c7	src/holyc-lib/memory.HC	N/A	39249c78f3bdb4e84397c3b75c5b8f90c996e2bbd1df78031cd0b529c93c1321
build/b02-corpus-A/14_memory.o	stage0-historical	9ebeebd6784300e84e7cc64345c8fd8d42740092d9ffce13e4de201f8b92c474	src/holyc-lib/memory.HC	N/A	39249c78f3bdb4e84397c3b75c5b8f90c996e2bbd1df78031cd0b529c93c1321
build/lexer07-corpus-4stage/s1/16_src_holyc-lib_net.o	stage1	9916a3786fdadcad3962f754120c396f36a0f9d44b50291f3bbeb4dd961da2c6	src/holyc-lib/net.HC	N/A	ccbb4e22df1235fa454017c4b0c7be45ee0a6f5b9d885195c234b5ad141bbbae
build/lexer07-corpus-4stage/s2/16_src_holyc-lib_net.o	stage2	9c1166868fae2573328af1f5c86373577a4a4b9b7464872aa2e209e3fe3c84f4	src/holyc-lib/net.HC	N/A	ccbb4e22df1235fa454017c4b0c7be45ee0a6f5b9d885195c234b5ad141bbbae
build/lexer07-corpus-4stage/s3/16_src_holyc-lib_net.o	stage3	2aec4181f1d40a8239828a1b7a00da3782114cf6efffe6c618f471687b40b7c7	src/holyc-lib/net.HC	N/A	ccbb4e22df1235fa454017c4b0c7be45ee0a6f5b9d885195c234b5ad141bbbae
build/lexer07-corpus-4stage/s0/16_src_holyc-lib_net.o	stage0	9ebeebd6784300e84e7cc64345c8fd8d42740092d9ffce13e4de201f8b92c474	src/holyc-lib/net.HC	N/A	ccbb4e22df1235fa454017c4b0c7be45ee0a6f5b9d885195c234b5ad141bbbae
build/lexer07-corpus-4stage/s1/17_src_holyc-lib_set.o	stage1	9916a3786fdadcad3962f754120c396f36a0f9d44b50291f3bbeb4dd961da2c6	src/holyc-lib/set.HC	N/A	bd5e837d94407aee38f496cec2a4ac6a1761ec278f034223d4cb740d7c8621a8
build/lexer07-corpus-4stage/s2/17_src_holyc-lib_set.o	stage2	9c1166868fae2573328af1f5c86373577a4a4b9b7464872aa2e209e3fe3c84f4	src/holyc-lib/set.HC	N/A	bd5e837d94407aee38f496cec2a4ac6a1761ec278f034223d4cb740d7c8621a8
build/lexer07-corpus-4stage/s3/17_src_holyc-lib_set.o	stage3	2aec4181f1d40a8239828a1b7a00da3782114cf6efffe6c618f471687b40b7c7	src/holyc-lib/set.HC	N/A	bd5e837d94407aee38f496cec2a4ac6a1761ec278f034223d4cb740d7c8621a8
build/lexer07-corpus-4stage/s0/17_src_holyc-lib_set.o	stage0	9ebeebd6784300e84e7cc64345c8fd8d42740092d9ffce13e4de201f8b92c474	src/holyc-lib/set.HC	N/A	bd5e837d94407aee38f496cec2a4ac6a1761ec278f034223d4cb740d7c8621a8
build/lexer07-corpus-4stage/s1/18_src_holyc-lib_sqllite.o	stage1	9916a3786fdadcad3962f754120c396f36a0f9d44b50291f3bbeb4dd961da2c6	src/holyc-lib/sqllite.HC	N/A	4dc1cc5cd48eedb6bddcb2ad73a6b6e26d121ee2268b3b019fc75ec4b530b8ea
build/lexer07-corpus-4stage/s2/18_src_holyc-lib_sqllite.o	stage2	9c1166868fae2573328af1f5c86373577a4a4b9b7464872aa2e209e3fe3c84f4	src/holyc-lib/sqllite.HC	N/A	4dc1cc5cd48eedb6bddcb2ad73a6b6e26d121ee2268b3b019fc75ec4b530b8ea
build/lexer07-corpus-4stage/s3/18_src_holyc-lib_sqllite.o	stage3	2aec4181f1d40a8239828a1b7a00da3782114cf6efffe6c618f471687b40b7c7	src/holyc-lib/sqllite.HC	N/A	4dc1cc5cd48eedb6bddcb2ad73a6b6e26d121ee2268b3b019fc75ec4b530b8ea
build/lexer07-corpus-4stage/s0/18_src_holyc-lib_sqllite.o	stage0	9ebeebd6784300e84e7cc64345c8fd8d42740092d9ffce13e4de201f8b92c474	src/holyc-lib/sqllite.HC	N/A	4dc1cc5cd48eedb6bddcb2ad73a6b6e26d121ee2268b3b019fc75ec4b530b8ea
build/lexer07-corpus-4stage/s1/19_src_holyc-lib_stat.o	stage1	9916a3786fdadcad3962f754120c396f36a0f9d44b50291f3bbeb4dd961da2c6	src/holyc-lib/stat.HC	N/A	095d35015f62c1a6799f21fadb6a772a7ea7c5cca531fd81b5056f284ddd0926
build/lexer07-corpus-4stage/s2/19_src_holyc-lib_stat.o	stage2	9c1166868fae2573328af1f5c86373577a4a4b9b7464872aa2e209e3fe3c84f4	src/holyc-lib/stat.HC	N/A	095d35015f62c1a6799f21fadb6a772a7ea7c5cca531fd81b5056f284ddd0926
build/lexer07-corpus-4stage/s3/19_src_holyc-lib_stat.o	stage3	2aec4181f1d40a8239828a1b7a00da3782114cf6efffe6c618f471687b40b7c7	src/holyc-lib/stat.HC	N/A	095d35015f62c1a6799f21fadb6a772a7ea7c5cca531fd81b5056f284ddd0926
build/lexer07-corpus-4stage/s0/19_src_holyc-lib_stat.o	stage0	9ebeebd6784300e84e7cc64345c8fd8d42740092d9ffce13e4de201f8b92c474	src/holyc-lib/stat.HC	N/A	095d35015f62c1a6799f21fadb6a772a7ea7c5cca531fd81b5056f284ddd0926
build/lexer07-corpus-4stage/s1/20_src_holyc-lib_strings.o	stage1	9916a3786fdadcad3962f754120c396f36a0f9d44b50291f3bbeb4dd961da2c6	src/holyc-lib/strings.HC	N/A	4861dedd37a414d596857516a0193fe4ad5990701a2c36e9644718d86597a325
build/lexer07-corpus-4stage/s2/20_src_holyc-lib_strings.o	stage2	9c1166868fae2573328af1f5c86373577a4a4b9b7464872aa2e209e3fe3c84f4	src/holyc-lib/strings.HC	N/A	4861dedd37a414d596857516a0193fe4ad5990701a2c36e9644718d86597a325
build/lexer07-corpus-4stage/s3/20_src_holyc-lib_strings.o	stage3	2aec4181f1d40a8239828a1b7a00da3782114cf6efffe6c618f471687b40b7c7	src/holyc-lib/strings.HC	N/A	4861dedd37a414d596857516a0193fe4ad5990701a2c36e9644718d86597a325
build/b02-corpus-A/19_strings.o	stage0-historical	9ebeebd6784300e84e7cc64345c8fd8d42740092d9ffce13e4de201f8b92c474	src/holyc-lib/strings.HC	N/A	4861dedd37a414d596857516a0193fe4ad5990701a2c36e9644718d86597a325
build/lexer07-corpus-4stage/s1/21_src_holyc-lib_system.o	stage1	9916a3786fdadcad3962f754120c396f36a0f9d44b50291f3bbeb4dd961da2c6	src/holyc-lib/system.HC	N/A	581115d240e7c6365570777de6ca2d16d3c68a1b5d9879652b533ef1659d4443
build/lexer07-corpus-4stage/s2/21_src_holyc-lib_system.o	stage2	9c1166868fae2573328af1f5c86373577a4a4b9b7464872aa2e209e3fe3c84f4	src/holyc-lib/system.HC	N/A	581115d240e7c6365570777de6ca2d16d3c68a1b5d9879652b533ef1659d4443
build/lexer07-corpus-4stage/s3/21_src_holyc-lib_system.o	stage3	2aec4181f1d40a8239828a1b7a00da3782114cf6efffe6c618f471687b40b7c7	src/holyc-lib/system.HC	N/A	581115d240e7c6365570777de6ca2d16d3c68a1b5d9879652b533ef1659d4443
build/lexer07-corpus-4stage/s0/21_src_holyc-lib_system.o	stage0	9ebeebd6784300e84e7cc64345c8fd8d42740092d9ffce13e4de201f8b92c474	src/holyc-lib/system.HC	N/A	581115d240e7c6365570777de6ca2d16d3c68a1b5d9879652b533ef1659d4443
build/lexer07-corpus-4stage/s1/22_src_holyc-lib_threads.o	stage1	9916a3786fdadcad3962f754120c396f36a0f9d44b50291f3bbeb4dd961da2c6	src/holyc-lib/threads.HC	N/A	38030efad11fc811f247e43453c64de680431ee22cc4cba74b0017068652c909
build/lexer07-corpus-4stage/s2/22_src_holyc-lib_threads.o	stage2	9c1166868fae2573328af1f5c86373577a4a4b9b7464872aa2e209e3fe3c84f4	src/holyc-lib/threads.HC	N/A	38030efad11fc811f247e43453c64de680431ee22cc4cba74b0017068652c909
build/lexer07-corpus-4stage/s3/22_src_holyc-lib_threads.o	stage3	2aec4181f1d40a8239828a1b7a00da3782114cf6efffe6c618f471687b40b7c7	src/holyc-lib/threads.HC	N/A	38030efad11fc811f247e43453c64de680431ee22cc4cba74b0017068652c909
build/b02-corpus-A/21_threads.o	stage0-historical	9ebeebd6784300e84e7cc64345c8fd8d42740092d9ffce13e4de201f8b92c474	src/holyc-lib/threads.HC	N/A	38030efad11fc811f247e43453c64de680431ee22cc4cba74b0017068652c909
build/lexer07-corpus-4stage/s1/23_src_holyc-lib_tooling.o	stage1	9916a3786fdadcad3962f754120c396f36a0f9d44b50291f3bbeb4dd961da2c6	src/holyc-lib/tooling.HC	N/A	e59bd907b862ee807705152abc262a7819fbc9768e5344e15adb23db2a126960
build/lexer07-corpus-4stage/s2/23_src_holyc-lib_tooling.o	stage2	9c1166868fae2573328af1f5c86373577a4a4b9b7464872aa2e209e3fe3c84f4	src/holyc-lib/tooling.HC	N/A	e59bd907b862ee807705152abc262a7819fbc9768e5344e15adb23db2a126960
build/lexer07-corpus-4stage/s3/23_src_holyc-lib_tooling.o	stage3	2aec4181f1d40a8239828a1b7a00da3782114cf6efffe6c618f471687b40b7c7	src/holyc-lib/tooling.HC	N/A	e59bd907b862ee807705152abc262a7819fbc9768e5344e15adb23db2a126960
build/b02-corpus-A/22_tooling.o	stage0-historical	9ebeebd6784300e84e7cc64345c8fd8d42740092d9ffce13e4de201f8b92c474	src/holyc-lib/tooling.HC	N/A	e59bd907b862ee807705152abc262a7819fbc9768e5344e15adb23db2a126960
build/lexer07-corpus-4stage/s1/24_src_holyc-lib_vector.o	stage1	9916a3786fdadcad3962f754120c396f36a0f9d44b50291f3bbeb4dd961da2c6	src/holyc-lib/vector.HC	N/A	1dde83ed78a594ef11394cce2480b58c8e68524f2e0c65fb5756823635486b5b
build/lexer07-corpus-4stage/s2/24_src_holyc-lib_vector.o	stage2	9c1166868fae2573328af1f5c86373577a4a4b9b7464872aa2e209e3fe3c84f4	src/holyc-lib/vector.HC	N/A	1dde83ed78a594ef11394cce2480b58c8e68524f2e0c65fb5756823635486b5b
build/lexer07-corpus-4stage/s3/24_src_holyc-lib_vector.o	stage3	2aec4181f1d40a8239828a1b7a00da3782114cf6efffe6c618f471687b40b7c7	src/holyc-lib/vector.HC	N/A	1dde83ed78a594ef11394cce2480b58c8e68524f2e0c65fb5756823635486b5b
build/lexer07-corpus-4stage/s0/24_src_holyc-lib_vector.o	stage0	9ebeebd6784300e84e7cc64345c8fd8d42740092d9ffce13e4de201f8b92c474	src/holyc-lib/vector.HC	N/A	1dde83ed78a594ef11394cce2480b58c8e68524f2e0c65fb5756823635486b5b
build/lexer07-corpus-4stage/s1/25_src_tests_01_pointer_simple.o	stage1	9916a3786fdadcad3962f754120c396f36a0f9d44b50291f3bbeb4dd961da2c6	src/tests/01_pointer_simple.HC	N/A	5286862c71a487a56034f0bb1ba89deea3af2b43320c6c44ef3dd5338648667f
build/lexer07-corpus-4stage/s2/25_src_tests_01_pointer_simple.o	stage2	9c1166868fae2573328af1f5c86373577a4a4b9b7464872aa2e209e3fe3c84f4	src/tests/01_pointer_simple.HC	N/A	5286862c71a487a56034f0bb1ba89deea3af2b43320c6c44ef3dd5338648667f
build/lexer07-corpus-4stage/s3/25_src_tests_01_pointer_simple.o	stage3	2aec4181f1d40a8239828a1b7a00da3782114cf6efffe6c618f471687b40b7c7	src/tests/01_pointer_simple.HC	N/A	5286862c71a487a56034f0bb1ba89deea3af2b43320c6c44ef3dd5338648667f
build/lexer07-corpus-4stage/s0/25_src_tests_01_pointer_simple.o	stage0	9ebeebd6784300e84e7cc64345c8fd8d42740092d9ffce13e4de201f8b92c474	src/tests/01_pointer_simple.HC	N/A	5286862c71a487a56034f0bb1ba89deea3af2b43320c6c44ef3dd5338648667f
build/lexer07-corpus-4stage/s1/26_src_tests_02_pointer_simple.o	stage1	9916a3786fdadcad3962f754120c396f36a0f9d44b50291f3bbeb4dd961da2c6	src/tests/02_pointer_simple.HC	N/A	1ecb8da85a252e3f0f196587165b20e1471418c6059c855c61a381c123e72121
build/lexer07-corpus-4stage/s2/26_src_tests_02_pointer_simple.o	stage2	9c1166868fae2573328af1f5c86373577a4a4b9b7464872aa2e209e3fe3c84f4	src/tests/02_pointer_simple.HC	N/A	1ecb8da85a252e3f0f196587165b20e1471418c6059c855c61a381c123e72121
build/lexer07-corpus-4stage/s3/26_src_tests_02_pointer_simple.o	stage3	2aec4181f1d40a8239828a1b7a00da3782114cf6efffe6c618f471687b40b7c7	src/tests/02_pointer_simple.HC	N/A	1ecb8da85a252e3f0f196587165b20e1471418c6059c855c61a381c123e72121
build/lexer07-corpus-4stage/s0/26_src_tests_02_pointer_simple.o	stage0	9ebeebd6784300e84e7cc64345c8fd8d42740092d9ffce13e4de201f8b92c474	src/tests/02_pointer_simple.HC	N/A	1ecb8da85a252e3f0f196587165b20e1471418c6059c855c61a381c123e72121
build/lexer07-corpus-4stage/s1/27_src_tests_03_malloc_array.o	stage1	9916a3786fdadcad3962f754120c396f36a0f9d44b50291f3bbeb4dd961da2c6	src/tests/03_malloc_array.HC	N/A	ab70d82aaa7054abfd473d646e36b5c7c9771958cc93a797747d119e91c6d045
build/lexer07-corpus-4stage/s2/27_src_tests_03_malloc_array.o	stage2	9c1166868fae2573328af1f5c86373577a4a4b9b7464872aa2e209e3fe3c84f4	src/tests/03_malloc_array.HC	N/A	ab70d82aaa7054abfd473d646e36b5c7c9771958cc93a797747d119e91c6d045
build/lexer07-corpus-4stage/s3/27_src_tests_03_malloc_array.o	stage3	2aec4181f1d40a8239828a1b7a00da3782114cf6efffe6c618f471687b40b7c7	src/tests/03_malloc_array.HC	N/A	ab70d82aaa7054abfd473d646e36b5c7c9771958cc93a797747d119e91c6d045
build/lexer07-corpus-4stage/s0/27_src_tests_03_malloc_array.o	stage0	9ebeebd6784300e84e7cc64345c8fd8d42740092d9ffce13e4de201f8b92c474	src/tests/03_malloc_array.HC	N/A	ab70d82aaa7054abfd473d646e36b5c7c9771958cc93a797747d119e91c6d045
build/lexer07-corpus-4stage/s1/28_src_tests_04_ptr_ptr.o	stage1	9916a3786fdadcad3962f754120c396f36a0f9d44b50291f3bbeb4dd961da2c6	src/tests/04_ptr_ptr.HC	N/A	6203b3371338872342a966e7d7dd297bfcea38bd40967661563ab694ee9182d6
build/lexer07-corpus-4stage/s2/28_src_tests_04_ptr_ptr.o	stage2	9c1166868fae2573328af1f5c86373577a4a4b9b7464872aa2e209e3fe3c84f4	src/tests/04_ptr_ptr.HC	N/A	6203b3371338872342a966e7d7dd297bfcea38bd40967661563ab694ee9182d6
build/lexer07-corpus-4stage/s3/28_src_tests_04_ptr_ptr.o	stage3	2aec4181f1d40a8239828a1b7a00da3782114cf6efffe6c618f471687b40b7c7	src/tests/04_ptr_ptr.HC	N/A	6203b3371338872342a966e7d7dd297bfcea38bd40967661563ab694ee9182d6
build/lexer07-corpus-4stage/s0/28_src_tests_04_ptr_ptr.o	stage0	9ebeebd6784300e84e7cc64345c8fd8d42740092d9ffce13e4de201f8b92c474	src/tests/04_ptr_ptr.HC	N/A	6203b3371338872342a966e7d7dd297bfcea38bd40967661563ab694ee9182d6
build/lexer07-corpus-4stage/s1/29_src_tests_05_int_ptr.o	stage1	9916a3786fdadcad3962f754120c396f36a0f9d44b50291f3bbeb4dd961da2c6	src/tests/05_int_ptr.HC	N/A	394b134e254f5c56a9a580b48e27a885bcc53377ae43b96d154bde92a2d63767
build/lexer07-corpus-4stage/s2/29_src_tests_05_int_ptr.o	stage2	9c1166868fae2573328af1f5c86373577a4a4b9b7464872aa2e209e3fe3c84f4	src/tests/05_int_ptr.HC	N/A	394b134e254f5c56a9a580b48e27a885bcc53377ae43b96d154bde92a2d63767
build/lexer07-corpus-4stage/s3/29_src_tests_05_int_ptr.o	stage3	2aec4181f1d40a8239828a1b7a00da3782114cf6efffe6c618f471687b40b7c7	src/tests/05_int_ptr.HC	N/A	394b134e254f5c56a9a580b48e27a885bcc53377ae43b96d154bde92a2d63767
build/lexer07-corpus-4stage/s0/29_src_tests_05_int_ptr.o	stage0	9ebeebd6784300e84e7cc64345c8fd8d42740092d9ffce13e4de201f8b92c474	src/tests/05_int_ptr.HC	N/A	394b134e254f5c56a9a580b48e27a885bcc53377ae43b96d154bde92a2d63767
build/lexer07-corpus-4stage/s1/30_src_tests_06_class_defs.o	stage1	9916a3786fdadcad3962f754120c396f36a0f9d44b50291f3bbeb4dd961da2c6	src/tests/06_class_defs.HC	N/A	4fde44e65e5b1db04ce5a0e5be664d609d15349f8c4ec14fe175f76389e3b4e1
build/lexer07-corpus-4stage/s2/30_src_tests_06_class_defs.o	stage2	9c1166868fae2573328af1f5c86373577a4a4b9b7464872aa2e209e3fe3c84f4	src/tests/06_class_defs.HC	N/A	4fde44e65e5b1db04ce5a0e5be664d609d15349f8c4ec14fe175f76389e3b4e1
build/lexer07-corpus-4stage/s3/30_src_tests_06_class_defs.o	stage3	2aec4181f1d40a8239828a1b7a00da3782114cf6efffe6c618f471687b40b7c7	src/tests/06_class_defs.HC	N/A	4fde44e65e5b1db04ce5a0e5be664d609d15349f8c4ec14fe175f76389e3b4e1
build/lexer07-corpus-4stage/s0/30_src_tests_06_class_defs.o	stage0	9ebeebd6784300e84e7cc64345c8fd8d42740092d9ffce13e4de201f8b92c474	src/tests/06_class_defs.HC	N/A	4fde44e65e5b1db04ce5a0e5be664d609d15349f8c4ec14fe175f76389e3b4e1
build/lexer07-corpus-4stage/s1/31_src_tests_07_recursive_classdef.o	stage1	9916a3786fdadcad3962f754120c396f36a0f9d44b50291f3bbeb4dd961da2c6	src/tests/07_recursive_classdef.HC	N/A	46e5424efb277c34694e28746566f13e53ae2f94027a6c77b4e6e4119cd0fb4d
build/lexer07-corpus-4stage/s2/31_src_tests_07_recursive_classdef.o	stage2	9c1166868fae2573328af1f5c86373577a4a4b9b7464872aa2e209e3fe3c84f4	src/tests/07_recursive_classdef.HC	N/A	46e5424efb277c34694e28746566f13e53ae2f94027a6c77b4e6e4119cd0fb4d
build/lexer07-corpus-4stage/s3/31_src_tests_07_recursive_classdef.o	stage3	2aec4181f1d40a8239828a1b7a00da3782114cf6efffe6c618f471687b40b7c7	src/tests/07_recursive_classdef.HC	N/A	46e5424efb277c34694e28746566f13e53ae2f94027a6c77b4e6e4119cd0fb4d
build/lexer07-corpus-4stage/s0/31_src_tests_07_recursive_classdef.o	stage0	9ebeebd6784300e84e7cc64345c8fd8d42740092d9ffce13e4de201f8b92c474	src/tests/07_recursive_classdef.HC	N/A	46e5424efb277c34694e28746566f13e53ae2f94027a6c77b4e6e4119cd0fb4d
build/lexer07-corpus-4stage/s1/32_src_tests_08_break_continue.o	stage1	9916a3786fdadcad3962f754120c396f36a0f9d44b50291f3bbeb4dd961da2c6	src/tests/08_break_continue.HC	N/A	a50f16762bda471f40342081772ded540163e1ed40e2709fdecd133e48424bed
build/lexer07-corpus-4stage/s2/32_src_tests_08_break_continue.o	stage2	9c1166868fae2573328af1f5c86373577a4a4b9b7464872aa2e209e3fe3c84f4	src/tests/08_break_continue.HC	N/A	a50f16762bda471f40342081772ded540163e1ed40e2709fdecd133e48424bed
build/lexer07-corpus-4stage/s3/32_src_tests_08_break_continue.o	stage3	2aec4181f1d40a8239828a1b7a00da3782114cf6efffe6c618f471687b40b7c7	src/tests/08_break_continue.HC	N/A	a50f16762bda471f40342081772ded540163e1ed40e2709fdecd133e48424bed
build/lexer07-corpus-4stage/s0/32_src_tests_08_break_continue.o	stage0	9ebeebd6784300e84e7cc64345c8fd8d42740092d9ffce13e4de201f8b92c474	src/tests/08_break_continue.HC	N/A	a50f16762bda471f40342081772ded540163e1ed40e2709fdecd133e48424bed
build/lexer07-corpus-4stage/s1/33_src_tests_09_default_function_parameters.o	stage1	9916a3786fdadcad3962f754120c396f36a0f9d44b50291f3bbeb4dd961da2c6	src/tests/09_default_function_parameters.HC	N/A	6d78001776151dbddd68b11f169f2d923151a82423a25d2858e1abe6661cff66
build/lexer07-corpus-4stage/s2/33_src_tests_09_default_function_parameters.o	stage2	9c1166868fae2573328af1f5c86373577a4a4b9b7464872aa2e209e3fe3c84f4	src/tests/09_default_function_parameters.HC	N/A	6d78001776151dbddd68b11f169f2d923151a82423a25d2858e1abe6661cff66
build/lexer07-corpus-4stage/s3/33_src_tests_09_default_function_parameters.o	stage3	2aec4181f1d40a8239828a1b7a00da3782114cf6efffe6c618f471687b40b7c7	src/tests/09_default_function_parameters.HC	N/A	6d78001776151dbddd68b11f169f2d923151a82423a25d2858e1abe6661cff66
build/lexer07-corpus-4stage/s0/33_src_tests_09_default_function_parameters.o	stage0	9ebeebd6784300e84e7cc64345c8fd8d42740092d9ffce13e4de201f8b92c474	src/tests/09_default_function_parameters.HC	N/A	6d78001776151dbddd68b11f169f2d923151a82423a25d2858e1abe6661cff66
build/lexer07-corpus-4stage/s1/34_src_tests_10_qsort.o	stage1	9916a3786fdadcad3962f754120c396f36a0f9d44b50291f3bbeb4dd961da2c6	src/tests/10_qsort.HC	N/A	079418358ab117ec6a66f5a1754c5fda974dffbbd016a7d56c9072d44478e425
build/lexer07-corpus-4stage/s2/34_src_tests_10_qsort.o	stage2	9c1166868fae2573328af1f5c86373577a4a4b9b7464872aa2e209e3fe3c84f4	src/tests/10_qsort.HC	N/A	079418358ab117ec6a66f5a1754c5fda974dffbbd016a7d56c9072d44478e425
build/lexer07-corpus-4stage/s3/34_src_tests_10_qsort.o	stage3	2aec4181f1d40a8239828a1b7a00da3782114cf6efffe6c618f471687b40b7c7	src/tests/10_qsort.HC	N/A	079418358ab117ec6a66f5a1754c5fda974dffbbd016a7d56c9072d44478e425
build/lexer07-corpus-4stage/s0/34_src_tests_10_qsort.o	stage0	9ebeebd6784300e84e7cc64345c8fd8d42740092d9ffce13e4de201f8b92c474	src/tests/10_qsort.HC	N/A	079418358ab117ec6a66f5a1754c5fda974dffbbd016a7d56c9072d44478e425
build/lexer07-corpus-4stage/s1/35_src_tests_11_assignment.o	stage1	9916a3786fdadcad3962f754120c396f36a0f9d44b50291f3bbeb4dd961da2c6	src/tests/11_assignment.HC	N/A	c2a720ea9669c29d8a332cad2c753da557d968ef8620acf61504cc9f968eb290
build/lexer07-corpus-4stage/s2/35_src_tests_11_assignment.o	stage2	9c1166868fae2573328af1f5c86373577a4a4b9b7464872aa2e209e3fe3c84f4	src/tests/11_assignment.HC	N/A	c2a720ea9669c29d8a332cad2c753da557d968ef8620acf61504cc9f968eb290
build/lexer07-corpus-4stage/s3/35_src_tests_11_assignment.o	stage3	2aec4181f1d40a8239828a1b7a00da3782114cf6efffe6c618f471687b40b7c7	src/tests/11_assignment.HC	N/A	c2a720ea9669c29d8a332cad2c753da557d968ef8620acf61504cc9f968eb290
build/lexer07-corpus-4stage/s0/35_src_tests_11_assignment.o	stage0	9ebeebd6784300e84e7cc64345c8fd8d42740092d9ffce13e4de201f8b92c474	src/tests/11_assignment.HC	N/A	c2a720ea9669c29d8a332cad2c753da557d968ef8620acf61504cc9f968eb290
build/lexer07-corpus-4stage/s1/36_src_tests_12_function_pointer.o	stage1	9916a3786fdadcad3962f754120c396f36a0f9d44b50291f3bbeb4dd961da2c6	src/tests/12_function_pointer.HC	N/A	d966aac66e5b8bd01936a4fa86088b137ad0b632e27d20b1cf3573be9b1c4268
build/lexer07-corpus-4stage/s2/36_src_tests_12_function_pointer.o	stage2	9c1166868fae2573328af1f5c86373577a4a4b9b7464872aa2e209e3fe3c84f4	src/tests/12_function_pointer.HC	N/A	d966aac66e5b8bd01936a4fa86088b137ad0b632e27d20b1cf3573be9b1c4268
build/lexer07-corpus-4stage/s3/36_src_tests_12_function_pointer.o	stage3	2aec4181f1d40a8239828a1b7a00da3782114cf6efffe6c618f471687b40b7c7	src/tests/12_function_pointer.HC	N/A	d966aac66e5b8bd01936a4fa86088b137ad0b632e27d20b1cf3573be9b1c4268
build/lexer07-corpus-4stage/s0/36_src_tests_12_function_pointer.o	stage0	9ebeebd6784300e84e7cc64345c8fd8d42740092d9ffce13e4de201f8b92c474	src/tests/12_function_pointer.HC	N/A	d966aac66e5b8bd01936a4fa86088b137ad0b632e27d20b1cf3573be9b1c4268
build/lexer07-corpus-4stage/s1/37_src_tests_13_threads.o	stage1	9916a3786fdadcad3962f754120c396f36a0f9d44b50291f3bbeb4dd961da2c6	src/tests/13_threads.HC	N/A	2dbceb4613027389d6e515eea19473910057da8df8e71b35c11ca9af413fcf56
build/lexer07-corpus-4stage/s2/37_src_tests_13_threads.o	stage2	9c1166868fae2573328af1f5c86373577a4a4b9b7464872aa2e209e3fe3c84f4	src/tests/13_threads.HC	N/A	2dbceb4613027389d6e515eea19473910057da8df8e71b35c11ca9af413fcf56
build/lexer07-corpus-4stage/s3/37_src_tests_13_threads.o	stage3	2aec4181f1d40a8239828a1b7a00da3782114cf6efffe6c618f471687b40b7c7	src/tests/13_threads.HC	N/A	2dbceb4613027389d6e515eea19473910057da8df8e71b35c11ca9af413fcf56
build/lexer07-corpus-4stage/s0/37_src_tests_13_threads.o	stage0	9ebeebd6784300e84e7cc64345c8fd8d42740092d9ffce13e4de201f8b92c474	src/tests/13_threads.HC	N/A	2dbceb4613027389d6e515eea19473910057da8df8e71b35c11ca9af413fcf56
build/lexer07-corpus-4stage/s1/38_src_tests_14_maths.o	stage1	9916a3786fdadcad3962f754120c396f36a0f9d44b50291f3bbeb4dd961da2c6	src/tests/14_maths.HC	N/A	edfe01da32b49a29d6d526f86297f0ad74985495d8d52b77d446eb32534d5e87
build/lexer07-corpus-4stage/s2/38_src_tests_14_maths.o	stage2	9c1166868fae2573328af1f5c86373577a4a4b9b7464872aa2e209e3fe3c84f4	src/tests/14_maths.HC	N/A	edfe01da32b49a29d6d526f86297f0ad74985495d8d52b77d446eb32534d5e87
build/lexer07-corpus-4stage/s3/38_src_tests_14_maths.o	stage3	2aec4181f1d40a8239828a1b7a00da3782114cf6efffe6c618f471687b40b7c7	src/tests/14_maths.HC	N/A	edfe01da32b49a29d6d526f86297f0ad74985495d8d52b77d446eb32534d5e87
build/lexer07-corpus-4stage/s0/38_src_tests_14_maths.o	stage0	9ebeebd6784300e84e7cc64345c8fd8d42740092d9ffce13e4de201f8b92c474	src/tests/14_maths.HC	N/A	edfe01da32b49a29d6d526f86297f0ad74985495d8d52b77d446eb32534d5e87
build/lexer07-corpus-4stage/s1/39_src_tests_15_mem.o	stage1	9916a3786fdadcad3962f754120c396f36a0f9d44b50291f3bbeb4dd961da2c6	src/tests/15_mem.HC	N/A	8cda95b61317a25d4218da7a62494133d0e94b72d9fb7e8e740a8e9606ebd28e
build/lexer07-corpus-4stage/s2/39_src_tests_15_mem.o	stage2	9c1166868fae2573328af1f5c86373577a4a4b9b7464872aa2e209e3fe3c84f4	src/tests/15_mem.HC	N/A	8cda95b61317a25d4218da7a62494133d0e94b72d9fb7e8e740a8e9606ebd28e
build/lexer07-corpus-4stage/s3/39_src_tests_15_mem.o	stage3	2aec4181f1d40a8239828a1b7a00da3782114cf6efffe6c618f471687b40b7c7	src/tests/15_mem.HC	N/A	8cda95b61317a25d4218da7a62494133d0e94b72d9fb7e8e740a8e9606ebd28e
build/lexer07-corpus-4stage/s0/39_src_tests_15_mem.o	stage0	9ebeebd6784300e84e7cc64345c8fd8d42740092d9ffce13e4de201f8b92c474	src/tests/15_mem.HC	N/A	8cda95b61317a25d4218da7a62494133d0e94b72d9fb7e8e740a8e9606ebd28e
build/lexer07-corpus-4stage/s1/40_src_tests_16_types.o	stage1	9916a3786fdadcad3962f754120c396f36a0f9d44b50291f3bbeb4dd961da2c6	src/tests/16_types.HC	N/A	7fff47045040bb0a7c2bacf63d5e56df3081831ed7d601249c73ef2219f38e57
build/lexer07-corpus-4stage/s2/40_src_tests_16_types.o	stage2	9c1166868fae2573328af1f5c86373577a4a4b9b7464872aa2e209e3fe3c84f4	src/tests/16_types.HC	N/A	7fff47045040bb0a7c2bacf63d5e56df3081831ed7d601249c73ef2219f38e57
build/lexer07-corpus-4stage/s3/40_src_tests_16_types.o	stage3	2aec4181f1d40a8239828a1b7a00da3782114cf6efffe6c618f471687b40b7c7	src/tests/16_types.HC	N/A	7fff47045040bb0a7c2bacf63d5e56df3081831ed7d601249c73ef2219f38e57
build/lexer07-corpus-4stage/s0/40_src_tests_16_types.o	stage0	9ebeebd6784300e84e7cc64345c8fd8d42740092d9ffce13e4de201f8b92c474	src/tests/16_types.HC	N/A	7fff47045040bb0a7c2bacf63d5e56df3081831ed7d601249c73ef2219f38e57
build/lexer07-corpus-4stage/s1/41_src_tests_17_varargs.o	stage1	9916a3786fdadcad3962f754120c396f36a0f9d44b50291f3bbeb4dd961da2c6	src/tests/17_varargs.HC	N/A	4d680a1b81c57998dac504913e33c131da272a9bb169cd818e8bdf0ec540f8ea
build/lexer07-corpus-4stage/s2/41_src_tests_17_varargs.o	stage2	9c1166868fae2573328af1f5c86373577a4a4b9b7464872aa2e209e3fe3c84f4	src/tests/17_varargs.HC	N/A	4d680a1b81c57998dac504913e33c131da272a9bb169cd818e8bdf0ec540f8ea
build/lexer07-corpus-4stage/s3/41_src_tests_17_varargs.o	stage3	2aec4181f1d40a8239828a1b7a00da3782114cf6efffe6c618f471687b40b7c7	src/tests/17_varargs.HC	N/A	4d680a1b81c57998dac504913e33c131da272a9bb169cd818e8bdf0ec540f8ea
build/lexer07-corpus-4stage/s0/41_src_tests_17_varargs.o	stage0	9ebeebd6784300e84e7cc64345c8fd8d42740092d9ffce13e4de201f8b92c474	src/tests/17_varargs.HC	N/A	4d680a1b81c57998dac504913e33c131da272a9bb169cd818e8bdf0ec540f8ea
build/lexer07-corpus-4stage/s1/42_src_tests_18_type_casting.o	stage1	9916a3786fdadcad3962f754120c396f36a0f9d44b50291f3bbeb4dd961da2c6	src/tests/18_type_casting.HC	N/A	bf2cb80e11def4fdb4cbdf052c41de8a2c8d6ad0423eee0a947390bfb2322732
build/lexer07-corpus-4stage/s2/42_src_tests_18_type_casting.o	stage2	9c1166868fae2573328af1f5c86373577a4a4b9b7464872aa2e209e3fe3c84f4	src/tests/18_type_casting.HC	N/A	bf2cb80e11def4fdb4cbdf052c41de8a2c8d6ad0423eee0a947390bfb2322732
build/lexer07-corpus-4stage/s3/42_src_tests_18_type_casting.o	stage3	2aec4181f1d40a8239828a1b7a00da3782114cf6efffe6c618f471687b40b7c7	src/tests/18_type_casting.HC	N/A	bf2cb80e11def4fdb4cbdf052c41de8a2c8d6ad0423eee0a947390bfb2322732
build/lexer07-corpus-4stage/s0/42_src_tests_18_type_casting.o	stage0	9ebeebd6784300e84e7cc64345c8fd8d42740092d9ffce13e4de201f8b92c474	src/tests/18_type_casting.HC	N/A	bf2cb80e11def4fdb4cbdf052c41de8a2c8d6ad0423eee0a947390bfb2322732
build/lexer07-corpus-4stage/s1/43_src_tests_19_switch.o	stage1	9916a3786fdadcad3962f754120c396f36a0f9d44b50291f3bbeb4dd961da2c6	src/tests/19_switch.HC	N/A	c76042a212a39dd9ee6bddb75fda4bf49a4d0163d385cfd8ff333e570c408377
build/lexer07-corpus-4stage/s2/43_src_tests_19_switch.o	stage2	9c1166868fae2573328af1f5c86373577a4a4b9b7464872aa2e209e3fe3c84f4	src/tests/19_switch.HC	N/A	c76042a212a39dd9ee6bddb75fda4bf49a4d0163d385cfd8ff333e570c408377
build/lexer07-corpus-4stage/s3/43_src_tests_19_switch.o	stage3	2aec4181f1d40a8239828a1b7a00da3782114cf6efffe6c618f471687b40b7c7	src/tests/19_switch.HC	N/A	c76042a212a39dd9ee6bddb75fda4bf49a4d0163d385cfd8ff333e570c408377
build/lexer07-corpus-4stage/s0/43_src_tests_19_switch.o	stage0	9ebeebd6784300e84e7cc64345c8fd8d42740092d9ffce13e4de201f8b92c474	src/tests/19_switch.HC	N/A	c76042a212a39dd9ee6bddb75fda4bf49a4d0163d385cfd8ff333e570c408377
build/lexer07-corpus-4stage/s1/44_src_tests_20_loops.o	stage1	9916a3786fdadcad3962f754120c396f36a0f9d44b50291f3bbeb4dd961da2c6	src/tests/20_loops.HC	N/A	e0e1f2003c513dd76573605751d3907c692769c0150a5799ce2bbee04e7c5a6c
build/lexer07-corpus-4stage/s2/44_src_tests_20_loops.o	stage2	9c1166868fae2573328af1f5c86373577a4a4b9b7464872aa2e209e3fe3c84f4	src/tests/20_loops.HC	N/A	e0e1f2003c513dd76573605751d3907c692769c0150a5799ce2bbee04e7c5a6c
build/lexer07-corpus-4stage/s3/44_src_tests_20_loops.o	stage3	2aec4181f1d40a8239828a1b7a00da3782114cf6efffe6c618f471687b40b7c7	src/tests/20_loops.HC	N/A	e0e1f2003c513dd76573605751d3907c692769c0150a5799ce2bbee04e7c5a6c
build/lexer07-corpus-4stage/s0/44_src_tests_20_loops.o	stage0	9ebeebd6784300e84e7cc64345c8fd8d42740092d9ffce13e4de201f8b92c474	src/tests/20_loops.HC	N/A	e0e1f2003c513dd76573605751d3907c692769c0150a5799ce2bbee04e7c5a6c
build/lexer07-corpus-4stage/s1/45_src_tests_21_goto.o	stage1	9916a3786fdadcad3962f754120c396f36a0f9d44b50291f3bbeb4dd961da2c6	src/tests/21_goto.HC	N/A	9feb3289777c8ba87b14df84b9c76eb90c04f00eaf6125eff5dac8f9f3c46a5b
build/lexer07-corpus-4stage/s2/45_src_tests_21_goto.o	stage2	9c1166868fae2573328af1f5c86373577a4a4b9b7464872aa2e209e3fe3c84f4	src/tests/21_goto.HC	N/A	9feb3289777c8ba87b14df84b9c76eb90c04f00eaf6125eff5dac8f9f3c46a5b
build/lexer07-corpus-4stage/s3/45_src_tests_21_goto.o	stage3	2aec4181f1d40a8239828a1b7a00da3782114cf6efffe6c618f471687b40b7c7	src/tests/21_goto.HC	N/A	9feb3289777c8ba87b14df84b9c76eb90c04f00eaf6125eff5dac8f9f3c46a5b
build/lexer07-corpus-4stage/s0/45_src_tests_21_goto.o	stage0	9ebeebd6784300e84e7cc64345c8fd8d42740092d9ffce13e4de201f8b92c474	src/tests/21_goto.HC	N/A	9feb3289777c8ba87b14df84b9c76eb90c04f00eaf6125eff5dac8f9f3c46a5b
build/lexer07-corpus-4stage/s1/46_src_tests_22_pointers.o	stage1	9916a3786fdadcad3962f754120c396f36a0f9d44b50291f3bbeb4dd961da2c6	src/tests/22_pointers.HC	N/A	6aa7b58d6465191c35d0e9834b8d7767ae9b828ab13b19df75358533ca796d57
build/lexer07-corpus-4stage/s2/46_src_tests_22_pointers.o	stage2	9c1166868fae2573328af1f5c86373577a4a4b9b7464872aa2e209e3fe3c84f4	src/tests/22_pointers.HC	N/A	6aa7b58d6465191c35d0e9834b8d7767ae9b828ab13b19df75358533ca796d57
build/lexer07-corpus-4stage/s3/46_src_tests_22_pointers.o	stage3	2aec4181f1d40a8239828a1b7a00da3782114cf6efffe6c618f471687b40b7c7	src/tests/22_pointers.HC	N/A	6aa7b58d6465191c35d0e9834b8d7767ae9b828ab13b19df75358533ca796d57
build/lexer07-corpus-4stage/s0/46_src_tests_22_pointers.o	stage0	9ebeebd6784300e84e7cc64345c8fd8d42740092d9ffce13e4de201f8b92c474	src/tests/22_pointers.HC	N/A	6aa7b58d6465191c35d0e9834b8d7767ae9b828ab13b19df75358533ca796d57
build/lexer07-corpus-4stage/s1/47_src_tests_23_mallocd-arrays.o	stage1	9916a3786fdadcad3962f754120c396f36a0f9d44b50291f3bbeb4dd961da2c6	src/tests/23_mallocd-arrays.HC	N/A	e95e26e1d0c43699ff16e7a89deceee7538d9532acee054c4f46978491a77c50
build/lexer07-corpus-4stage/s2/47_src_tests_23_mallocd-arrays.o	stage2	9c1166868fae2573328af1f5c86373577a4a4b9b7464872aa2e209e3fe3c84f4	src/tests/23_mallocd-arrays.HC	N/A	e95e26e1d0c43699ff16e7a89deceee7538d9532acee054c4f46978491a77c50
build/lexer07-corpus-4stage/s3/47_src_tests_23_mallocd-arrays.o	stage3	2aec4181f1d40a8239828a1b7a00da3782114cf6efffe6c618f471687b40b7c7	src/tests/23_mallocd-arrays.HC	N/A	e95e26e1d0c43699ff16e7a89deceee7538d9532acee054c4f46978491a77c50
build/lexer07-corpus-4stage/s0/47_src_tests_23_mallocd-arrays.o	stage0	9ebeebd6784300e84e7cc64345c8fd8d42740092d9ffce13e4de201f8b92c474	src/tests/23_mallocd-arrays.HC	N/A	e95e26e1d0c43699ff16e7a89deceee7538d9532acee054c4f46978491a77c50
build/lexer07-corpus-4stage/s1/48_src_tests_24_union.o	stage1	9916a3786fdadcad3962f754120c396f36a0f9d44b50291f3bbeb4dd961da2c6	src/tests/24_union.HC	N/A	e6f3ba2ac2d158cdfb65b344c1b01f6eecd417c4a68e63657fb182157a071b79
build/lexer07-corpus-4stage/s2/48_src_tests_24_union.o	stage2	9c1166868fae2573328af1f5c86373577a4a4b9b7464872aa2e209e3fe3c84f4	src/tests/24_union.HC	N/A	e6f3ba2ac2d158cdfb65b344c1b01f6eecd417c4a68e63657fb182157a071b79
build/lexer07-corpus-4stage/s3/48_src_tests_24_union.o	stage3	2aec4181f1d40a8239828a1b7a00da3782114cf6efffe6c618f471687b40b7c7	src/tests/24_union.HC	N/A	e6f3ba2ac2d158cdfb65b344c1b01f6eecd417c4a68e63657fb182157a071b79
build/lexer07-corpus-4stage/s0/48_src_tests_24_union.o	stage0	9ebeebd6784300e84e7cc64345c8fd8d42740092d9ffce13e4de201f8b92c474	src/tests/24_union.HC	N/A	e6f3ba2ac2d158cdfb65b344c1b01f6eecd417c4a68e63657fb182157a071b79
build/lexer07-corpus-4stage/s1/49_src_tests_25_scripting.o	stage1	9916a3786fdadcad3962f754120c396f36a0f9d44b50291f3bbeb4dd961da2c6	src/tests/25_scripting.HC	N/A	18909b104f8a203b550703da68857e586bbaf618c69a51799acb17363b290b26
build/lexer07-corpus-4stage/s2/49_src_tests_25_scripting.o	stage2	9c1166868fae2573328af1f5c86373577a4a4b9b7464872aa2e209e3fe3c84f4	src/tests/25_scripting.HC	N/A	18909b104f8a203b550703da68857e586bbaf618c69a51799acb17363b290b26
build/lexer07-corpus-4stage/s3/49_src_tests_25_scripting.o	stage3	2aec4181f1d40a8239828a1b7a00da3782114cf6efffe6c618f471687b40b7c7	src/tests/25_scripting.HC	N/A	18909b104f8a203b550703da68857e586bbaf618c69a51799acb17363b290b26
build/lexer07-corpus-4stage/s0/49_src_tests_25_scripting.o	stage0	9ebeebd6784300e84e7cc64345c8fd8d42740092d9ffce13e4de201f8b92c474	src/tests/25_scripting.HC	N/A	18909b104f8a203b550703da68857e586bbaf618c69a51799acb17363b290b26
build/lexer07-corpus-4stage/s1/50_src_tests_26_f64.o	stage1	9916a3786fdadcad3962f754120c396f36a0f9d44b50291f3bbeb4dd961da2c6	src/tests/26_f64.HC	N/A	d5199cadea8905e879a3af6798519fb0c61ab0aa52975a546db1d70d59f89a57
build/lexer07-corpus-4stage/s2/50_src_tests_26_f64.o	stage2	9c1166868fae2573328af1f5c86373577a4a4b9b7464872aa2e209e3fe3c84f4	src/tests/26_f64.HC	N/A	d5199cadea8905e879a3af6798519fb0c61ab0aa52975a546db1d70d59f89a57
build/lexer07-corpus-4stage/s3/50_src_tests_26_f64.o	stage3	2aec4181f1d40a8239828a1b7a00da3782114cf6efffe6c618f471687b40b7c7	src/tests/26_f64.HC	N/A	d5199cadea8905e879a3af6798519fb0c61ab0aa52975a546db1d70d59f89a57
build/lexer07-corpus-4stage/s0/50_src_tests_26_f64.o	stage0	9ebeebd6784300e84e7cc64345c8fd8d42740092d9ffce13e4de201f8b92c474	src/tests/26_f64.HC	N/A	d5199cadea8905e879a3af6798519fb0c61ab0aa52975a546db1d70d59f89a57
build/lexer07-corpus-4stage/s1/51_src_tests_27_auto.o	stage1	9916a3786fdadcad3962f754120c396f36a0f9d44b50291f3bbeb4dd961da2c6	src/tests/27_auto.HC	N/A	d1b45e511ff5996786e07f7bbafc479498fbeb5381a5d84c88daf293b377da7a
build/lexer07-corpus-4stage/s2/51_src_tests_27_auto.o	stage2	9c1166868fae2573328af1f5c86373577a4a4b9b7464872aa2e209e3fe3c84f4	src/tests/27_auto.HC	N/A	d1b45e511ff5996786e07f7bbafc479498fbeb5381a5d84c88daf293b377da7a
build/lexer07-corpus-4stage/s3/51_src_tests_27_auto.o	stage3	2aec4181f1d40a8239828a1b7a00da3782114cf6efffe6c618f471687b40b7c7	src/tests/27_auto.HC	N/A	d1b45e511ff5996786e07f7bbafc479498fbeb5381a5d84c88daf293b377da7a
build/lexer07-corpus-4stage/s0/51_src_tests_27_auto.o	stage0	9ebeebd6784300e84e7cc64345c8fd8d42740092d9ffce13e4de201f8b92c474	src/tests/27_auto.HC	N/A	d1b45e511ff5996786e07f7bbafc479498fbeb5381a5d84c88daf293b377da7a
build/lexer07-corpus-4stage/s1/52_src_tests_28_arrays.o	stage1	9916a3786fdadcad3962f754120c396f36a0f9d44b50291f3bbeb4dd961da2c6	src/tests/28_arrays.HC	N/A	cc0728dadf3875f517e8ec71d6c37abc2798fa1d075f9a1c8d9f36eadf6aff2e
build/lexer07-corpus-4stage/s2/52_src_tests_28_arrays.o	stage2	9c1166868fae2573328af1f5c86373577a4a4b9b7464872aa2e209e3fe3c84f4	src/tests/28_arrays.HC	N/A	cc0728dadf3875f517e8ec71d6c37abc2798fa1d075f9a1c8d9f36eadf6aff2e
build/lexer07-corpus-4stage/s3/52_src_tests_28_arrays.o	stage3	2aec4181f1d40a8239828a1b7a00da3782114cf6efffe6c618f471687b40b7c7	src/tests/28_arrays.HC	N/A	cc0728dadf3875f517e8ec71d6c37abc2798fa1d075f9a1c8d9f36eadf6aff2e
build/lexer07-corpus-4stage/s0/52_src_tests_28_arrays.o	stage0	9ebeebd6784300e84e7cc64345c8fd8d42740092d9ffce13e4de201f8b92c474	src/tests/28_arrays.HC	N/A	cc0728dadf3875f517e8ec71d6c37abc2798fa1d075f9a1c8d9f36eadf6aff2e
build/lexer07-corpus-4stage/s1/53_src_tests_29_macros.o	stage1	9916a3786fdadcad3962f754120c396f36a0f9d44b50291f3bbeb4dd961da2c6	src/tests/29_macros.HC	N/A	b7fde2aa804738cdb2df0f2806085f7295ad829fa5d47231095aba8ecca55313
build/lexer07-corpus-4stage/s2/53_src_tests_29_macros.o	stage2	9c1166868fae2573328af1f5c86373577a4a4b9b7464872aa2e209e3fe3c84f4	src/tests/29_macros.HC	N/A	b7fde2aa804738cdb2df0f2806085f7295ad829fa5d47231095aba8ecca55313
build/lexer07-corpus-4stage/s3/53_src_tests_29_macros.o	stage3	2aec4181f1d40a8239828a1b7a00da3782114cf6efffe6c618f471687b40b7c7	src/tests/29_macros.HC	N/A	b7fde2aa804738cdb2df0f2806085f7295ad829fa5d47231095aba8ecca55313
build/lexer07-corpus-4stage/s0/53_src_tests_29_macros.o	stage0	9ebeebd6784300e84e7cc64345c8fd8d42740092d9ffce13e4de201f8b92c474	src/tests/29_macros.HC	N/A	b7fde2aa804738cdb2df0f2806085f7295ad829fa5d47231095aba8ecca55313
build/lexer07-corpus-4stage/s1/54_src_tests_30_fzf.o	stage1	9916a3786fdadcad3962f754120c396f36a0f9d44b50291f3bbeb4dd961da2c6	src/tests/30_fzf.HC	N/A	512712fe19ff7fea81e9a2226194226a17f67a37a50c2799f41f6a70fb8b91a7
build/lexer07-corpus-4stage/s2/54_src_tests_30_fzf.o	stage2	9c1166868fae2573328af1f5c86373577a4a4b9b7464872aa2e209e3fe3c84f4	src/tests/30_fzf.HC	N/A	512712fe19ff7fea81e9a2226194226a17f67a37a50c2799f41f6a70fb8b91a7
build/lexer07-corpus-4stage/s3/54_src_tests_30_fzf.o	stage3	2aec4181f1d40a8239828a1b7a00da3782114cf6efffe6c618f471687b40b7c7	src/tests/30_fzf.HC	N/A	512712fe19ff7fea81e9a2226194226a17f67a37a50c2799f41f6a70fb8b91a7
build/lexer07-corpus-4stage/s0/54_src_tests_30_fzf.o	stage0	9ebeebd6784300e84e7cc64345c8fd8d42740092d9ffce13e4de201f8b92c474	src/tests/30_fzf.HC	N/A	512712fe19ff7fea81e9a2226194226a17f67a37a50c2799f41f6a70fb8b91a7
build/lexer07-corpus-4stage/s1/55_src_tests_31_json.o	stage1	9916a3786fdadcad3962f754120c396f36a0f9d44b50291f3bbeb4dd961da2c6	src/tests/31_json.HC	N/A	ad9574c051442509794699e02cbc53d59d8773233c5898796eb43a432ee39ac1
build/lexer07-corpus-4stage/s2/55_src_tests_31_json.o	stage2	9c1166868fae2573328af1f5c86373577a4a4b9b7464872aa2e209e3fe3c84f4	src/tests/31_json.HC	N/A	ad9574c051442509794699e02cbc53d59d8773233c5898796eb43a432ee39ac1
build/lexer07-corpus-4stage/s3/55_src_tests_31_json.o	stage3	2aec4181f1d40a8239828a1b7a00da3782114cf6efffe6c618f471687b40b7c7	src/tests/31_json.HC	N/A	ad9574c051442509794699e02cbc53d59d8773233c5898796eb43a432ee39ac1
build/lexer07-corpus-4stage/s0/55_src_tests_31_json.o	stage0	9ebeebd6784300e84e7cc64345c8fd8d42740092d9ffce13e4de201f8b92c474	src/tests/31_json.HC	N/A	ad9574c051442509794699e02cbc53d59d8773233c5898796eb43a432ee39ac1
build/lexer07-corpus-4stage/s1/57_src_tests_33_static.o	stage1	9916a3786fdadcad3962f754120c396f36a0f9d44b50291f3bbeb4dd961da2c6	src/tests/33_static.HC	N/A	58f9202831383f291177f013d4c810d9008b04914cafcb4de1d0a53c2e2529f3
build/lexer07-corpus-4stage/s2/57_src_tests_33_static.o	stage2	9c1166868fae2573328af1f5c86373577a4a4b9b7464872aa2e209e3fe3c84f4	src/tests/33_static.HC	N/A	58f9202831383f291177f013d4c810d9008b04914cafcb4de1d0a53c2e2529f3
build/lexer07-corpus-4stage/s3/57_src_tests_33_static.o	stage3	2aec4181f1d40a8239828a1b7a00da3782114cf6efffe6c618f471687b40b7c7	src/tests/33_static.HC	N/A	58f9202831383f291177f013d4c810d9008b04914cafcb4de1d0a53c2e2529f3
build/lexer07-corpus-4stage/s0/57_src_tests_33_static.o	stage0	9ebeebd6784300e84e7cc64345c8fd8d42740092d9ffce13e4de201f8b92c474	src/tests/33_static.HC	N/A	58f9202831383f291177f013d4c810d9008b04914cafcb4de1d0a53c2e2529f3
build/lexer07-corpus-4stage/s1/58_src_tests_34_global_array.o	stage1	9916a3786fdadcad3962f754120c396f36a0f9d44b50291f3bbeb4dd961da2c6	src/tests/34_global_array.HC	N/A	2627cff82b636c49b7dd6114c8034e21727ff5fad95440b83f9653c18b8a0186
build/lexer07-corpus-4stage/s2/58_src_tests_34_global_array.o	stage2	9c1166868fae2573328af1f5c86373577a4a4b9b7464872aa2e209e3fe3c84f4	src/tests/34_global_array.HC	N/A	2627cff82b636c49b7dd6114c8034e21727ff5fad95440b83f9653c18b8a0186
build/lexer07-corpus-4stage/s3/58_src_tests_34_global_array.o	stage3	2aec4181f1d40a8239828a1b7a00da3782114cf6efffe6c618f471687b40b7c7	src/tests/34_global_array.HC	N/A	2627cff82b636c49b7dd6114c8034e21727ff5fad95440b83f9653c18b8a0186
build/lexer07-corpus-4stage/s0/58_src_tests_34_global_array.o	stage0	9ebeebd6784300e84e7cc64345c8fd8d42740092d9ffce13e4de201f8b92c474	src/tests/34_global_array.HC	N/A	2627cff82b636c49b7dd6114c8034e21727ff5fad95440b83f9653c18b8a0186
build/lexer07-corpus-4stage/s1/59_src_tests_35_io.o	stage1	9916a3786fdadcad3962f754120c396f36a0f9d44b50291f3bbeb4dd961da2c6	src/tests/35_io.HC	N/A	a0d496d30ba8efe320f0a20f1a9727d489e72973f0247c9eea6cb04f90334fb1
build/lexer07-corpus-4stage/s2/59_src_tests_35_io.o	stage2	9c1166868fae2573328af1f5c86373577a4a4b9b7464872aa2e209e3fe3c84f4	src/tests/35_io.HC	N/A	a0d496d30ba8efe320f0a20f1a9727d489e72973f0247c9eea6cb04f90334fb1
build/lexer07-corpus-4stage/s3/59_src_tests_35_io.o	stage3	2aec4181f1d40a8239828a1b7a00da3782114cf6efffe6c618f471687b40b7c7	src/tests/35_io.HC	N/A	a0d496d30ba8efe320f0a20f1a9727d489e72973f0247c9eea6cb04f90334fb1
build/lexer07-corpus-4stage/s0/59_src_tests_35_io.o	stage0	9ebeebd6784300e84e7cc64345c8fd8d42740092d9ffce13e4de201f8b92c474	src/tests/35_io.HC	N/A	a0d496d30ba8efe320f0a20f1a9727d489e72973f0247c9eea6cb04f90334fb1
build/lexer07-corpus-4stage/s1/60_src_tests_36_range_loop.o	stage1	9916a3786fdadcad3962f754120c396f36a0f9d44b50291f3bbeb4dd961da2c6	src/tests/36_range_loop.HC	N/A	80ffb72aef21b2b15ce9564f8bd0ef1927c1dcce70f631380c611b7e77e98085
build/lexer07-corpus-4stage/s2/60_src_tests_36_range_loop.o	stage2	9c1166868fae2573328af1f5c86373577a4a4b9b7464872aa2e209e3fe3c84f4	src/tests/36_range_loop.HC	N/A	80ffb72aef21b2b15ce9564f8bd0ef1927c1dcce70f631380c611b7e77e98085
build/lexer07-corpus-4stage/s3/60_src_tests_36_range_loop.o	stage3	2aec4181f1d40a8239828a1b7a00da3782114cf6efffe6c618f471687b40b7c7	src/tests/36_range_loop.HC	N/A	80ffb72aef21b2b15ce9564f8bd0ef1927c1dcce70f631380c611b7e77e98085
build/lexer07-corpus-4stage/s0/60_src_tests_36_range_loop.o	stage0	9ebeebd6784300e84e7cc64345c8fd8d42740092d9ffce13e4de201f8b92c474	src/tests/36_range_loop.HC	N/A	80ffb72aef21b2b15ce9564f8bd0ef1927c1dcce70f631380c611b7e77e98085
build/lexer07-corpus-4stage/s1/61_src_tests_38_sizeof.o	stage1	9916a3786fdadcad3962f754120c396f36a0f9d44b50291f3bbeb4dd961da2c6	src/tests/38_sizeof.HC	N/A	87e98dff14e30988b30cad03ccc994ffc37b906391fd487e137c4995bc6887b2
build/lexer07-corpus-4stage/s2/61_src_tests_38_sizeof.o	stage2	9c1166868fae2573328af1f5c86373577a4a4b9b7464872aa2e209e3fe3c84f4	src/tests/38_sizeof.HC	N/A	87e98dff14e30988b30cad03ccc994ffc37b906391fd487e137c4995bc6887b2
build/lexer07-corpus-4stage/s3/61_src_tests_38_sizeof.o	stage3	2aec4181f1d40a8239828a1b7a00da3782114cf6efffe6c618f471687b40b7c7	src/tests/38_sizeof.HC	N/A	87e98dff14e30988b30cad03ccc994ffc37b906391fd487e137c4995bc6887b2
build/lexer07-corpus-4stage/s0/61_src_tests_38_sizeof.o	stage0	9ebeebd6784300e84e7cc64345c8fd8d42740092d9ffce13e4de201f8b92c474	src/tests/38_sizeof.HC	N/A	87e98dff14e30988b30cad03ccc994ffc37b906391fd487e137c4995bc6887b2
build/lexer07-corpus-4stage/s1/62_src_tests_39_arg_count.o	stage1	9916a3786fdadcad3962f754120c396f36a0f9d44b50291f3bbeb4dd961da2c6	src/tests/39_arg_count.HC	N/A	dd8623142104517a1a4a15642fc954d428123344057cc519fb5561bc063ec68e
build/lexer07-corpus-4stage/s2/62_src_tests_39_arg_count.o	stage2	9c1166868fae2573328af1f5c86373577a4a4b9b7464872aa2e209e3fe3c84f4	src/tests/39_arg_count.HC	N/A	dd8623142104517a1a4a15642fc954d428123344057cc519fb5561bc063ec68e
build/lexer07-corpus-4stage/s3/62_src_tests_39_arg_count.o	stage3	2aec4181f1d40a8239828a1b7a00da3782114cf6efffe6c618f471687b40b7c7	src/tests/39_arg_count.HC	N/A	dd8623142104517a1a4a15642fc954d428123344057cc519fb5561bc063ec68e
build/lexer07-corpus-4stage/s0/62_src_tests_39_arg_count.o	stage0	9ebeebd6784300e84e7cc64345c8fd8d42740092d9ffce13e4de201f8b92c474	src/tests/39_arg_count.HC	N/A	dd8623142104517a1a4a15642fc954d428123344057cc519fb5561bc063ec68e
build/lexer07-corpus-4stage/s1/63_src_tests_39_try_catch.o	stage1	9916a3786fdadcad3962f754120c396f36a0f9d44b50291f3bbeb4dd961da2c6	src/tests/39_try_catch.HC	N/A	18843fd2ff713660b5aaacedf3ab6a5453a7a9a208ed23c05969d7cea9b29682
build/lexer07-corpus-4stage/s2/63_src_tests_39_try_catch.o	stage2	9c1166868fae2573328af1f5c86373577a4a4b9b7464872aa2e209e3fe3c84f4	src/tests/39_try_catch.HC	N/A	18843fd2ff713660b5aaacedf3ab6a5453a7a9a208ed23c05969d7cea9b29682
build/lexer07-corpus-4stage/s3/63_src_tests_39_try_catch.o	stage3	2aec4181f1d40a8239828a1b7a00da3782114cf6efffe6c618f471687b40b7c7	src/tests/39_try_catch.HC	N/A	18843fd2ff713660b5aaacedf3ab6a5453a7a9a208ed23c05969d7cea9b29682
build/lexer07-corpus-4stage/s0/63_src_tests_39_try_catch.o	stage0	9ebeebd6784300e84e7cc64345c8fd8d42740092d9ffce13e4de201f8b92c474	src/tests/39_try_catch.HC	N/A	18843fd2ff713660b5aaacedf3ab6a5453a7a9a208ed23c05969d7cea9b29682
build/lexer07-corpus-4stage/s1/64_src_tests_40_class_self_ref.o	stage1	9916a3786fdadcad3962f754120c396f36a0f9d44b50291f3bbeb4dd961da2c6	src/tests/40_class_self_ref.HC	N/A	7ad2287f6fda696aaece1a860dd33887cc338adf260844ce8c5212c4fedba767
build/lexer07-corpus-4stage/s2/64_src_tests_40_class_self_ref.o	stage2	9c1166868fae2573328af1f5c86373577a4a4b9b7464872aa2e209e3fe3c84f4	src/tests/40_class_self_ref.HC	N/A	7ad2287f6fda696aaece1a860dd33887cc338adf260844ce8c5212c4fedba767
build/lexer07-corpus-4stage/s3/64_src_tests_40_class_self_ref.o	stage3	2aec4181f1d40a8239828a1b7a00da3782114cf6efffe6c618f471687b40b7c7	src/tests/40_class_self_ref.HC	N/A	7ad2287f6fda696aaece1a860dd33887cc338adf260844ce8c5212c4fedba767
build/lexer07-corpus-4stage/s0/64_src_tests_40_class_self_ref.o	stage0	9ebeebd6784300e84e7cc64345c8fd8d42740092d9ffce13e4de201f8b92c474	src/tests/40_class_self_ref.HC	N/A	7ad2287f6fda696aaece1a860dd33887cc338adf260844ce8c5212c4fedba767
build/lexer07-corpus-4stage/s1/65_src_tests_41_pointer_compare.o	stage1	9916a3786fdadcad3962f754120c396f36a0f9d44b50291f3bbeb4dd961da2c6	src/tests/41_pointer_compare.HC	N/A	75e5c98a332b3e441b781edd3cdffc41acc5d23f6f7c79edff0a50b67ef123d4
build/lexer07-corpus-4stage/s2/65_src_tests_41_pointer_compare.o	stage2	9c1166868fae2573328af1f5c86373577a4a4b9b7464872aa2e209e3fe3c84f4	src/tests/41_pointer_compare.HC	N/A	75e5c98a332b3e441b781edd3cdffc41acc5d23f6f7c79edff0a50b67ef123d4
build/lexer07-corpus-4stage/s3/65_src_tests_41_pointer_compare.o	stage3	2aec4181f1d40a8239828a1b7a00da3782114cf6efffe6c618f471687b40b7c7	src/tests/41_pointer_compare.HC	N/A	75e5c98a332b3e441b781edd3cdffc41acc5d23f6f7c79edff0a50b67ef123d4
build/lexer07-corpus-4stage/s0/65_src_tests_41_pointer_compare.o	stage0	9ebeebd6784300e84e7cc64345c8fd8d42740092d9ffce13e4de201f8b92c474	src/tests/41_pointer_compare.HC	N/A	75e5c98a332b3e441b781edd3cdffc41acc5d23f6f7c79edff0a50b67ef123d4
build/lexer07-corpus-4stage/s1/66_src_tests_42_class_u0_tail.o	stage1	9916a3786fdadcad3962f754120c396f36a0f9d44b50291f3bbeb4dd961da2c6	src/tests/42_class_u0_tail.HC	N/A	2792347cd531dd00627550f6ae898eb246527c276a058c132473c3cf7fdec313
build/lexer07-corpus-4stage/s2/66_src_tests_42_class_u0_tail.o	stage2	9c1166868fae2573328af1f5c86373577a4a4b9b7464872aa2e209e3fe3c84f4	src/tests/42_class_u0_tail.HC	N/A	2792347cd531dd00627550f6ae898eb246527c276a058c132473c3cf7fdec313
build/lexer07-corpus-4stage/s3/66_src_tests_42_class_u0_tail.o	stage3	2aec4181f1d40a8239828a1b7a00da3782114cf6efffe6c618f471687b40b7c7	src/tests/42_class_u0_tail.HC	N/A	2792347cd531dd00627550f6ae898eb246527c276a058c132473c3cf7fdec313
build/lexer07-corpus-4stage/s0/66_src_tests_42_class_u0_tail.o	stage0	9ebeebd6784300e84e7cc64345c8fd8d42740092d9ffce13e4de201f8b92c474	src/tests/42_class_u0_tail.HC	N/A	2792347cd531dd00627550f6ae898eb246527c276a058c132473c3cf7fdec313
build/lexer07-corpus-4stage/s1/67_src_tests_43_compress_templeos.o	stage1	9916a3786fdadcad3962f754120c396f36a0f9d44b50291f3bbeb4dd961da2c6	src/tests/43_compress_templeos.HC	N/A	076a83f86b1575fd7b8769673cc8eeae73d1cbf516d6db7ca3f12671ee929bd6
build/lexer07-corpus-4stage/s2/67_src_tests_43_compress_templeos.o	stage2	9c1166868fae2573328af1f5c86373577a4a4b9b7464872aa2e209e3fe3c84f4	src/tests/43_compress_templeos.HC	N/A	076a83f86b1575fd7b8769673cc8eeae73d1cbf516d6db7ca3f12671ee929bd6
build/lexer07-corpus-4stage/s3/67_src_tests_43_compress_templeos.o	stage3	2aec4181f1d40a8239828a1b7a00da3782114cf6efffe6c618f471687b40b7c7	src/tests/43_compress_templeos.HC	N/A	076a83f86b1575fd7b8769673cc8eeae73d1cbf516d6db7ca3f12671ee929bd6
build/lexer07-corpus-4stage/s0/67_src_tests_43_compress_templeos.o	stage0	9ebeebd6784300e84e7cc64345c8fd8d42740092d9ffce13e4de201f8b92c474	src/tests/43_compress_templeos.HC	N/A	076a83f86b1575fd7b8769673cc8eeae73d1cbf516d6db7ca3f12671ee929bd6
build/lexer07-corpus-4stage/s1/68_src_tests_44_f32.o	stage1	9916a3786fdadcad3962f754120c396f36a0f9d44b50291f3bbeb4dd961da2c6	src/tests/44_f32.HC	N/A	263e7408d248a6b67534d5f30cd9278592ac926cf41f1f191229cc2723f81f4d
build/lexer07-corpus-4stage/s2/68_src_tests_44_f32.o	stage2	9c1166868fae2573328af1f5c86373577a4a4b9b7464872aa2e209e3fe3c84f4	src/tests/44_f32.HC	N/A	263e7408d248a6b67534d5f30cd9278592ac926cf41f1f191229cc2723f81f4d
build/lexer07-corpus-4stage/s3/68_src_tests_44_f32.o	stage3	2aec4181f1d40a8239828a1b7a00da3782114cf6efffe6c618f471687b40b7c7	src/tests/44_f32.HC	N/A	263e7408d248a6b67534d5f30cd9278592ac926cf41f1f191229cc2723f81f4d
build/lexer07-corpus-4stage/s0/68_src_tests_44_f32.o	stage0	9ebeebd6784300e84e7cc64345c8fd8d42740092d9ffce13e4de201f8b92c474	src/tests/44_f32.HC	N/A	263e7408d248a6b67534d5f30cd9278592ac926cf41f1f191229cc2723f81f4d
build/lexer07-corpus-4stage/s1/69_src_tests_45_globals.o	stage1	9916a3786fdadcad3962f754120c396f36a0f9d44b50291f3bbeb4dd961da2c6	src/tests/45_globals.HC	N/A	2ab52d864d9acbfcb14616bdcd441d1d7e06c0e4e7905b2c68715b5cb5e1da86
build/lexer07-corpus-4stage/s2/69_src_tests_45_globals.o	stage2	9c1166868fae2573328af1f5c86373577a4a4b9b7464872aa2e209e3fe3c84f4	src/tests/45_globals.HC	N/A	2ab52d864d9acbfcb14616bdcd441d1d7e06c0e4e7905b2c68715b5cb5e1da86
build/lexer07-corpus-4stage/s3/69_src_tests_45_globals.o	stage3	2aec4181f1d40a8239828a1b7a00da3782114cf6efffe6c618f471687b40b7c7	src/tests/45_globals.HC	N/A	2ab52d864d9acbfcb14616bdcd441d1d7e06c0e4e7905b2c68715b5cb5e1da86
build/lexer07-corpus-4stage/s0/69_src_tests_45_globals.o	stage0	9ebeebd6784300e84e7cc64345c8fd8d42740092d9ffce13e4de201f8b92c474	src/tests/45_globals.HC	N/A	2ab52d864d9acbfcb14616bdcd441d1d7e06c0e4e7905b2c68715b5cb5e1da86
build/lexer07-corpus-4stage/s1/70_src_tests_46_alignof.o	stage1	9916a3786fdadcad3962f754120c396f36a0f9d44b50291f3bbeb4dd961da2c6	src/tests/46_alignof.HC	N/A	5125736673f61962170ff0f1b0a8c3d2d143a4ee85fe5df49bc2b18e6c7334a7
build/lexer07-corpus-4stage/s2/70_src_tests_46_alignof.o	stage2	9c1166868fae2573328af1f5c86373577a4a4b9b7464872aa2e209e3fe3c84f4	src/tests/46_alignof.HC	N/A	5125736673f61962170ff0f1b0a8c3d2d143a4ee85fe5df49bc2b18e6c7334a7
build/lexer07-corpus-4stage/s3/70_src_tests_46_alignof.o	stage3	2aec4181f1d40a8239828a1b7a00da3782114cf6efffe6c618f471687b40b7c7	src/tests/46_alignof.HC	N/A	5125736673f61962170ff0f1b0a8c3d2d143a4ee85fe5df49bc2b18e6c7334a7
build/lexer07-corpus-4stage/s0/70_src_tests_46_alignof.o	stage0	9ebeebd6784300e84e7cc64345c8fd8d42740092d9ffce13e4de201f8b92c474	src/tests/46_alignof.HC	N/A	5125736673f61962170ff0f1b0a8c3d2d143a4ee85fe5df49bc2b18e6c7334a7
build/lexer07-corpus-4stage/s1/71_src_tests_47_struct_abi.o	stage1	9916a3786fdadcad3962f754120c396f36a0f9d44b50291f3bbeb4dd961da2c6	src/tests/47_struct_abi.HC	N/A	3d070c3b4f22c3d37ae5da826f78ecc4b064eb9a72e98f658af92d6dccdcbf1e
build/lexer07-corpus-4stage/s2/71_src_tests_47_struct_abi.o	stage2	9c1166868fae2573328af1f5c86373577a4a4b9b7464872aa2e209e3fe3c84f4	src/tests/47_struct_abi.HC	N/A	3d070c3b4f22c3d37ae5da826f78ecc4b064eb9a72e98f658af92d6dccdcbf1e
build/lexer07-corpus-4stage/s3/71_src_tests_47_struct_abi.o	stage3	2aec4181f1d40a8239828a1b7a00da3782114cf6efffe6c618f471687b40b7c7	src/tests/47_struct_abi.HC	N/A	3d070c3b4f22c3d37ae5da826f78ecc4b064eb9a72e98f658af92d6dccdcbf1e
build/lexer07-corpus-4stage/s0/71_src_tests_47_struct_abi.o	stage0	9ebeebd6784300e84e7cc64345c8fd8d42740092d9ffce13e4de201f8b92c474	src/tests/47_struct_abi.HC	N/A	3d070c3b4f22c3d37ae5da826f78ecc4b064eb9a72e98f658af92d6dccdcbf1e
build/lexer07-corpus-4stage/s1/72_src_tests_48_arg_overflow.o	stage1	9916a3786fdadcad3962f754120c396f36a0f9d44b50291f3bbeb4dd961da2c6	src/tests/48_arg_overflow.HC	N/A	623aedb19ff3013f6b0ca00e36b0fcb8ea99cc6482733aba97304d38faaa0342
build/lexer07-corpus-4stage/s2/72_src_tests_48_arg_overflow.o	stage2	9c1166868fae2573328af1f5c86373577a4a4b9b7464872aa2e209e3fe3c84f4	src/tests/48_arg_overflow.HC	N/A	623aedb19ff3013f6b0ca00e36b0fcb8ea99cc6482733aba97304d38faaa0342
build/lexer07-corpus-4stage/s3/72_src_tests_48_arg_overflow.o	stage3	2aec4181f1d40a8239828a1b7a00da3782114cf6efffe6c618f471687b40b7c7	src/tests/48_arg_overflow.HC	N/A	623aedb19ff3013f6b0ca00e36b0fcb8ea99cc6482733aba97304d38faaa0342
build/lexer07-corpus-4stage/s0/72_src_tests_48_arg_overflow.o	stage0	9ebeebd6784300e84e7cc64345c8fd8d42740092d9ffce13e4de201f8b92c474	src/tests/48_arg_overflow.HC	N/A	623aedb19ff3013f6b0ca00e36b0fcb8ea99cc6482733aba97304d38faaa0342
build/lexer07-corpus-4stage/s1/73_src_tests_49_if_init.o	stage1	9916a3786fdadcad3962f754120c396f36a0f9d44b50291f3bbeb4dd961da2c6	src/tests/49_if_init.HC	N/A	2de377c82e2342db429bfb9193c7dc0f839d4e4b0ab5c5d603b7d4a957b832bb
build/lexer07-corpus-4stage/s2/73_src_tests_49_if_init.o	stage2	9c1166868fae2573328af1f5c86373577a4a4b9b7464872aa2e209e3fe3c84f4	src/tests/49_if_init.HC	N/A	2de377c82e2342db429bfb9193c7dc0f839d4e4b0ab5c5d603b7d4a957b832bb
build/lexer07-corpus-4stage/s3/73_src_tests_49_if_init.o	stage3	2aec4181f1d40a8239828a1b7a00da3782114cf6efffe6c618f471687b40b7c7	src/tests/49_if_init.HC	N/A	2de377c82e2342db429bfb9193c7dc0f839d4e4b0ab5c5d603b7d4a957b832bb
build/lexer07-corpus-4stage/s0/73_src_tests_49_if_init.o	stage0	9ebeebd6784300e84e7cc64345c8fd8d42740092d9ffce13e4de201f8b92c474	src/tests/49_if_init.HC	N/A	2de377c82e2342db429bfb9193c7dc0f839d4e4b0ab5c5d603b7d4a957b832bb
build/lexer07-corpus-4stage/s1/74_src_tests_50_float_int_conv.o	stage1	9916a3786fdadcad3962f754120c396f36a0f9d44b50291f3bbeb4dd961da2c6	src/tests/50_float_int_conv.HC	N/A	781df4158da205f9f95b80f6624e9d8d0f5ae72bcd742a757ca83aeab0643a50
build/lexer07-corpus-4stage/s2/74_src_tests_50_float_int_conv.o	stage2	9c1166868fae2573328af1f5c86373577a4a4b9b7464872aa2e209e3fe3c84f4	src/tests/50_float_int_conv.HC	N/A	781df4158da205f9f95b80f6624e9d8d0f5ae72bcd742a757ca83aeab0643a50
build/lexer07-corpus-4stage/s3/74_src_tests_50_float_int_conv.o	stage3	2aec4181f1d40a8239828a1b7a00da3782114cf6efffe6c618f471687b40b7c7	src/tests/50_float_int_conv.HC	N/A	781df4158da205f9f95b80f6624e9d8d0f5ae72bcd742a757ca83aeab0643a50
build/lexer07-corpus-4stage/s0/74_src_tests_50_float_int_conv.o	stage0	9ebeebd6784300e84e7cc64345c8fd8d42740092d9ffce13e4de201f8b92c474	src/tests/50_float_int_conv.HC	N/A	781df4158da205f9f95b80f6624e9d8d0f5ae72bcd742a757ca83aeab0643a50
build/lexer07-corpus-4stage/s1/75_src_tests_51_global_aggregate_init.o	stage1	9916a3786fdadcad3962f754120c396f36a0f9d44b50291f3bbeb4dd961da2c6	src/tests/51_global_aggregate_init.HC	N/A	0189d6da7c42b3156e4b81d8200b47e1ad086e955a285eabdee2947c3b3840c1
build/lexer07-corpus-4stage/s2/75_src_tests_51_global_aggregate_init.o	stage2	9c1166868fae2573328af1f5c86373577a4a4b9b7464872aa2e209e3fe3c84f4	src/tests/51_global_aggregate_init.HC	N/A	0189d6da7c42b3156e4b81d8200b47e1ad086e955a285eabdee2947c3b3840c1
build/lexer07-corpus-4stage/s3/75_src_tests_51_global_aggregate_init.o	stage3	2aec4181f1d40a8239828a1b7a00da3782114cf6efffe6c618f471687b40b7c7	src/tests/51_global_aggregate_init.HC	N/A	0189d6da7c42b3156e4b81d8200b47e1ad086e955a285eabdee2947c3b3840c1
build/lexer07-corpus-4stage/s0/75_src_tests_51_global_aggregate_init.o	stage0	9ebeebd6784300e84e7cc64345c8fd8d42740092d9ffce13e4de201f8b92c474	src/tests/51_global_aggregate_init.HC	N/A	0189d6da7c42b3156e4b81d8200b47e1ad086e955a285eabdee2947c3b3840c1
build/lexer07-corpus-4stage/s1/76_src_tests_52_narrow_signed_reads.o	stage1	9916a3786fdadcad3962f754120c396f36a0f9d44b50291f3bbeb4dd961da2c6	src/tests/52_narrow_signed_reads.HC	N/A	03e0532082ea205524acfec5063629fe65ea845ed681a6a364838c8249de7342
build/lexer07-corpus-4stage/s2/76_src_tests_52_narrow_signed_reads.o	stage2	9c1166868fae2573328af1f5c86373577a4a4b9b7464872aa2e209e3fe3c84f4	src/tests/52_narrow_signed_reads.HC	N/A	03e0532082ea205524acfec5063629fe65ea845ed681a6a364838c8249de7342
build/lexer07-corpus-4stage/s3/76_src_tests_52_narrow_signed_reads.o	stage3	2aec4181f1d40a8239828a1b7a00da3782114cf6efffe6c618f471687b40b7c7	src/tests/52_narrow_signed_reads.HC	N/A	03e0532082ea205524acfec5063629fe65ea845ed681a6a364838c8249de7342
build/lexer07-corpus-4stage/s0/76_src_tests_52_narrow_signed_reads.o	stage0	9ebeebd6784300e84e7cc64345c8fd8d42740092d9ffce13e4de201f8b92c474	src/tests/52_narrow_signed_reads.HC	N/A	03e0532082ea205524acfec5063629fe65ea845ed681a6a364838c8249de7342
build/lexer07-corpus-4stage/s1/77_src_tests_53_cmp_large_imm.o	stage1	9916a3786fdadcad3962f754120c396f36a0f9d44b50291f3bbeb4dd961da2c6	src/tests/53_cmp_large_imm.HC	N/A	74bc6f98567faad3ddf83c46d74fb440fe4b870154a89138014162ca3bd61325
build/lexer07-corpus-4stage/s2/77_src_tests_53_cmp_large_imm.o	stage2	9c1166868fae2573328af1f5c86373577a4a4b9b7464872aa2e209e3fe3c84f4	src/tests/53_cmp_large_imm.HC	N/A	74bc6f98567faad3ddf83c46d74fb440fe4b870154a89138014162ca3bd61325
build/lexer07-corpus-4stage/s3/77_src_tests_53_cmp_large_imm.o	stage3	2aec4181f1d40a8239828a1b7a00da3782114cf6efffe6c618f471687b40b7c7	src/tests/53_cmp_large_imm.HC	N/A	74bc6f98567faad3ddf83c46d74fb440fe4b870154a89138014162ca3bd61325
build/lexer07-corpus-4stage/s0/77_src_tests_53_cmp_large_imm.o	stage0	9ebeebd6784300e84e7cc64345c8fd8d42740092d9ffce13e4de201f8b92c474	src/tests/53_cmp_large_imm.HC	N/A	74bc6f98567faad3ddf83c46d74fb440fe4b870154a89138014162ca3bd61325
build/lexer07-corpus-4stage/s1/78_src_tests_54_struct_copy.o	stage1	9916a3786fdadcad3962f754120c396f36a0f9d44b50291f3bbeb4dd961da2c6	src/tests/54_struct_copy.HC	N/A	d7abf7e3156baa59a91cdcf9c512425aa2c6a160d1363721acfe90cbfac3f96b
build/lexer07-corpus-4stage/s2/78_src_tests_54_struct_copy.o	stage2	9c1166868fae2573328af1f5c86373577a4a4b9b7464872aa2e209e3fe3c84f4	src/tests/54_struct_copy.HC	N/A	d7abf7e3156baa59a91cdcf9c512425aa2c6a160d1363721acfe90cbfac3f96b
build/lexer07-corpus-4stage/s3/78_src_tests_54_struct_copy.o	stage3	2aec4181f1d40a8239828a1b7a00da3782114cf6efffe6c618f471687b40b7c7	src/tests/54_struct_copy.HC	N/A	d7abf7e3156baa59a91cdcf9c512425aa2c6a160d1363721acfe90cbfac3f96b
build/lexer07-corpus-4stage/s0/78_src_tests_54_struct_copy.o	stage0	9ebeebd6784300e84e7cc64345c8fd8d42740092d9ffce13e4de201f8b92c474	src/tests/54_struct_copy.HC	N/A	d7abf7e3156baa59a91cdcf9c512425aa2c6a160d1363721acfe90cbfac3f96b
build/lexer07-corpus-4stage/s1/79_src_tests_55_uppercase_l_globals.o	stage1	9916a3786fdadcad3962f754120c396f36a0f9d44b50291f3bbeb4dd961da2c6	src/tests/55_uppercase_l_globals.HC	N/A	8086bdf077a4bc7d9bbdba51f5f6310d3ebd948ac4105112aa3b859d0a1741df
build/lexer07-corpus-4stage/s2/79_src_tests_55_uppercase_l_globals.o	stage2	9c1166868fae2573328af1f5c86373577a4a4b9b7464872aa2e209e3fe3c84f4	src/tests/55_uppercase_l_globals.HC	N/A	8086bdf077a4bc7d9bbdba51f5f6310d3ebd948ac4105112aa3b859d0a1741df
build/lexer07-corpus-4stage/s3/79_src_tests_55_uppercase_l_globals.o	stage3	2aec4181f1d40a8239828a1b7a00da3782114cf6efffe6c618f471687b40b7c7	src/tests/55_uppercase_l_globals.HC	N/A	8086bdf077a4bc7d9bbdba51f5f6310d3ebd948ac4105112aa3b859d0a1741df
build/lexer07-corpus-4stage/s0/79_src_tests_55_uppercase_l_globals.o	stage0	9ebeebd6784300e84e7cc64345c8fd8d42740092d9ffce13e4de201f8b92c474	src/tests/55_uppercase_l_globals.HC	N/A	8086bdf077a4bc7d9bbdba51f5f6310d3ebd948ac4105112aa3b859d0a1741df
build/lexer07-corpus-4stage/s1/80_src_tests_56_global_struct_arg.o	stage1	9916a3786fdadcad3962f754120c396f36a0f9d44b50291f3bbeb4dd961da2c6	src/tests/56_global_struct_arg.HC	N/A	de67bc6d5ff2f62a336842361120450531f5bf786183f49c5e28bfad28107a55
build/lexer07-corpus-4stage/s2/80_src_tests_56_global_struct_arg.o	stage2	9c1166868fae2573328af1f5c86373577a4a4b9b7464872aa2e209e3fe3c84f4	src/tests/56_global_struct_arg.HC	N/A	de67bc6d5ff2f62a336842361120450531f5bf786183f49c5e28bfad28107a55
build/lexer07-corpus-4stage/s3/80_src_tests_56_global_struct_arg.o	stage3	2aec4181f1d40a8239828a1b7a00da3782114cf6efffe6c618f471687b40b7c7	src/tests/56_global_struct_arg.HC	N/A	de67bc6d5ff2f62a336842361120450531f5bf786183f49c5e28bfad28107a55
build/lexer07-corpus-4stage/s0/80_src_tests_56_global_struct_arg.o	stage0	9ebeebd6784300e84e7cc64345c8fd8d42740092d9ffce13e4de201f8b92c474	src/tests/56_global_struct_arg.HC	N/A	de67bc6d5ff2f62a336842361120450531f5bf786183f49c5e28bfad28107a55
build/lexer07-corpus-4stage/s1/81_src_tests_57_struct_field_by_value.o	stage1	9916a3786fdadcad3962f754120c396f36a0f9d44b50291f3bbeb4dd961da2c6	src/tests/57_struct_field_by_value.HC	N/A	a31eeca70e48c74376c80677102969474668d212c1b37028d08e9845b79e7db4
build/lexer07-corpus-4stage/s2/81_src_tests_57_struct_field_by_value.o	stage2	9c1166868fae2573328af1f5c86373577a4a4b9b7464872aa2e209e3fe3c84f4	src/tests/57_struct_field_by_value.HC	N/A	a31eeca70e48c74376c80677102969474668d212c1b37028d08e9845b79e7db4
build/lexer07-corpus-4stage/s3/81_src_tests_57_struct_field_by_value.o	stage3	2aec4181f1d40a8239828a1b7a00da3782114cf6efffe6c618f471687b40b7c7	src/tests/57_struct_field_by_value.HC	N/A	a31eeca70e48c74376c80677102969474668d212c1b37028d08e9845b79e7db4
build/lexer07-corpus-4stage/s0/81_src_tests_57_struct_field_by_value.o	stage0	9ebeebd6784300e84e7cc64345c8fd8d42740092d9ffce13e4de201f8b92c474	src/tests/57_struct_field_by_value.HC	N/A	a31eeca70e48c74376c80677102969474668d212c1b37028d08e9845b79e7db4
build/lexer07-corpus-4stage/s1/82_src_tests_58_struct_return.o	stage1	9916a3786fdadcad3962f754120c396f36a0f9d44b50291f3bbeb4dd961da2c6	src/tests/58_struct_return.HC	N/A	3a8a09e7868318171cd14903c031d8555e941b39faea1b3e714b2b014085fa48
build/lexer07-corpus-4stage/s2/82_src_tests_58_struct_return.o	stage2	9c1166868fae2573328af1f5c86373577a4a4b9b7464872aa2e209e3fe3c84f4	src/tests/58_struct_return.HC	N/A	3a8a09e7868318171cd14903c031d8555e941b39faea1b3e714b2b014085fa48
build/lexer07-corpus-4stage/s3/82_src_tests_58_struct_return.o	stage3	2aec4181f1d40a8239828a1b7a00da3782114cf6efffe6c618f471687b40b7c7	src/tests/58_struct_return.HC	N/A	3a8a09e7868318171cd14903c031d8555e941b39faea1b3e714b2b014085fa48
build/lexer07-corpus-4stage/s0/82_src_tests_58_struct_return.o	stage0	9ebeebd6784300e84e7cc64345c8fd8d42740092d9ffce13e4de201f8b92c474	src/tests/58_struct_return.HC	N/A	3a8a09e7868318171cd14903c031d8555e941b39faea1b3e714b2b014085fa48
build/lexer07-corpus-4stage/s1/83_src_tests_59_ptr_struct_index.o	stage1	9916a3786fdadcad3962f754120c396f36a0f9d44b50291f3bbeb4dd961da2c6	src/tests/59_ptr_struct_index.HC	N/A	facc43a9e0fa4026863200ed68a0d182e16d357db237d55a8dc1aaf633d3e763
build/lexer07-corpus-4stage/s2/83_src_tests_59_ptr_struct_index.o	stage2	9c1166868fae2573328af1f5c86373577a4a4b9b7464872aa2e209e3fe3c84f4	src/tests/59_ptr_struct_index.HC	N/A	facc43a9e0fa4026863200ed68a0d182e16d357db237d55a8dc1aaf633d3e763
build/lexer07-corpus-4stage/s3/83_src_tests_59_ptr_struct_index.o	stage3	2aec4181f1d40a8239828a1b7a00da3782114cf6efffe6c618f471687b40b7c7	src/tests/59_ptr_struct_index.HC	N/A	facc43a9e0fa4026863200ed68a0d182e16d357db237d55a8dc1aaf633d3e763
build/lexer07-corpus-4stage/s0/83_src_tests_59_ptr_struct_index.o	stage0	9ebeebd6784300e84e7cc64345c8fd8d42740092d9ffce13e4de201f8b92c474	src/tests/59_ptr_struct_index.HC	N/A	facc43a9e0fa4026863200ed68a0d182e16d357db237d55a8dc1aaf633d3e763
build/lexer07-corpus-4stage/s1/84_src_tests_60_leaf_param_arith.o	stage1	9916a3786fdadcad3962f754120c396f36a0f9d44b50291f3bbeb4dd961da2c6	src/tests/60_leaf_param_arith.HC	N/A	e3e82501759299238a7001ca4141051606c030fbf295dac82dc71174296d0389
build/lexer07-corpus-4stage/s2/84_src_tests_60_leaf_param_arith.o	stage2	9c1166868fae2573328af1f5c86373577a4a4b9b7464872aa2e209e3fe3c84f4	src/tests/60_leaf_param_arith.HC	N/A	e3e82501759299238a7001ca4141051606c030fbf295dac82dc71174296d0389
build/lexer07-corpus-4stage/s3/84_src_tests_60_leaf_param_arith.o	stage3	2aec4181f1d40a8239828a1b7a00da3782114cf6efffe6c618f471687b40b7c7	src/tests/60_leaf_param_arith.HC	N/A	e3e82501759299238a7001ca4141051606c030fbf295dac82dc71174296d0389
build/lexer07-corpus-4stage/s0/84_src_tests_60_leaf_param_arith.o	stage0	9ebeebd6784300e84e7cc64345c8fd8d42740092d9ffce13e4de201f8b92c474	src/tests/60_leaf_param_arith.HC	N/A	e3e82501759299238a7001ca4141051606c030fbf295dac82dc71174296d0389
build/lexer07-corpus-4stage/s1/85_src_tests_60_link.o	stage1	9916a3786fdadcad3962f754120c396f36a0f9d44b50291f3bbeb4dd961da2c6	src/tests/60_link.HC	N/A	70260f322b0810c9eab84a9919d832a2f7548be3bba944998823d194f608f76d
build/lexer07-corpus-4stage/s2/85_src_tests_60_link.o	stage2	9c1166868fae2573328af1f5c86373577a4a4b9b7464872aa2e209e3fe3c84f4	src/tests/60_link.HC	N/A	70260f322b0810c9eab84a9919d832a2f7548be3bba944998823d194f608f76d
build/lexer07-corpus-4stage/s3/85_src_tests_60_link.o	stage3	2aec4181f1d40a8239828a1b7a00da3782114cf6efffe6c618f471687b40b7c7	src/tests/60_link.HC	N/A	70260f322b0810c9eab84a9919d832a2f7548be3bba944998823d194f608f76d
build/lexer07-corpus-4stage/s0/85_src_tests_60_link.o	stage0	9ebeebd6784300e84e7cc64345c8fd8d42740092d9ffce13e4de201f8b92c474	src/tests/60_link.HC	N/A	70260f322b0810c9eab84a9919d832a2f7548be3bba944998823d194f608f76d
build/lexer07-corpus-4stage/s1/86_src_tests_61_ifjit_ifaot.o	stage1	9916a3786fdadcad3962f754120c396f36a0f9d44b50291f3bbeb4dd961da2c6	src/tests/61_ifjit_ifaot.HC	N/A	0d337796ca97fa4db4d031e8cd2f45f255bc5c651733b5e50969250cc7c01933
build/lexer07-corpus-4stage/s2/86_src_tests_61_ifjit_ifaot.o	stage2	9c1166868fae2573328af1f5c86373577a4a4b9b7464872aa2e209e3fe3c84f4	src/tests/61_ifjit_ifaot.HC	N/A	0d337796ca97fa4db4d031e8cd2f45f255bc5c651733b5e50969250cc7c01933
build/lexer07-corpus-4stage/s3/86_src_tests_61_ifjit_ifaot.o	stage3	2aec4181f1d40a8239828a1b7a00da3782114cf6efffe6c618f471687b40b7c7	src/tests/61_ifjit_ifaot.HC	N/A	0d337796ca97fa4db4d031e8cd2f45f255bc5c651733b5e50969250cc7c01933
build/lexer07-corpus-4stage/s0/86_src_tests_61_ifjit_ifaot.o	stage0	9ebeebd6784300e84e7cc64345c8fd8d42740092d9ffce13e4de201f8b92c474	src/tests/61_ifjit_ifaot.HC	N/A	0d337796ca97fa4db4d031e8cd2f45f255bc5c651733b5e50969250cc7c01933
build/lexer07-corpus-4stage/s1/87_src_tests_62_typeof.o	stage1	9916a3786fdadcad3962f754120c396f36a0f9d44b50291f3bbeb4dd961da2c6	src/tests/62_typeof.HC	N/A	09a56ba10d871cb8791705d3569d389179032503f7c76f12909144bd86e74767
build/lexer07-corpus-4stage/s2/87_src_tests_62_typeof.o	stage2	9c1166868fae2573328af1f5c86373577a4a4b9b7464872aa2e209e3fe3c84f4	src/tests/62_typeof.HC	N/A	09a56ba10d871cb8791705d3569d389179032503f7c76f12909144bd86e74767
build/lexer07-corpus-4stage/s3/87_src_tests_62_typeof.o	stage3	2aec4181f1d40a8239828a1b7a00da3782114cf6efffe6c618f471687b40b7c7	src/tests/62_typeof.HC	N/A	09a56ba10d871cb8791705d3569d389179032503f7c76f12909144bd86e74767
build/lexer07-corpus-4stage/s0/87_src_tests_62_typeof.o	stage0	9ebeebd6784300e84e7cc64345c8fd8d42740092d9ffce13e4de201f8b92c474	src/tests/62_typeof.HC	N/A	09a56ba10d871cb8791705d3569d389179032503f7c76f12909144bd86e74767
build/lexer07-corpus-4stage/s1/88_src_tests_63_big_stack_frames.o	stage1	9916a3786fdadcad3962f754120c396f36a0f9d44b50291f3bbeb4dd961da2c6	src/tests/63_big_stack_frames.HC	N/A	cdb1801cddef7beb7a87324285611a5df34c3081b0427a94da88eedb45b22116
build/lexer07-corpus-4stage/s2/88_src_tests_63_big_stack_frames.o	stage2	9c1166868fae2573328af1f5c86373577a4a4b9b7464872aa2e209e3fe3c84f4	src/tests/63_big_stack_frames.HC	N/A	cdb1801cddef7beb7a87324285611a5df34c3081b0427a94da88eedb45b22116
build/lexer07-corpus-4stage/s3/88_src_tests_63_big_stack_frames.o	stage3	2aec4181f1d40a8239828a1b7a00da3782114cf6efffe6c618f471687b40b7c7	src/tests/63_big_stack_frames.HC	N/A	cdb1801cddef7beb7a87324285611a5df34c3081b0427a94da88eedb45b22116
build/lexer07-corpus-4stage/s0/88_src_tests_63_big_stack_frames.o	stage0	9ebeebd6784300e84e7cc64345c8fd8d42740092d9ffce13e4de201f8b92c474	src/tests/63_big_stack_frames.HC	N/A	cdb1801cddef7beb7a87324285611a5df34c3081b0427a94da88eedb45b22116
build/lexer07-corpus-4stage/s1/89_src_tests_64_sret_x8.o	stage1	9916a3786fdadcad3962f754120c396f36a0f9d44b50291f3bbeb4dd961da2c6	src/tests/64_sret_x8.HC	N/A	4aa3ebfd12433ccf9150cf557c172a0c48975b5a7923f9af6bbe8de47952c49b
build/lexer07-corpus-4stage/s2/89_src_tests_64_sret_x8.o	stage2	9c1166868fae2573328af1f5c86373577a4a4b9b7464872aa2e209e3fe3c84f4	src/tests/64_sret_x8.HC	N/A	4aa3ebfd12433ccf9150cf557c172a0c48975b5a7923f9af6bbe8de47952c49b
build/lexer07-corpus-4stage/s3/89_src_tests_64_sret_x8.o	stage3	2aec4181f1d40a8239828a1b7a00da3782114cf6efffe6c618f471687b40b7c7	src/tests/64_sret_x8.HC	N/A	4aa3ebfd12433ccf9150cf557c172a0c48975b5a7923f9af6bbe8de47952c49b
build/lexer07-corpus-4stage/s0/89_src_tests_64_sret_x8.o	stage0	9ebeebd6784300e84e7cc64345c8fd8d42740092d9ffce13e4de201f8b92c474	src/tests/64_sret_x8.HC	N/A	4aa3ebfd12433ccf9150cf557c172a0c48975b5a7923f9af6bbe8de47952c49b
build/lexer07-corpus-4stage/s1/90_src_tests_65_class_inheritance.o	stage1	9916a3786fdadcad3962f754120c396f36a0f9d44b50291f3bbeb4dd961da2c6	src/tests/65_class_inheritance.HC	N/A	8474014bb5f82a0e1a04ff35adc3e0ca2b9e8342d29ec09f2dc909cf638913f0
build/lexer07-corpus-4stage/s2/90_src_tests_65_class_inheritance.o	stage2	9c1166868fae2573328af1f5c86373577a4a4b9b7464872aa2e209e3fe3c84f4	src/tests/65_class_inheritance.HC	N/A	8474014bb5f82a0e1a04ff35adc3e0ca2b9e8342d29ec09f2dc909cf638913f0
build/lexer07-corpus-4stage/s3/90_src_tests_65_class_inheritance.o	stage3	2aec4181f1d40a8239828a1b7a00da3782114cf6efffe6c618f471687b40b7c7	src/tests/65_class_inheritance.HC	N/A	8474014bb5f82a0e1a04ff35adc3e0ca2b9e8342d29ec09f2dc909cf638913f0
build/lexer07-corpus-4stage/s0/90_src_tests_65_class_inheritance.o	stage0	9ebeebd6784300e84e7cc64345c8fd8d42740092d9ffce13e4de201f8b92c474	src/tests/65_class_inheritance.HC	N/A	8474014bb5f82a0e1a04ff35adc3e0ca2b9e8342d29ec09f2dc909cf638913f0
build/lexer07-corpus-4stage/s1/91_src_tests_conditions.o	stage1	9916a3786fdadcad3962f754120c396f36a0f9d44b50291f3bbeb4dd961da2c6	src/tests/conditions.HC	N/A	0f96c6f879e2f907518c1d5e7e307dbec7d5fb67023370fbd342581e9701bd79
build/lexer07-corpus-4stage/s2/91_src_tests_conditions.o	stage2	9c1166868fae2573328af1f5c86373577a4a4b9b7464872aa2e209e3fe3c84f4	src/tests/conditions.HC	N/A	0f96c6f879e2f907518c1d5e7e307dbec7d5fb67023370fbd342581e9701bd79
build/lexer07-corpus-4stage/s3/91_src_tests_conditions.o	stage3	2aec4181f1d40a8239828a1b7a00da3782114cf6efffe6c618f471687b40b7c7	src/tests/conditions.HC	N/A	0f96c6f879e2f907518c1d5e7e307dbec7d5fb67023370fbd342581e9701bd79
build/lexer07-corpus-4stage/s0/91_src_tests_conditions.o	stage0	9ebeebd6784300e84e7cc64345c8fd8d42740092d9ffce13e4de201f8b92c474	src/tests/conditions.HC	N/A	0f96c6f879e2f907518c1d5e7e307dbec7d5fb67023370fbd342581e9701bd79
build/lexer07-corpus-4stage/s1/92_src_tests_ir-boundary03-correction02_runtime-correctness-i8u8-bypass.o	stage1	9916a3786fdadcad3962f754120c396f36a0f9d44b50291f3bbeb4dd961da2c6	src/tests/ir-boundary03-correction02/runtime-correctness-i8u8-bypass.HC	N/A	c4dcd1a705d2d0d6c76127cf221ff157b05d33f466f8924d2c1632d4f8c2ee81
build/lexer07-corpus-4stage/s2/92_src_tests_ir-boundary03-correction02_runtime-correctness-i8u8-bypass.o	stage2	9c1166868fae2573328af1f5c86373577a4a4b9b7464872aa2e209e3fe3c84f4	src/tests/ir-boundary03-correction02/runtime-correctness-i8u8-bypass.HC	N/A	c4dcd1a705d2d0d6c76127cf221ff157b05d33f466f8924d2c1632d4f8c2ee81
build/lexer07-corpus-4stage/s3/92_src_tests_ir-boundary03-correction02_runtime-correctness-i8u8-bypass.o	stage3	2aec4181f1d40a8239828a1b7a00da3782114cf6efffe6c618f471687b40b7c7	src/tests/ir-boundary03-correction02/runtime-correctness-i8u8-bypass.HC	N/A	c4dcd1a705d2d0d6c76127cf221ff157b05d33f466f8924d2c1632d4f8c2ee81
build/lexer07-corpus-4stage/s0/92_src_tests_ir-boundary03-correction02_runtime-correctness-i8u8-bypass.o	stage0	9ebeebd6784300e84e7cc64345c8fd8d42740092d9ffce13e4de201f8b92c474	src/tests/ir-boundary03-correction02/runtime-correctness-i8u8-bypass.HC	N/A	c4dcd1a705d2d0d6c76127cf221ff157b05d33f466f8924d2c1632d4f8c2ee81
build/lexer07-corpus-4stage/s1/93_src_tests_ir-boundary03-correction02_runtime-correctness-u8.o	stage1	9916a3786fdadcad3962f754120c396f36a0f9d44b50291f3bbeb4dd961da2c6	src/tests/ir-boundary03-correction02/runtime-correctness-u8.HC	N/A	40388366d8a15950e6a6b49453a65b4e4bb0a917ca78e82d1a38707228081904
build/lexer07-corpus-4stage/s2/93_src_tests_ir-boundary03-correction02_runtime-correctness-u8.o	stage2	9c1166868fae2573328af1f5c86373577a4a4b9b7464872aa2e209e3fe3c84f4	src/tests/ir-boundary03-correction02/runtime-correctness-u8.HC	N/A	40388366d8a15950e6a6b49453a65b4e4bb0a917ca78e82d1a38707228081904
build/lexer07-corpus-4stage/s3/93_src_tests_ir-boundary03-correction02_runtime-correctness-u8.o	stage3	2aec4181f1d40a8239828a1b7a00da3782114cf6efffe6c618f471687b40b7c7	src/tests/ir-boundary03-correction02/runtime-correctness-u8.HC	N/A	40388366d8a15950e6a6b49453a65b4e4bb0a917ca78e82d1a38707228081904
build/lexer07-corpus-4stage/s0/93_src_tests_ir-boundary03-correction02_runtime-correctness-u8.o	stage0	9ebeebd6784300e84e7cc64345c8fd8d42740092d9ffce13e4de201f8b92c474	src/tests/ir-boundary03-correction02/runtime-correctness-u8.HC	N/A	40388366d8a15950e6a6b49453a65b4e4bb0a917ca78e82d1a38707228081904
build/lexer07-corpus-4stage/s1/94_src_tests_ir-boundary03-correction02_w1_u8_literal_2.o	stage1	9916a3786fdadcad3962f754120c396f36a0f9d44b50291f3bbeb4dd961da2c6	src/tests/ir-boundary03-correction02/w1_u8_literal_2.HC	N/A	37d894f0c3441bc72661045ff6433f95fdb0157de0132103d464b00e5aa8fa19
build/lexer07-corpus-4stage/s2/94_src_tests_ir-boundary03-correction02_w1_u8_literal_2.o	stage2	9c1166868fae2573328af1f5c86373577a4a4b9b7464872aa2e209e3fe3c84f4	src/tests/ir-boundary03-correction02/w1_u8_literal_2.HC	N/A	37d894f0c3441bc72661045ff6433f95fdb0157de0132103d464b00e5aa8fa19
build/lexer07-corpus-4stage/s3/94_src_tests_ir-boundary03-correction02_w1_u8_literal_2.o	stage3	2aec4181f1d40a8239828a1b7a00da3782114cf6efffe6c618f471687b40b7c7	src/tests/ir-boundary03-correction02/w1_u8_literal_2.HC	N/A	37d894f0c3441bc72661045ff6433f95fdb0157de0132103d464b00e5aa8fa19
build/lexer07-corpus-4stage/s0/94_src_tests_ir-boundary03-correction02_w1_u8_literal_2.o	stage0	9ebeebd6784300e84e7cc64345c8fd8d42740092d9ffce13e4de201f8b92c474	src/tests/ir-boundary03-correction02/w1_u8_literal_2.HC	N/A	37d894f0c3441bc72661045ff6433f95fdb0157de0132103d464b00e5aa8fa19
build/lexer07-corpus-4stage/s1/95_src_tests_ir-boundary03-correction02_w2_u8_id.o	stage1	9916a3786fdadcad3962f754120c396f36a0f9d44b50291f3bbeb4dd961da2c6	src/tests/ir-boundary03-correction02/w2_u8_id.HC	N/A	ba31726f1f7edf2e053e497d76dc87454df0fd886ad45e072647bf85e6dee061
build/lexer07-corpus-4stage/s2/95_src_tests_ir-boundary03-correction02_w2_u8_id.o	stage2	9c1166868fae2573328af1f5c86373577a4a4b9b7464872aa2e209e3fe3c84f4	src/tests/ir-boundary03-correction02/w2_u8_id.HC	N/A	ba31726f1f7edf2e053e497d76dc87454df0fd886ad45e072647bf85e6dee061
build/lexer07-corpus-4stage/s3/95_src_tests_ir-boundary03-correction02_w2_u8_id.o	stage3	2aec4181f1d40a8239828a1b7a00da3782114cf6efffe6c618f471687b40b7c7	src/tests/ir-boundary03-correction02/w2_u8_id.HC	N/A	ba31726f1f7edf2e053e497d76dc87454df0fd886ad45e072647bf85e6dee061
build/lexer07-corpus-4stage/s0/95_src_tests_ir-boundary03-correction02_w2_u8_id.o	stage0	9ebeebd6784300e84e7cc64345c8fd8d42740092d9ffce13e4de201f8b92c474	src/tests/ir-boundary03-correction02/w2_u8_id.HC	N/A	ba31726f1f7edf2e053e497d76dc87454df0fd886ad45e072647bf85e6dee061
build/lexer07-corpus-4stage/s1/96_src_tests_ir-boundary03-correction02_w3_u8_eq_2.o	stage1	9916a3786fdadcad3962f754120c396f36a0f9d44b50291f3bbeb4dd961da2c6	src/tests/ir-boundary03-correction02/w3_u8_eq_2.HC	N/A	67f94ea8e8f47a7c9c195180b81e0ff69e85a1746cf9e57a2ad527f28d54af36
build/lexer07-corpus-4stage/s2/96_src_tests_ir-boundary03-correction02_w3_u8_eq_2.o	stage2	9c1166868fae2573328af1f5c86373577a4a4b9b7464872aa2e209e3fe3c84f4	src/tests/ir-boundary03-correction02/w3_u8_eq_2.HC	N/A	67f94ea8e8f47a7c9c195180b81e0ff69e85a1746cf9e57a2ad527f28d54af36
build/lexer07-corpus-4stage/s3/96_src_tests_ir-boundary03-correction02_w3_u8_eq_2.o	stage3	2aec4181f1d40a8239828a1b7a00da3782114cf6efffe6c618f471687b40b7c7	src/tests/ir-boundary03-correction02/w3_u8_eq_2.HC	N/A	67f94ea8e8f47a7c9c195180b81e0ff69e85a1746cf9e57a2ad527f28d54af36
build/lexer07-corpus-4stage/s0/96_src_tests_ir-boundary03-correction02_w3_u8_eq_2.o	stage0	9ebeebd6784300e84e7cc64345c8fd8d42740092d9ffce13e4de201f8b92c474	src/tests/ir-boundary03-correction02/w3_u8_eq_2.HC	N/A	67f94ea8e8f47a7c9c195180b81e0ff69e85a1746cf9e57a2ad527f28d54af36
build/lexer07-corpus-4stage/s1/97_src_tests_ir-boundary03-correction02_w4_u8_passthrough.o	stage1	9916a3786fdadcad3962f754120c396f36a0f9d44b50291f3bbeb4dd961da2c6	src/tests/ir-boundary03-correction02/w4_u8_passthrough.HC	N/A	11ff5c31cf78d8b805e726714d21816b03055374e48550daaa4f4c750fda6172
build/lexer07-corpus-4stage/s2/97_src_tests_ir-boundary03-correction02_w4_u8_passthrough.o	stage2	9c1166868fae2573328af1f5c86373577a4a4b9b7464872aa2e209e3fe3c84f4	src/tests/ir-boundary03-correction02/w4_u8_passthrough.HC	N/A	11ff5c31cf78d8b805e726714d21816b03055374e48550daaa4f4c750fda6172
build/lexer07-corpus-4stage/s3/97_src_tests_ir-boundary03-correction02_w4_u8_passthrough.o	stage3	2aec4181f1d40a8239828a1b7a00da3782114cf6efffe6c618f471687b40b7c7	src/tests/ir-boundary03-correction02/w4_u8_passthrough.HC	N/A	11ff5c31cf78d8b805e726714d21816b03055374e48550daaa4f4c750fda6172
build/lexer07-corpus-4stage/s0/97_src_tests_ir-boundary03-correction02_w4_u8_passthrough.o	stage0	9ebeebd6784300e84e7cc64345c8fd8d42740092d9ffce13e4de201f8b92c474	src/tests/ir-boundary03-correction02/w4_u8_passthrough.HC	N/A	11ff5c31cf78d8b805e726714d21816b03055374e48550daaa4f4c750fda6172
build/lexer07-corpus-4stage/s1/98_src_tests_ir-boundary03-correction02_w5_i8_id.o	stage1	9916a3786fdadcad3962f754120c396f36a0f9d44b50291f3bbeb4dd961da2c6	src/tests/ir-boundary03-correction02/w5_i8_id.HC	N/A	249bd9512ead7f7f55bee8cc5182e6fd80a953d182c0f0b5b4afd9604019b6dc
build/lexer07-corpus-4stage/s2/98_src_tests_ir-boundary03-correction02_w5_i8_id.o	stage2	9c1166868fae2573328af1f5c86373577a4a4b9b7464872aa2e209e3fe3c84f4	src/tests/ir-boundary03-correction02/w5_i8_id.HC	N/A	249bd9512ead7f7f55bee8cc5182e6fd80a953d182c0f0b5b4afd9604019b6dc
build/lexer07-corpus-4stage/s3/98_src_tests_ir-boundary03-correction02_w5_i8_id.o	stage3	2aec4181f1d40a8239828a1b7a00da3782114cf6efffe6c618f471687b40b7c7	src/tests/ir-boundary03-correction02/w5_i8_id.HC	N/A	249bd9512ead7f7f55bee8cc5182e6fd80a953d182c0f0b5b4afd9604019b6dc
build/lexer07-corpus-4stage/s0/98_src_tests_ir-boundary03-correction02_w5_i8_id.o	stage0	9ebeebd6784300e84e7cc64345c8fd8d42740092d9ffce13e4de201f8b92c474	src/tests/ir-boundary03-correction02/w5_i8_id.HC	N/A	249bd9512ead7f7f55bee8cc5182e6fd80a953d182c0f0b5b4afd9604019b6dc
build/lexer07-corpus-4stage/s1/99_src_tests_ir-boundary03-correction02_w6_other_widths.o	stage1	9916a3786fdadcad3962f754120c396f36a0f9d44b50291f3bbeb4dd961da2c6	src/tests/ir-boundary03-correction02/w6_other_widths.HC	N/A	b213bdce7f8f12726ca78d3f20005da5ffc3f4c09d0ad7100166db7306a829a1
build/lexer07-corpus-4stage/s2/99_src_tests_ir-boundary03-correction02_w6_other_widths.o	stage2	9c1166868fae2573328af1f5c86373577a4a4b9b7464872aa2e209e3fe3c84f4	src/tests/ir-boundary03-correction02/w6_other_widths.HC	N/A	b213bdce7f8f12726ca78d3f20005da5ffc3f4c09d0ad7100166db7306a829a1
build/lexer07-corpus-4stage/s3/99_src_tests_ir-boundary03-correction02_w6_other_widths.o	stage3	2aec4181f1d40a8239828a1b7a00da3782114cf6efffe6c618f471687b40b7c7	src/tests/ir-boundary03-correction02/w6_other_widths.HC	N/A	b213bdce7f8f12726ca78d3f20005da5ffc3f4c09d0ad7100166db7306a829a1
build/lexer07-corpus-4stage/s0/99_src_tests_ir-boundary03-correction02_w6_other_widths.o	stage0	9ebeebd6784300e84e7cc64345c8fd8d42740092d9ffce13e4de201f8b92c474	src/tests/ir-boundary03-correction02/w6_other_widths.HC	N/A	b213bdce7f8f12726ca78d3f20005da5ffc3f4c09d0ad7100166db7306a829a1
build/lexer07-corpus-4stage/s1/100_src_tests_ir-boundary03-correction02_w_i8_id_direct.o	stage1	9916a3786fdadcad3962f754120c396f36a0f9d44b50291f3bbeb4dd961da2c6	src/tests/ir-boundary03-correction02/w_i8_id_direct.HC	N/A	848a9928995b30f5b85132a110d669ff99f7c9322f0db27903e5919968cac214
build/lexer07-corpus-4stage/s2/100_src_tests_ir-boundary03-correction02_w_i8_id_direct.o	stage2	9c1166868fae2573328af1f5c86373577a4a4b9b7464872aa2e209e3fe3c84f4	src/tests/ir-boundary03-correction02/w_i8_id_direct.HC	N/A	848a9928995b30f5b85132a110d669ff99f7c9322f0db27903e5919968cac214
build/lexer07-corpus-4stage/s3/100_src_tests_ir-boundary03-correction02_w_i8_id_direct.o	stage3	2aec4181f1d40a8239828a1b7a00da3782114cf6efffe6c618f471687b40b7c7	src/tests/ir-boundary03-correction02/w_i8_id_direct.HC	N/A	848a9928995b30f5b85132a110d669ff99f7c9322f0db27903e5919968cac214
build/lexer07-corpus-4stage/s0/100_src_tests_ir-boundary03-correction02_w_i8_id_direct.o	stage0	9ebeebd6784300e84e7cc64345c8fd8d42740092d9ffce13e4de201f8b92c474	src/tests/ir-boundary03-correction02/w_i8_id_direct.HC	N/A	848a9928995b30f5b85132a110d669ff99f7c9322f0db27903e5919968cac214
build/lexer07-corpus-4stage/s1/101_src_tests_ir-boundary03-correction02_w_u8_arith.o	stage1	9916a3786fdadcad3962f754120c396f36a0f9d44b50291f3bbeb4dd961da2c6	src/tests/ir-boundary03-correction02/w_u8_arith.HC	N/A	f902249c1972d25caa209db22214cfb61cbe96ff65fdb8e137ada0ea1043412b
build/lexer07-corpus-4stage/s2/101_src_tests_ir-boundary03-correction02_w_u8_arith.o	stage2	9c1166868fae2573328af1f5c86373577a4a4b9b7464872aa2e209e3fe3c84f4	src/tests/ir-boundary03-correction02/w_u8_arith.HC	N/A	f902249c1972d25caa209db22214cfb61cbe96ff65fdb8e137ada0ea1043412b
build/lexer07-corpus-4stage/s3/101_src_tests_ir-boundary03-correction02_w_u8_arith.o	stage3	2aec4181f1d40a8239828a1b7a00da3782114cf6efffe6c618f471687b40b7c7	src/tests/ir-boundary03-correction02/w_u8_arith.HC	N/A	f902249c1972d25caa209db22214cfb61cbe96ff65fdb8e137ada0ea1043412b
build/lexer07-corpus-4stage/s0/101_src_tests_ir-boundary03-correction02_w_u8_arith.o	stage0	9ebeebd6784300e84e7cc64345c8fd8d42740092d9ffce13e4de201f8b92c474	src/tests/ir-boundary03-correction02/w_u8_arith.HC	N/A	f902249c1972d25caa209db22214cfb61cbe96ff65fdb8e137ada0ea1043412b
build/lexer07-corpus-4stage/s1/102_src_tests_ir-boundary03-correction02_w_u8_local.o	stage1	9916a3786fdadcad3962f754120c396f36a0f9d44b50291f3bbeb4dd961da2c6	src/tests/ir-boundary03-correction02/w_u8_local.HC	N/A	a18577c49e3577859df91844ad474f893b56df2aed252876642eab52ce6c5359
build/lexer07-corpus-4stage/s2/102_src_tests_ir-boundary03-correction02_w_u8_local.o	stage2	9c1166868fae2573328af1f5c86373577a4a4b9b7464872aa2e209e3fe3c84f4	src/tests/ir-boundary03-correction02/w_u8_local.HC	N/A	a18577c49e3577859df91844ad474f893b56df2aed252876642eab52ce6c5359
build/lexer07-corpus-4stage/s3/102_src_tests_ir-boundary03-correction02_w_u8_local.o	stage3	2aec4181f1d40a8239828a1b7a00da3782114cf6efffe6c618f471687b40b7c7	src/tests/ir-boundary03-correction02/w_u8_local.HC	N/A	a18577c49e3577859df91844ad474f893b56df2aed252876642eab52ce6c5359
build/lexer07-corpus-4stage/s0/102_src_tests_ir-boundary03-correction02_w_u8_local.o	stage0	9ebeebd6784300e84e7cc64345c8fd8d42740092d9ffce13e4de201f8b92c474	src/tests/ir-boundary03-correction02/w_u8_local.HC	N/A	a18577c49e3577859df91844ad474f893b56df2aed252876642eab52ce6c5359
build/lexer07-corpus-4stage/s1/103_src_tests_ir-boundary03-correction02_w_u8_sub.o	stage1	9916a3786fdadcad3962f754120c396f36a0f9d44b50291f3bbeb4dd961da2c6	src/tests/ir-boundary03-correction02/w_u8_sub.HC	N/A	002fc3c6c3ecbeee4ee5fb244b9140d97623c544b59c0c508438ae348421f11a
build/lexer07-corpus-4stage/s2/103_src_tests_ir-boundary03-correction02_w_u8_sub.o	stage2	9c1166868fae2573328af1f5c86373577a4a4b9b7464872aa2e209e3fe3c84f4	src/tests/ir-boundary03-correction02/w_u8_sub.HC	N/A	002fc3c6c3ecbeee4ee5fb244b9140d97623c544b59c0c508438ae348421f11a
build/lexer07-corpus-4stage/s3/103_src_tests_ir-boundary03-correction02_w_u8_sub.o	stage3	2aec4181f1d40a8239828a1b7a00da3782114cf6efffe6c618f471687b40b7c7	src/tests/ir-boundary03-correction02/w_u8_sub.HC	N/A	002fc3c6c3ecbeee4ee5fb244b9140d97623c544b59c0c508438ae348421f11a
build/lexer07-corpus-4stage/s0/103_src_tests_ir-boundary03-correction02_w_u8_sub.o	stage0	9ebeebd6784300e84e7cc64345c8fd8d42740092d9ffce13e4de201f8b92c474	src/tests/ir-boundary03-correction02/w_u8_sub.HC	N/A	002fc3c6c3ecbeee4ee5fb244b9140d97623c544b59c0c508438ae348421f11a
build/lexer07-corpus-4stage/s1/104_src_tests_ir-boundary03_truthiness_literals.o	stage1	9916a3786fdadcad3962f754120c396f36a0f9d44b50291f3bbeb4dd961da2c6	src/tests/ir-boundary03/truthiness_literals.HC	N/A	79f4ce1c460a16d23645b09b97fc4f434285cc7ec851f345d63fd9aa190d3dc3
build/lexer07-corpus-4stage/s2/104_src_tests_ir-boundary03_truthiness_literals.o	stage2	9c1166868fae2573328af1f5c86373577a4a4b9b7464872aa2e209e3fe3c84f4	src/tests/ir-boundary03/truthiness_literals.HC	N/A	79f4ce1c460a16d23645b09b97fc4f434285cc7ec851f345d63fd9aa190d3dc3
build/lexer07-corpus-4stage/s3/104_src_tests_ir-boundary03_truthiness_literals.o	stage3	2aec4181f1d40a8239828a1b7a00da3782114cf6efffe6c618f471687b40b7c7	src/tests/ir-boundary03/truthiness_literals.HC	N/A	79f4ce1c460a16d23645b09b97fc4f434285cc7ec851f345d63fd9aa190d3dc3
build/lexer07-corpus-4stage/s0/104_src_tests_ir-boundary03_truthiness_literals.o	stage0	9ebeebd6784300e84e7cc64345c8fd8d42740092d9ffce13e4de201f8b92c474	src/tests/ir-boundary03/truthiness_literals.HC	N/A	79f4ce1c460a16d23645b09b97fc4f434285cc7ec851f345d63fd9aa190d3dc3
build/lexer07-corpus-4stage/s1/105_src_tests_ir-boundary03_truthiness_var.o	stage1	9916a3786fdadcad3962f754120c396f36a0f9d44b50291f3bbeb4dd961da2c6	src/tests/ir-boundary03/truthiness_var.HC	N/A	e9af78dec14cb8fa3748ef96c37ff555ddb0fefd7d23d7c0c4c52de4b4c21fe5
build/lexer07-corpus-4stage/s2/105_src_tests_ir-boundary03_truthiness_var.o	stage2	9c1166868fae2573328af1f5c86373577a4a4b9b7464872aa2e209e3fe3c84f4	src/tests/ir-boundary03/truthiness_var.HC	N/A	e9af78dec14cb8fa3748ef96c37ff555ddb0fefd7d23d7c0c4c52de4b4c21fe5
build/lexer07-corpus-4stage/s3/105_src_tests_ir-boundary03_truthiness_var.o	stage3	2aec4181f1d40a8239828a1b7a00da3782114cf6efffe6c618f471687b40b7c7	src/tests/ir-boundary03/truthiness_var.HC	N/A	e9af78dec14cb8fa3748ef96c37ff555ddb0fefd7d23d7c0c4c52de4b4c21fe5
build/lexer07-corpus-4stage/s0/105_src_tests_ir-boundary03_truthiness_var.o	stage0	9ebeebd6784300e84e7cc64345c8fd8d42740092d9ffce13e4de201f8b92c474	src/tests/ir-boundary03/truthiness_var.HC	N/A	e9af78dec14cb8fa3748ef96c37ff555ddb0fefd7d23d7c0c4c52de4b4c21fe5
build/lexer07-corpus-4stage/s1/106_src_tests_llvm-byte-memory01_Diamond.o	stage1	9916a3786fdadcad3962f754120c396f36a0f9d44b50291f3bbeb4dd961da2c6	src/tests/llvm-byte-memory01/Diamond.HC	N/A	a3557b17daf8b9f8399f621f60fd3207d64a277b2e1e2f5bafc34906728582eb
build/lexer07-corpus-4stage/s2/106_src_tests_llvm-byte-memory01_Diamond.o	stage2	9c1166868fae2573328af1f5c86373577a4a4b9b7464872aa2e209e3fe3c84f4	src/tests/llvm-byte-memory01/Diamond.HC	N/A	a3557b17daf8b9f8399f621f60fd3207d64a277b2e1e2f5bafc34906728582eb
build/lexer07-corpus-4stage/s3/106_src_tests_llvm-byte-memory01_Diamond.o	stage3	2aec4181f1d40a8239828a1b7a00da3782114cf6efffe6c618f471687b40b7c7	src/tests/llvm-byte-memory01/Diamond.HC	N/A	a3557b17daf8b9f8399f621f60fd3207d64a277b2e1e2f5bafc34906728582eb
build/lexer07-corpus-4stage/s0/106_src_tests_llvm-byte-memory01_Diamond.o	stage0	9ebeebd6784300e84e7cc64345c8fd8d42740092d9ffce13e4de201f8b92c474	src/tests/llvm-byte-memory01/Diamond.HC	N/A	a3557b17daf8b9f8399f621f60fd3207d64a277b2e1e2f5bafc34906728582eb
build/lexer07-corpus-4stage/s1/107_src_tests_llvm-byte-memory01_i64_collapse_probe.o	stage1	9916a3786fdadcad3962f754120c396f36a0f9d44b50291f3bbeb4dd961da2c6	src/tests/llvm-byte-memory01/i64_collapse_probe.HC	N/A	0ea987ad1eee11863257d31def5a4e9040cf7f03d5d8e33eda0a38080fabe9af
build/lexer07-corpus-4stage/s2/107_src_tests_llvm-byte-memory01_i64_collapse_probe.o	stage2	9c1166868fae2573328af1f5c86373577a4a4b9b7464872aa2e209e3fe3c84f4	src/tests/llvm-byte-memory01/i64_collapse_probe.HC	N/A	0ea987ad1eee11863257d31def5a4e9040cf7f03d5d8e33eda0a38080fabe9af
build/lexer07-corpus-4stage/s3/107_src_tests_llvm-byte-memory01_i64_collapse_probe.o	stage3	2aec4181f1d40a8239828a1b7a00da3782114cf6efffe6c618f471687b40b7c7	src/tests/llvm-byte-memory01/i64_collapse_probe.HC	N/A	0ea987ad1eee11863257d31def5a4e9040cf7f03d5d8e33eda0a38080fabe9af
build/lexer07-corpus-4stage/s0/107_src_tests_llvm-byte-memory01_i64_collapse_probe.o	stage0	9ebeebd6784300e84e7cc64345c8fd8d42740092d9ffce13e4de201f8b92c474	src/tests/llvm-byte-memory01/i64_collapse_probe.HC	N/A	0ea987ad1eee11863257d31def5a4e9040cf7f03d5d8e33eda0a38080fabe9af
build/lexer07-corpus-4stage/s1/108_src_tests_llvm-byte-memory01_nc_p01_predecessor_paths.o	stage1	9916a3786fdadcad3962f754120c396f36a0f9d44b50291f3bbeb4dd961da2c6	src/tests/llvm-byte-memory01/nc_p01_predecessor_paths.HC	N/A	e1a912d651fece8e05f9b6bee575ef96ed3f4160d7bc1f187e315d722a524126
build/lexer07-corpus-4stage/s2/108_src_tests_llvm-byte-memory01_nc_p01_predecessor_paths.o	stage2	9c1166868fae2573328af1f5c86373577a4a4b9b7464872aa2e209e3fe3c84f4	src/tests/llvm-byte-memory01/nc_p01_predecessor_paths.HC	N/A	e1a912d651fece8e05f9b6bee575ef96ed3f4160d7bc1f187e315d722a524126
build/lexer07-corpus-4stage/s3/108_src_tests_llvm-byte-memory01_nc_p01_predecessor_paths.o	stage3	2aec4181f1d40a8239828a1b7a00da3782114cf6efffe6c618f471687b40b7c7	src/tests/llvm-byte-memory01/nc_p01_predecessor_paths.HC	N/A	e1a912d651fece8e05f9b6bee575ef96ed3f4160d7bc1f187e315d722a524126
build/lexer07-corpus-4stage/s0/108_src_tests_llvm-byte-memory01_nc_p01_predecessor_paths.o	stage0	9ebeebd6784300e84e7cc64345c8fd8d42740092d9ffce13e4de201f8b92c474	src/tests/llvm-byte-memory01/nc_p01_predecessor_paths.HC	N/A	e1a912d651fece8e05f9b6bee575ef96ed3f4160d7bc1f187e315d722a524126
build/lexer07-corpus-4stage/s1/109_src_tests_llvm-byte-memory01_pos_b0_compare_digit.o	stage1	9916a3786fdadcad3962f754120c396f36a0f9d44b50291f3bbeb4dd961da2c6	src/tests/llvm-byte-memory01/pos_b0_compare_digit.HC	N/A	ca270cd8cd9f3f2867b69e0375eb7ca332faeecafafdfa68640511b687d26890
build/lexer07-corpus-4stage/s2/109_src_tests_llvm-byte-memory01_pos_b0_compare_digit.o	stage2	9c1166868fae2573328af1f5c86373577a4a4b9b7464872aa2e209e3fe3c84f4	src/tests/llvm-byte-memory01/pos_b0_compare_digit.HC	N/A	ca270cd8cd9f3f2867b69e0375eb7ca332faeecafafdfa68640511b687d26890
build/lexer07-corpus-4stage/s3/109_src_tests_llvm-byte-memory01_pos_b0_compare_digit.o	stage3	2aec4181f1d40a8239828a1b7a00da3782114cf6efffe6c618f471687b40b7c7	src/tests/llvm-byte-memory01/pos_b0_compare_digit.HC	N/A	ca270cd8cd9f3f2867b69e0375eb7ca332faeecafafdfa68640511b687d26890
build/lexer07-corpus-4stage/s0/109_src_tests_llvm-byte-memory01_pos_b0_compare_digit.o	stage0	9ebeebd6784300e84e7cc64345c8fd8d42740092d9ffce13e4de201f8b92c474	src/tests/llvm-byte-memory01/pos_b0_compare_digit.HC	N/A	ca270cd8cd9f3f2867b69e0375eb7ca332faeecafafdfa68640511b687d26890
build/lexer07-corpus-4stage/s1/110_src_tests_llvm-byte-memory01_pos_byte_compare_simple.o	stage1	9916a3786fdadcad3962f754120c396f36a0f9d44b50291f3bbeb4dd961da2c6	src/tests/llvm-byte-memory01/pos_byte_compare_simple.HC	N/A	b74f6e4fbfb4992ebeffa5540600d49a38ca030add077b403401da41d0bd0cb6
build/lexer07-corpus-4stage/s2/110_src_tests_llvm-byte-memory01_pos_byte_compare_simple.o	stage2	9c1166868fae2573328af1f5c86373577a4a4b9b7464872aa2e209e3fe3c84f4	src/tests/llvm-byte-memory01/pos_byte_compare_simple.HC	N/A	b74f6e4fbfb4992ebeffa5540600d49a38ca030add077b403401da41d0bd0cb6
build/lexer07-corpus-4stage/s3/110_src_tests_llvm-byte-memory01_pos_byte_compare_simple.o	stage3	2aec4181f1d40a8239828a1b7a00da3782114cf6efffe6c618f471687b40b7c7	src/tests/llvm-byte-memory01/pos_byte_compare_simple.HC	N/A	b74f6e4fbfb4992ebeffa5540600d49a38ca030add077b403401da41d0bd0cb6
build/lexer07-corpus-4stage/s0/110_src_tests_llvm-byte-memory01_pos_byte_compare_simple.o	stage0	9ebeebd6784300e84e7cc64345c8fd8d42740092d9ffce13e4de201f8b92c474	src/tests/llvm-byte-memory01/pos_byte_compare_simple.HC	N/A	b74f6e4fbfb4992ebeffa5540600d49a38ca030add077b403401da41d0bd0cb6
build/lexer07-corpus-4stage/s1/111_src_tests_llvm-byte-memory01_red_byte_load.o	stage1	9916a3786fdadcad3962f754120c396f36a0f9d44b50291f3bbeb4dd961da2c6	src/tests/llvm-byte-memory01/red_byte_load.HC	N/A	423f9abb09f0e47f3b2e13ac51ead04cf93690bb244b4df325bb31212d4a6ad4
build/lexer07-corpus-4stage/s2/111_src_tests_llvm-byte-memory01_red_byte_load.o	stage2	9c1166868fae2573328af1f5c86373577a4a4b9b7464872aa2e209e3fe3c84f4	src/tests/llvm-byte-memory01/red_byte_load.HC	N/A	423f9abb09f0e47f3b2e13ac51ead04cf93690bb244b4df325bb31212d4a6ad4
build/lexer07-corpus-4stage/s3/111_src_tests_llvm-byte-memory01_red_byte_load.o	stage3	2aec4181f1d40a8239828a1b7a00da3782114cf6efffe6c618f471687b40b7c7	src/tests/llvm-byte-memory01/red_byte_load.HC	N/A	423f9abb09f0e47f3b2e13ac51ead04cf93690bb244b4df325bb31212d4a6ad4
build/lexer07-corpus-4stage/s0/111_src_tests_llvm-byte-memory01_red_byte_load.o	stage0	9ebeebd6784300e84e7cc64345c8fd8d42740092d9ffce13e4de201f8b92c474	src/tests/llvm-byte-memory01/red_byte_load.HC	N/A	423f9abb09f0e47f3b2e13ac51ead04cf93690bb244b4df325bb31212d4a6ad4
build/lexer07-corpus-4stage/s1/112_src_tests_llvm-byte-memory01_red_byte_pointer_param.o	stage1	9916a3786fdadcad3962f754120c396f36a0f9d44b50291f3bbeb4dd961da2c6	src/tests/llvm-byte-memory01/red_byte_pointer_param.HC	N/A	423f9abb09f0e47f3b2e13ac51ead04cf93690bb244b4df325bb31212d4a6ad4
build/lexer07-corpus-4stage/s2/112_src_tests_llvm-byte-memory01_red_byte_pointer_param.o	stage2	9c1166868fae2573328af1f5c86373577a4a4b9b7464872aa2e209e3fe3c84f4	src/tests/llvm-byte-memory01/red_byte_pointer_param.HC	N/A	423f9abb09f0e47f3b2e13ac51ead04cf93690bb244b4df325bb31212d4a6ad4
build/lexer07-corpus-4stage/s3/112_src_tests_llvm-byte-memory01_red_byte_pointer_param.o	stage3	2aec4181f1d40a8239828a1b7a00da3782114cf6efffe6c618f471687b40b7c7	src/tests/llvm-byte-memory01/red_byte_pointer_param.HC	N/A	423f9abb09f0e47f3b2e13ac51ead04cf93690bb244b4df325bb31212d4a6ad4
build/lexer07-corpus-4stage/s0/112_src_tests_llvm-byte-memory01_red_byte_pointer_param.o	stage0	9ebeebd6784300e84e7cc64345c8fd8d42740092d9ffce13e4de201f8b92c474	src/tests/llvm-byte-memory01/red_byte_pointer_param.HC	N/A	423f9abb09f0e47f3b2e13ac51ead04cf93690bb244b4df325bb31212d4a6ad4
build/lexer07-corpus-4stage/s1/113_src_tests_llvm-byte-memory01_red_byte_to_i64.o	stage1	9916a3786fdadcad3962f754120c396f36a0f9d44b50291f3bbeb4dd961da2c6	src/tests/llvm-byte-memory01/red_byte_to_i64.HC	N/A	2910e12d8b5e494f9bfdf7a553dca2b4099ce77d30dc852269ee97ba9b33f3bd
build/lexer07-corpus-4stage/s2/113_src_tests_llvm-byte-memory01_red_byte_to_i64.o	stage2	9c1166868fae2573328af1f5c86373577a4a4b9b7464872aa2e209e3fe3c84f4	src/tests/llvm-byte-memory01/red_byte_to_i64.HC	N/A	2910e12d8b5e494f9bfdf7a553dca2b4099ce77d30dc852269ee97ba9b33f3bd
build/lexer07-corpus-4stage/s3/113_src_tests_llvm-byte-memory01_red_byte_to_i64.o	stage3	2aec4181f1d40a8239828a1b7a00da3782114cf6efffe6c618f471687b40b7c7	src/tests/llvm-byte-memory01/red_byte_to_i64.HC	N/A	2910e12d8b5e494f9bfdf7a553dca2b4099ce77d30dc852269ee97ba9b33f3bd
build/lexer07-corpus-4stage/s0/113_src_tests_llvm-byte-memory01_red_byte_to_i64.o	stage0	9ebeebd6784300e84e7cc64345c8fd8d42740092d9ffce13e4de201f8b92c474	src/tests/llvm-byte-memory01/red_byte_to_i64.HC	N/A	2910e12d8b5e494f9bfdf7a553dca2b4099ce77d30dc852269ee97ba9b33f3bd
build/lexer07-corpus-4stage/s1/114_src_tests_llvm-byte-memory01_red_i16_trunc_negative.o	stage1	9916a3786fdadcad3962f754120c396f36a0f9d44b50291f3bbeb4dd961da2c6	src/tests/llvm-byte-memory01/red_i16_trunc_negative.HC	N/A	41dc12734921948e109b682e478425905fa0653e4365d530c3ed40e4167e9260
build/lexer07-corpus-4stage/s2/114_src_tests_llvm-byte-memory01_red_i16_trunc_negative.o	stage2	9c1166868fae2573328af1f5c86373577a4a4b9b7464872aa2e209e3fe3c84f4	src/tests/llvm-byte-memory01/red_i16_trunc_negative.HC	N/A	41dc12734921948e109b682e478425905fa0653e4365d530c3ed40e4167e9260
build/lexer07-corpus-4stage/s3/114_src_tests_llvm-byte-memory01_red_i16_trunc_negative.o	stage3	2aec4181f1d40a8239828a1b7a00da3782114cf6efffe6c618f471687b40b7c7	src/tests/llvm-byte-memory01/red_i16_trunc_negative.HC	N/A	41dc12734921948e109b682e478425905fa0653e4365d530c3ed40e4167e9260
build/lexer07-corpus-4stage/s0/114_src_tests_llvm-byte-memory01_red_i16_trunc_negative.o	stage0	9ebeebd6784300e84e7cc64345c8fd8d42740092d9ffce13e4de201f8b92c474	src/tests/llvm-byte-memory01/red_i16_trunc_negative.HC	N/A	41dc12734921948e109b682e478425905fa0653e4365d530c3ed40e4167e9260
build/lexer07-corpus-4stage/s1/115_src_tests_llvm-byte-memory01_red_i8_param.o	stage1	9916a3786fdadcad3962f754120c396f36a0f9d44b50291f3bbeb4dd961da2c6	src/tests/llvm-byte-memory01/red_i8_param.HC	N/A	b5f557ec544c6e2ff52a2e3ca2fe900f6e519558b6d871d961050860a9473722
build/lexer07-corpus-4stage/s2/115_src_tests_llvm-byte-memory01_red_i8_param.o	stage2	9c1166868fae2573328af1f5c86373577a4a4b9b7464872aa2e209e3fe3c84f4	src/tests/llvm-byte-memory01/red_i8_param.HC	N/A	b5f557ec544c6e2ff52a2e3ca2fe900f6e519558b6d871d961050860a9473722
build/lexer07-corpus-4stage/s3/115_src_tests_llvm-byte-memory01_red_i8_param.o	stage3	2aec4181f1d40a8239828a1b7a00da3782114cf6efffe6c618f471687b40b7c7	src/tests/llvm-byte-memory01/red_i8_param.HC	N/A	b5f557ec544c6e2ff52a2e3ca2fe900f6e519558b6d871d961050860a9473722
build/lexer07-corpus-4stage/s0/115_src_tests_llvm-byte-memory01_red_i8_param.o	stage0	9ebeebd6784300e84e7cc64345c8fd8d42740092d9ffce13e4de201f8b92c474	src/tests/llvm-byte-memory01/red_i8_param.HC	N/A	b5f557ec544c6e2ff52a2e3ca2fe900f6e519558b6d871d961050860a9473722
build/lexer07-corpus-4stage/s1/116_src_tests_llvm-byte-memory01_red_u8_param.o	stage1	9916a3786fdadcad3962f754120c396f36a0f9d44b50291f3bbeb4dd961da2c6	src/tests/llvm-byte-memory01/red_u8_param.HC	N/A	2910e12d8b5e494f9bfdf7a553dca2b4099ce77d30dc852269ee97ba9b33f3bd
build/lexer07-corpus-4stage/s2/116_src_tests_llvm-byte-memory01_red_u8_param.o	stage2	9c1166868fae2573328af1f5c86373577a4a4b9b7464872aa2e209e3fe3c84f4	src/tests/llvm-byte-memory01/red_u8_param.HC	N/A	2910e12d8b5e494f9bfdf7a553dca2b4099ce77d30dc852269ee97ba9b33f3bd
build/lexer07-corpus-4stage/s3/116_src_tests_llvm-byte-memory01_red_u8_param.o	stage3	2aec4181f1d40a8239828a1b7a00da3782114cf6efffe6c618f471687b40b7c7	src/tests/llvm-byte-memory01/red_u8_param.HC	N/A	2910e12d8b5e494f9bfdf7a553dca2b4099ce77d30dc852269ee97ba9b33f3bd
build/lexer07-corpus-4stage/s0/116_src_tests_llvm-byte-memory01_red_u8_param.o	stage0	9ebeebd6784300e84e7cc64345c8fd8d42740092d9ffce13e4de201f8b92c474	src/tests/llvm-byte-memory01/red_u8_param.HC	N/A	2910e12d8b5e494f9bfdf7a553dca2b4099ce77d30dc852269ee97ba9b33f3bd
build/lexer07-corpus-4stage/s1/117_src_tests_llvm-byte-memory01_runtime_correctness_c9.o	stage1	9916a3786fdadcad3962f754120c396f36a0f9d44b50291f3bbeb4dd961da2c6	src/tests/llvm-byte-memory01/runtime_correctness_c9.HC	N/A	9a876e4835a0d2cee2919c7569b18875679e151a8a8951a8250e5f35db1f1ec3
build/lexer07-corpus-4stage/s2/117_src_tests_llvm-byte-memory01_runtime_correctness_c9.o	stage2	9c1166868fae2573328af1f5c86373577a4a4b9b7464872aa2e209e3fe3c84f4	src/tests/llvm-byte-memory01/runtime_correctness_c9.HC	N/A	9a876e4835a0d2cee2919c7569b18875679e151a8a8951a8250e5f35db1f1ec3
build/lexer07-corpus-4stage/s3/117_src_tests_llvm-byte-memory01_runtime_correctness_c9.o	stage3	2aec4181f1d40a8239828a1b7a00da3782114cf6efffe6c618f471687b40b7c7	src/tests/llvm-byte-memory01/runtime_correctness_c9.HC	N/A	9a876e4835a0d2cee2919c7569b18875679e151a8a8951a8250e5f35db1f1ec3
build/lexer07-corpus-4stage/s0/117_src_tests_llvm-byte-memory01_runtime_correctness_c9.o	stage0	9ebeebd6784300e84e7cc64345c8fd8d42740092d9ffce13e4de201f8b92c474	src/tests/llvm-byte-memory01/runtime_correctness_c9.HC	N/A	9a876e4835a0d2cee2919c7569b18875679e151a8a8951a8250e5f35db1f1ec3
build/lexer07-corpus-4stage/s1/118_src_tests_llvm-byte-memory01_safe_fwd_single_pred.o	stage1	9916a3786fdadcad3962f754120c396f36a0f9d44b50291f3bbeb4dd961da2c6	src/tests/llvm-byte-memory01/safe_fwd_single_pred.HC	N/A	4070574c0e43a99bb495dbec967077490633f253b481f410f4dc118186fe712d
build/lexer07-corpus-4stage/s2/118_src_tests_llvm-byte-memory01_safe_fwd_single_pred.o	stage2	9c1166868fae2573328af1f5c86373577a4a4b9b7464872aa2e209e3fe3c84f4	src/tests/llvm-byte-memory01/safe_fwd_single_pred.HC	N/A	4070574c0e43a99bb495dbec967077490633f253b481f410f4dc118186fe712d
build/lexer07-corpus-4stage/s3/118_src_tests_llvm-byte-memory01_safe_fwd_single_pred.o	stage3	2aec4181f1d40a8239828a1b7a00da3782114cf6efffe6c618f471687b40b7c7	src/tests/llvm-byte-memory01/safe_fwd_single_pred.HC	N/A	4070574c0e43a99bb495dbec967077490633f253b481f410f4dc118186fe712d
build/lexer07-corpus-4stage/s0/118_src_tests_llvm-byte-memory01_safe_fwd_single_pred.o	stage0	9ebeebd6784300e84e7cc64345c8fd8d42740092d9ffce13e4de201f8b92c474	src/tests/llvm-byte-memory01/safe_fwd_single_pred.HC	N/A	4070574c0e43a99bb495dbec967077490633f253b481f410f4dc118186fe712d
build/lexer07-corpus-4stage/s1/119_src_tests_llvm-byte-memory01_single_cond_probe.o	stage1	9916a3786fdadcad3962f754120c396f36a0f9d44b50291f3bbeb4dd961da2c6	src/tests/llvm-byte-memory01/single_cond_probe.HC	N/A	738bde951b7cc3833ef58124eeee16d69772d57b61d2b51d9b728c5d07ecdcd2
build/lexer07-corpus-4stage/s2/119_src_tests_llvm-byte-memory01_single_cond_probe.o	stage2	9c1166868fae2573328af1f5c86373577a4a4b9b7464872aa2e209e3fe3c84f4	src/tests/llvm-byte-memory01/single_cond_probe.HC	N/A	738bde951b7cc3833ef58124eeee16d69772d57b61d2b51d9b728c5d07ecdcd2
build/lexer07-corpus-4stage/s3/119_src_tests_llvm-byte-memory01_single_cond_probe.o	stage3	2aec4181f1d40a8239828a1b7a00da3782114cf6efffe6c618f471687b40b7c7	src/tests/llvm-byte-memory01/single_cond_probe.HC	N/A	738bde951b7cc3833ef58124eeee16d69772d57b61d2b51d9b728c5d07ecdcd2
build/lexer07-corpus-4stage/s0/119_src_tests_llvm-byte-memory01_single_cond_probe.o	stage0	9ebeebd6784300e84e7cc64345c8fd8d42740092d9ffce13e4de201f8b92c474	src/tests/llvm-byte-memory01/single_cond_probe.HC	N/A	738bde951b7cc3833ef58124eeee16d69772d57b61d2b51d9b728c5d07ecdcd2
build/lexer07-corpus-4stage/s1/120_src_tests_llvm-float01_01_identity_f64.o	stage1	9916a3786fdadcad3962f754120c396f36a0f9d44b50291f3bbeb4dd961da2c6	src/tests/llvm-float01/01_identity_f64.HC	N/A	b5dcad7df76885681eaad74896feaea84ee7031bdb5820e5e6771cbce580c9d7
build/lexer07-corpus-4stage/s2/120_src_tests_llvm-float01_01_identity_f64.o	stage2	9c1166868fae2573328af1f5c86373577a4a4b9b7464872aa2e209e3fe3c84f4	src/tests/llvm-float01/01_identity_f64.HC	N/A	b5dcad7df76885681eaad74896feaea84ee7031bdb5820e5e6771cbce580c9d7
build/lexer07-corpus-4stage/s3/120_src_tests_llvm-float01_01_identity_f64.o	stage3	2aec4181f1d40a8239828a1b7a00da3782114cf6efffe6c618f471687b40b7c7	src/tests/llvm-float01/01_identity_f64.HC	N/A	b5dcad7df76885681eaad74896feaea84ee7031bdb5820e5e6771cbce580c9d7
build/lexer07-corpus-4stage/s0/120_src_tests_llvm-float01_01_identity_f64.o	stage0	9ebeebd6784300e84e7cc64345c8fd8d42740092d9ffce13e4de201f8b92c474	src/tests/llvm-float01/01_identity_f64.HC	N/A	b5dcad7df76885681eaad74896feaea84ee7031bdb5820e5e6771cbce580c9d7
build/lexer07-corpus-4stage/s1/121_src_tests_llvm-float01_02_const_f64.o	stage1	9916a3786fdadcad3962f754120c396f36a0f9d44b50291f3bbeb4dd961da2c6	src/tests/llvm-float01/02_const_f64.HC	N/A	55683d5557783722910b54f536473c03066ac007edc5d9b077c5faf81e13915f
build/lexer07-corpus-4stage/s2/121_src_tests_llvm-float01_02_const_f64.o	stage2	9c1166868fae2573328af1f5c86373577a4a4b9b7464872aa2e209e3fe3c84f4	src/tests/llvm-float01/02_const_f64.HC	N/A	55683d5557783722910b54f536473c03066ac007edc5d9b077c5faf81e13915f
build/lexer07-corpus-4stage/s3/121_src_tests_llvm-float01_02_const_f64.o	stage3	2aec4181f1d40a8239828a1b7a00da3782114cf6efffe6c618f471687b40b7c7	src/tests/llvm-float01/02_const_f64.HC	N/A	55683d5557783722910b54f536473c03066ac007edc5d9b077c5faf81e13915f
build/lexer07-corpus-4stage/s0/121_src_tests_llvm-float01_02_const_f64.o	stage0	9ebeebd6784300e84e7cc64345c8fd8d42740092d9ffce13e4de201f8b92c474	src/tests/llvm-float01/02_const_f64.HC	N/A	55683d5557783722910b54f536473c03066ac007edc5d9b077c5faf81e13915f
build/lexer07-corpus-4stage/s1/122_src_tests_llvm-float01_03_fadd.o	stage1	9916a3786fdadcad3962f754120c396f36a0f9d44b50291f3bbeb4dd961da2c6	src/tests/llvm-float01/03_fadd.HC	N/A	da0b1deb9beffee0b8dfb772ae1c9712c0c6f4df1245ae0f3b875c56d96a8609
build/lexer07-corpus-4stage/s2/122_src_tests_llvm-float01_03_fadd.o	stage2	9c1166868fae2573328af1f5c86373577a4a4b9b7464872aa2e209e3fe3c84f4	src/tests/llvm-float01/03_fadd.HC	N/A	da0b1deb9beffee0b8dfb772ae1c9712c0c6f4df1245ae0f3b875c56d96a8609
build/lexer07-corpus-4stage/s3/122_src_tests_llvm-float01_03_fadd.o	stage3	2aec4181f1d40a8239828a1b7a00da3782114cf6efffe6c618f471687b40b7c7	src/tests/llvm-float01/03_fadd.HC	N/A	da0b1deb9beffee0b8dfb772ae1c9712c0c6f4df1245ae0f3b875c56d96a8609
build/lexer07-corpus-4stage/s0/122_src_tests_llvm-float01_03_fadd.o	stage0	9ebeebd6784300e84e7cc64345c8fd8d42740092d9ffce13e4de201f8b92c474	src/tests/llvm-float01/03_fadd.HC	N/A	da0b1deb9beffee0b8dfb772ae1c9712c0c6f4df1245ae0f3b875c56d96a8609
build/lexer07-corpus-4stage/s1/123_src_tests_llvm-float01_04_fsub.o	stage1	9916a3786fdadcad3962f754120c396f36a0f9d44b50291f3bbeb4dd961da2c6	src/tests/llvm-float01/04_fsub.HC	N/A	bd0c3e34dd48d38ed3c19553fa6a8ad304ee64ffde21e1fbd75e0bda574e4634
build/lexer07-corpus-4stage/s2/123_src_tests_llvm-float01_04_fsub.o	stage2	9c1166868fae2573328af1f5c86373577a4a4b9b7464872aa2e209e3fe3c84f4	src/tests/llvm-float01/04_fsub.HC	N/A	bd0c3e34dd48d38ed3c19553fa6a8ad304ee64ffde21e1fbd75e0bda574e4634
build/lexer07-corpus-4stage/s3/123_src_tests_llvm-float01_04_fsub.o	stage3	2aec4181f1d40a8239828a1b7a00da3782114cf6efffe6c618f471687b40b7c7	src/tests/llvm-float01/04_fsub.HC	N/A	bd0c3e34dd48d38ed3c19553fa6a8ad304ee64ffde21e1fbd75e0bda574e4634
build/lexer07-corpus-4stage/s0/123_src_tests_llvm-float01_04_fsub.o	stage0	9ebeebd6784300e84e7cc64345c8fd8d42740092d9ffce13e4de201f8b92c474	src/tests/llvm-float01/04_fsub.HC	N/A	bd0c3e34dd48d38ed3c19553fa6a8ad304ee64ffde21e1fbd75e0bda574e4634
build/lexer07-corpus-4stage/s1/124_src_tests_llvm-float01_05_fmul.o	stage1	9916a3786fdadcad3962f754120c396f36a0f9d44b50291f3bbeb4dd961da2c6	src/tests/llvm-float01/05_fmul.HC	N/A	61a4533d5c4d73601b1ec397f2f00b3980e520d90c82bd52e48c6a5b887789dd
build/lexer07-corpus-4stage/s2/124_src_tests_llvm-float01_05_fmul.o	stage2	9c1166868fae2573328af1f5c86373577a4a4b9b7464872aa2e209e3fe3c84f4	src/tests/llvm-float01/05_fmul.HC	N/A	61a4533d5c4d73601b1ec397f2f00b3980e520d90c82bd52e48c6a5b887789dd
build/lexer07-corpus-4stage/s3/124_src_tests_llvm-float01_05_fmul.o	stage3	2aec4181f1d40a8239828a1b7a00da3782114cf6efffe6c618f471687b40b7c7	src/tests/llvm-float01/05_fmul.HC	N/A	61a4533d5c4d73601b1ec397f2f00b3980e520d90c82bd52e48c6a5b887789dd
build/lexer07-corpus-4stage/s0/124_src_tests_llvm-float01_05_fmul.o	stage0	9ebeebd6784300e84e7cc64345c8fd8d42740092d9ffce13e4de201f8b92c474	src/tests/llvm-float01/05_fmul.HC	N/A	61a4533d5c4d73601b1ec397f2f00b3980e520d90c82bd52e48c6a5b887789dd
build/lexer07-corpus-4stage/s1/125_src_tests_llvm-float01_06_cmp_eq.o	stage1	9916a3786fdadcad3962f754120c396f36a0f9d44b50291f3bbeb4dd961da2c6	src/tests/llvm-float01/06_cmp_eq.HC	N/A	ea5d9f744dba00be8600996934baf3d68c0c440aa7fa34fd1404d219d51bbde2
build/lexer07-corpus-4stage/s2/125_src_tests_llvm-float01_06_cmp_eq.o	stage2	9c1166868fae2573328af1f5c86373577a4a4b9b7464872aa2e209e3fe3c84f4	src/tests/llvm-float01/06_cmp_eq.HC	N/A	ea5d9f744dba00be8600996934baf3d68c0c440aa7fa34fd1404d219d51bbde2
build/lexer07-corpus-4stage/s3/125_src_tests_llvm-float01_06_cmp_eq.o	stage3	2aec4181f1d40a8239828a1b7a00da3782114cf6efffe6c618f471687b40b7c7	src/tests/llvm-float01/06_cmp_eq.HC	N/A	ea5d9f744dba00be8600996934baf3d68c0c440aa7fa34fd1404d219d51bbde2
build/lexer07-corpus-4stage/s0/125_src_tests_llvm-float01_06_cmp_eq.o	stage0	9ebeebd6784300e84e7cc64345c8fd8d42740092d9ffce13e4de201f8b92c474	src/tests/llvm-float01/06_cmp_eq.HC	N/A	ea5d9f744dba00be8600996934baf3d68c0c440aa7fa34fd1404d219d51bbde2
build/lexer07-corpus-4stage/s1/126_src_tests_llvm-float01_07_cmp_ne.o	stage1	9916a3786fdadcad3962f754120c396f36a0f9d44b50291f3bbeb4dd961da2c6	src/tests/llvm-float01/07_cmp_ne.HC	N/A	43cc73170858f8660a42a468fb1445dd5ed715a804f0c9b8d440c580dbbe261f
build/lexer07-corpus-4stage/s2/126_src_tests_llvm-float01_07_cmp_ne.o	stage2	9c1166868fae2573328af1f5c86373577a4a4b9b7464872aa2e209e3fe3c84f4	src/tests/llvm-float01/07_cmp_ne.HC	N/A	43cc73170858f8660a42a468fb1445dd5ed715a804f0c9b8d440c580dbbe261f
build/lexer07-corpus-4stage/s3/126_src_tests_llvm-float01_07_cmp_ne.o	stage3	2aec4181f1d40a8239828a1b7a00da3782114cf6efffe6c618f471687b40b7c7	src/tests/llvm-float01/07_cmp_ne.HC	N/A	43cc73170858f8660a42a468fb1445dd5ed715a804f0c9b8d440c580dbbe261f
build/lexer07-corpus-4stage/s0/126_src_tests_llvm-float01_07_cmp_ne.o	stage0	9ebeebd6784300e84e7cc64345c8fd8d42740092d9ffce13e4de201f8b92c474	src/tests/llvm-float01/07_cmp_ne.HC	N/A	43cc73170858f8660a42a468fb1445dd5ed715a804f0c9b8d440c580dbbe261f
build/lexer07-corpus-4stage/s1/127_src_tests_llvm-float01_08_cmp_lt.o	stage1	9916a3786fdadcad3962f754120c396f36a0f9d44b50291f3bbeb4dd961da2c6	src/tests/llvm-float01/08_cmp_lt.HC	N/A	fce526ce2c7feac181f615f955f33e1432d22d8323d4c8f327d3f1ff234cc5e1
build/lexer07-corpus-4stage/s2/127_src_tests_llvm-float01_08_cmp_lt.o	stage2	9c1166868fae2573328af1f5c86373577a4a4b9b7464872aa2e209e3fe3c84f4	src/tests/llvm-float01/08_cmp_lt.HC	N/A	fce526ce2c7feac181f615f955f33e1432d22d8323d4c8f327d3f1ff234cc5e1
build/lexer07-corpus-4stage/s3/127_src_tests_llvm-float01_08_cmp_lt.o	stage3	2aec4181f1d40a8239828a1b7a00da3782114cf6efffe6c618f471687b40b7c7	src/tests/llvm-float01/08_cmp_lt.HC	N/A	fce526ce2c7feac181f615f955f33e1432d22d8323d4c8f327d3f1ff234cc5e1
build/lexer07-corpus-4stage/s0/127_src_tests_llvm-float01_08_cmp_lt.o	stage0	9ebeebd6784300e84e7cc64345c8fd8d42740092d9ffce13e4de201f8b92c474	src/tests/llvm-float01/08_cmp_lt.HC	N/A	fce526ce2c7feac181f615f955f33e1432d22d8323d4c8f327d3f1ff234cc5e1
build/lexer07-corpus-4stage/s1/128_src_tests_llvm-float01_09_cmp_le.o	stage1	9916a3786fdadcad3962f754120c396f36a0f9d44b50291f3bbeb4dd961da2c6	src/tests/llvm-float01/09_cmp_le.HC	N/A	34577d62f221e2d6d703abdcd71b95e6d7ac2cce7b5e139737f17b3e62028e4e
build/lexer07-corpus-4stage/s2/128_src_tests_llvm-float01_09_cmp_le.o	stage2	9c1166868fae2573328af1f5c86373577a4a4b9b7464872aa2e209e3fe3c84f4	src/tests/llvm-float01/09_cmp_le.HC	N/A	34577d62f221e2d6d703abdcd71b95e6d7ac2cce7b5e139737f17b3e62028e4e
build/lexer07-corpus-4stage/s3/128_src_tests_llvm-float01_09_cmp_le.o	stage3	2aec4181f1d40a8239828a1b7a00da3782114cf6efffe6c618f471687b40b7c7	src/tests/llvm-float01/09_cmp_le.HC	N/A	34577d62f221e2d6d703abdcd71b95e6d7ac2cce7b5e139737f17b3e62028e4e
build/lexer07-corpus-4stage/s0/128_src_tests_llvm-float01_09_cmp_le.o	stage0	9ebeebd6784300e84e7cc64345c8fd8d42740092d9ffce13e4de201f8b92c474	src/tests/llvm-float01/09_cmp_le.HC	N/A	34577d62f221e2d6d703abdcd71b95e6d7ac2cce7b5e139737f17b3e62028e4e
build/lexer07-corpus-4stage/s1/129_src_tests_llvm-float01_10_cmp_gt.o	stage1	9916a3786fdadcad3962f754120c396f36a0f9d44b50291f3bbeb4dd961da2c6	src/tests/llvm-float01/10_cmp_gt.HC	N/A	653ba99a6bc7b00c803eea54b092cf0905b0ac32f1a04e356d045e129c56caa9
build/lexer07-corpus-4stage/s2/129_src_tests_llvm-float01_10_cmp_gt.o	stage2	9c1166868fae2573328af1f5c86373577a4a4b9b7464872aa2e209e3fe3c84f4	src/tests/llvm-float01/10_cmp_gt.HC	N/A	653ba99a6bc7b00c803eea54b092cf0905b0ac32f1a04e356d045e129c56caa9
build/lexer07-corpus-4stage/s3/129_src_tests_llvm-float01_10_cmp_gt.o	stage3	2aec4181f1d40a8239828a1b7a00da3782114cf6efffe6c618f471687b40b7c7	src/tests/llvm-float01/10_cmp_gt.HC	N/A	653ba99a6bc7b00c803eea54b092cf0905b0ac32f1a04e356d045e129c56caa9
build/lexer07-corpus-4stage/s0/129_src_tests_llvm-float01_10_cmp_gt.o	stage0	9ebeebd6784300e84e7cc64345c8fd8d42740092d9ffce13e4de201f8b92c474	src/tests/llvm-float01/10_cmp_gt.HC	N/A	653ba99a6bc7b00c803eea54b092cf0905b0ac32f1a04e356d045e129c56caa9
build/lexer07-corpus-4stage/s1/130_src_tests_llvm-float01_11_cmp_ge.o	stage1	9916a3786fdadcad3962f754120c396f36a0f9d44b50291f3bbeb4dd961da2c6	src/tests/llvm-float01/11_cmp_ge.HC	N/A	f3a0b6067abfa645315416e11f2873573bfe72f1d72d6fd879bafdf39d29d44f
build/lexer07-corpus-4stage/s2/130_src_tests_llvm-float01_11_cmp_ge.o	stage2	9c1166868fae2573328af1f5c86373577a4a4b9b7464872aa2e209e3fe3c84f4	src/tests/llvm-float01/11_cmp_ge.HC	N/A	f3a0b6067abfa645315416e11f2873573bfe72f1d72d6fd879bafdf39d29d44f
build/lexer07-corpus-4stage/s3/130_src_tests_llvm-float01_11_cmp_ge.o	stage3	2aec4181f1d40a8239828a1b7a00da3782114cf6efffe6c618f471687b40b7c7	src/tests/llvm-float01/11_cmp_ge.HC	N/A	f3a0b6067abfa645315416e11f2873573bfe72f1d72d6fd879bafdf39d29d44f
build/lexer07-corpus-4stage/s0/130_src_tests_llvm-float01_11_cmp_ge.o	stage0	9ebeebd6784300e84e7cc64345c8fd8d42740092d9ffce13e4de201f8b92c474	src/tests/llvm-float01/11_cmp_ge.HC	N/A	f3a0b6067abfa645315416e11f2873573bfe72f1d72d6fd879bafdf39d29d44f
build/lexer07-corpus-4stage/s1/131_src_tests_llvm-float01_12_cmp_branch.o	stage1	9916a3786fdadcad3962f754120c396f36a0f9d44b50291f3bbeb4dd961da2c6	src/tests/llvm-float01/12_cmp_branch.HC	N/A	20f314f9f9b992e9e287b8d8c6c5828595a243c32058d923ec39f0ec4c55bd7a
build/lexer07-corpus-4stage/s2/131_src_tests_llvm-float01_12_cmp_branch.o	stage2	9c1166868fae2573328af1f5c86373577a4a4b9b7464872aa2e209e3fe3c84f4	src/tests/llvm-float01/12_cmp_branch.HC	N/A	20f314f9f9b992e9e287b8d8c6c5828595a243c32058d923ec39f0ec4c55bd7a
build/lexer07-corpus-4stage/s3/131_src_tests_llvm-float01_12_cmp_branch.o	stage3	2aec4181f1d40a8239828a1b7a00da3782114cf6efffe6c618f471687b40b7c7	src/tests/llvm-float01/12_cmp_branch.HC	N/A	20f314f9f9b992e9e287b8d8c6c5828595a243c32058d923ec39f0ec4c55bd7a
build/lexer07-corpus-4stage/s0/131_src_tests_llvm-float01_12_cmp_branch.o	stage0	9ebeebd6784300e84e7cc64345c8fd8d42740092d9ffce13e4de201f8b92c474	src/tests/llvm-float01/12_cmp_branch.HC	N/A	20f314f9f9b992e9e287b8d8c6c5828595a243c32058d923ec39f0ec4c55bd7a
build/lexer07-corpus-4stage/s1/132_src_tests_llvm-float01_13_mixed_float_expr.o	stage1	9916a3786fdadcad3962f754120c396f36a0f9d44b50291f3bbeb4dd961da2c6	src/tests/llvm-float01/13_mixed_float_expr.HC	N/A	9fa5dd90fd9ebb14dda145a2a64bb7b9ec577d3994f141db89d097d13d55c92f
build/lexer07-corpus-4stage/s2/132_src_tests_llvm-float01_13_mixed_float_expr.o	stage2	9c1166868fae2573328af1f5c86373577a4a4b9b7464872aa2e209e3fe3c84f4	src/tests/llvm-float01/13_mixed_float_expr.HC	N/A	9fa5dd90fd9ebb14dda145a2a64bb7b9ec577d3994f141db89d097d13d55c92f
build/lexer07-corpus-4stage/s3/132_src_tests_llvm-float01_13_mixed_float_expr.o	stage3	2aec4181f1d40a8239828a1b7a00da3782114cf6efffe6c618f471687b40b7c7	src/tests/llvm-float01/13_mixed_float_expr.HC	N/A	9fa5dd90fd9ebb14dda145a2a64bb7b9ec577d3994f141db89d097d13d55c92f
build/lexer07-corpus-4stage/s0/132_src_tests_llvm-float01_13_mixed_float_expr.o	stage0	9ebeebd6784300e84e7cc64345c8fd8d42740092d9ffce13e4de201f8b92c474	src/tests/llvm-float01/13_mixed_float_expr.HC	N/A	9fa5dd90fd9ebb14dda145a2a64bb7b9ec577d3994f141db89d097d13d55c92f
build/lexer07-corpus-4stage/s1/133_src_tests_llvm-float01_neg_fdiv.o	stage1	9916a3786fdadcad3962f754120c396f36a0f9d44b50291f3bbeb4dd961da2c6	src/tests/llvm-float01/neg_fdiv.HC	N/A	a5fbee693a057dfd84a554ade491e8b05e175546321e3ba39280265935590811
build/lexer07-corpus-4stage/s2/133_src_tests_llvm-float01_neg_fdiv.o	stage2	9c1166868fae2573328af1f5c86373577a4a4b9b7464872aa2e209e3fe3c84f4	src/tests/llvm-float01/neg_fdiv.HC	N/A	a5fbee693a057dfd84a554ade491e8b05e175546321e3ba39280265935590811
build/lexer07-corpus-4stage/s3/133_src_tests_llvm-float01_neg_fdiv.o	stage3	2aec4181f1d40a8239828a1b7a00da3782114cf6efffe6c618f471687b40b7c7	src/tests/llvm-float01/neg_fdiv.HC	N/A	a5fbee693a057dfd84a554ade491e8b05e175546321e3ba39280265935590811
build/lexer07-corpus-4stage/s0/133_src_tests_llvm-float01_neg_fdiv.o	stage0	9ebeebd6784300e84e7cc64345c8fd8d42740092d9ffce13e4de201f8b92c474	src/tests/llvm-float01/neg_fdiv.HC	N/A	a5fbee693a057dfd84a554ade491e8b05e175546321e3ba39280265935590811
build/lexer07-corpus-4stage/s1/134_src_tests_llvm-float01_neg_float_to_int.o	stage1	9916a3786fdadcad3962f754120c396f36a0f9d44b50291f3bbeb4dd961da2c6	src/tests/llvm-float01/neg_float_to_int.HC	N/A	9c1a6376bd9fcf11336b93e7eb79b25b198b596e284ed9e6814f578f978f2642
build/lexer07-corpus-4stage/s2/134_src_tests_llvm-float01_neg_float_to_int.o	stage2	9c1166868fae2573328af1f5c86373577a4a4b9b7464872aa2e209e3fe3c84f4	src/tests/llvm-float01/neg_float_to_int.HC	N/A	9c1a6376bd9fcf11336b93e7eb79b25b198b596e284ed9e6814f578f978f2642
build/lexer07-corpus-4stage/s3/134_src_tests_llvm-float01_neg_float_to_int.o	stage3	2aec4181f1d40a8239828a1b7a00da3782114cf6efffe6c618f471687b40b7c7	src/tests/llvm-float01/neg_float_to_int.HC	N/A	9c1a6376bd9fcf11336b93e7eb79b25b198b596e284ed9e6814f578f978f2642
build/lexer07-corpus-4stage/s0/134_src_tests_llvm-float01_neg_float_to_int.o	stage0	9ebeebd6784300e84e7cc64345c8fd8d42740092d9ffce13e4de201f8b92c474	src/tests/llvm-float01/neg_float_to_int.HC	N/A	9c1a6376bd9fcf11336b93e7eb79b25b198b596e284ed9e6814f578f978f2642
build/lexer07-corpus-4stage/s1/135_src_tests_llvm-float01_neg_fptosi_witness.o	stage1	9916a3786fdadcad3962f754120c396f36a0f9d44b50291f3bbeb4dd961da2c6	src/tests/llvm-float01/neg_fptosi_witness.HC	N/A	2535672c9ddcf251847de0654f49e483961467f8fffced2f8efca64d0dc2cacc
build/lexer07-corpus-4stage/s2/135_src_tests_llvm-float01_neg_fptosi_witness.o	stage2	9c1166868fae2573328af1f5c86373577a4a4b9b7464872aa2e209e3fe3c84f4	src/tests/llvm-float01/neg_fptosi_witness.HC	N/A	2535672c9ddcf251847de0654f49e483961467f8fffced2f8efca64d0dc2cacc
build/lexer07-corpus-4stage/s3/135_src_tests_llvm-float01_neg_fptosi_witness.o	stage3	2aec4181f1d40a8239828a1b7a00da3782114cf6efffe6c618f471687b40b7c7	src/tests/llvm-float01/neg_fptosi_witness.HC	N/A	2535672c9ddcf251847de0654f49e483961467f8fffced2f8efca64d0dc2cacc
build/lexer07-corpus-4stage/s0/135_src_tests_llvm-float01_neg_fptosi_witness.o	stage0	9ebeebd6784300e84e7cc64345c8fd8d42740092d9ffce13e4de201f8b92c474	src/tests/llvm-float01/neg_fptosi_witness.HC	N/A	2535672c9ddcf251847de0654f49e483961467f8fffced2f8efca64d0dc2cacc
build/lexer07-corpus-4stage/s1/136_src_tests_llvm-float01_neg_int_to_float.o	stage1	9916a3786fdadcad3962f754120c396f36a0f9d44b50291f3bbeb4dd961da2c6	src/tests/llvm-float01/neg_int_to_float.HC	N/A	067390a264382da777f8524717e1c45a3e2c081c1944286b07d40e1ec7e1448e
build/lexer07-corpus-4stage/s2/136_src_tests_llvm-float01_neg_int_to_float.o	stage2	9c1166868fae2573328af1f5c86373577a4a4b9b7464872aa2e209e3fe3c84f4	src/tests/llvm-float01/neg_int_to_float.HC	N/A	067390a264382da777f8524717e1c45a3e2c081c1944286b07d40e1ec7e1448e
build/lexer07-corpus-4stage/s3/136_src_tests_llvm-float01_neg_int_to_float.o	stage3	2aec4181f1d40a8239828a1b7a00da3782114cf6efffe6c618f471687b40b7c7	src/tests/llvm-float01/neg_int_to_float.HC	N/A	067390a264382da777f8524717e1c45a3e2c081c1944286b07d40e1ec7e1448e
build/lexer07-corpus-4stage/s0/136_src_tests_llvm-float01_neg_int_to_float.o	stage0	9ebeebd6784300e84e7cc64345c8fd8d42740092d9ffce13e4de201f8b92c474	src/tests/llvm-float01/neg_int_to_float.HC	N/A	067390a264382da777f8524717e1c45a3e2c081c1944286b07d40e1ec7e1448e
build/lexer07-corpus-4stage/s1/137_src_tests_llvm-float01_special_values.o	stage1	9916a3786fdadcad3962f754120c396f36a0f9d44b50291f3bbeb4dd961da2c6	src/tests/llvm-float01/special_values.HC	N/A	c084fd9ab32dc6544be34de63722de57872841a82d1dbb2f479c0e3b53159389
build/lexer07-corpus-4stage/s2/137_src_tests_llvm-float01_special_values.o	stage2	9c1166868fae2573328af1f5c86373577a4a4b9b7464872aa2e209e3fe3c84f4	src/tests/llvm-float01/special_values.HC	N/A	c084fd9ab32dc6544be34de63722de57872841a82d1dbb2f479c0e3b53159389
build/lexer07-corpus-4stage/s3/137_src_tests_llvm-float01_special_values.o	stage3	2aec4181f1d40a8239828a1b7a00da3782114cf6efffe6c618f471687b40b7c7	src/tests/llvm-float01/special_values.HC	N/A	c084fd9ab32dc6544be34de63722de57872841a82d1dbb2f479c0e3b53159389
build/lexer07-corpus-4stage/s0/137_src_tests_llvm-float01_special_values.o	stage0	9ebeebd6784300e84e7cc64345c8fd8d42740092d9ffce13e4de201f8b92c474	src/tests/llvm-float01/special_values.HC	N/A	c084fd9ab32dc6544be34de63722de57872841a82d1dbb2f479c0e3b53159389
build/lexer07-corpus-4stage/s1/138_src_tests_llvm-gep01_i64idx.o	stage1	9916a3786fdadcad3962f754120c396f36a0f9d44b50291f3bbeb4dd961da2c6	src/tests/llvm-gep01/i64idx.HC	N/A	206d70deafa7f214b6542128a1c48563643eeabea6214edd055fefccf0e563ca
build/lexer07-corpus-4stage/s2/138_src_tests_llvm-gep01_i64idx.o	stage2	9c1166868fae2573328af1f5c86373577a4a4b9b7464872aa2e209e3fe3c84f4	src/tests/llvm-gep01/i64idx.HC	N/A	206d70deafa7f214b6542128a1c48563643eeabea6214edd055fefccf0e563ca
build/lexer07-corpus-4stage/s3/138_src_tests_llvm-gep01_i64idx.o	stage3	2aec4181f1d40a8239828a1b7a00da3782114cf6efffe6c618f471687b40b7c7	src/tests/llvm-gep01/i64idx.HC	N/A	206d70deafa7f214b6542128a1c48563643eeabea6214edd055fefccf0e563ca
build/lexer07-corpus-4stage/s0/138_src_tests_llvm-gep01_i64idx.o	stage0	9ebeebd6784300e84e7cc64345c8fd8d42740092d9ffce13e4de201f8b92c474	src/tests/llvm-gep01/i64idx.HC	N/A	206d70deafa7f214b6542128a1c48563643eeabea6214edd055fefccf0e563ca
build/lexer07-corpus-4stage/s1/139_src_tests_llvm-gep01_read0.o	stage1	9916a3786fdadcad3962f754120c396f36a0f9d44b50291f3bbeb4dd961da2c6	src/tests/llvm-gep01/read0.HC	N/A	fbb96cad31919bbc1d7a7aca7a809067bbde559f384ec02a9b0adf3b1d6ad153
build/lexer07-corpus-4stage/s2/139_src_tests_llvm-gep01_read0.o	stage2	9c1166868fae2573328af1f5c86373577a4a4b9b7464872aa2e209e3fe3c84f4	src/tests/llvm-gep01/read0.HC	N/A	fbb96cad31919bbc1d7a7aca7a809067bbde559f384ec02a9b0adf3b1d6ad153
build/lexer07-corpus-4stage/s3/139_src_tests_llvm-gep01_read0.o	stage3	2aec4181f1d40a8239828a1b7a00da3782114cf6efffe6c618f471687b40b7c7	src/tests/llvm-gep01/read0.HC	N/A	fbb96cad31919bbc1d7a7aca7a809067bbde559f384ec02a9b0adf3b1d6ad153
build/lexer07-corpus-4stage/s0/139_src_tests_llvm-gep01_read0.o	stage0	9ebeebd6784300e84e7cc64345c8fd8d42740092d9ffce13e4de201f8b92c474	src/tests/llvm-gep01/read0.HC	N/A	fbb96cad31919bbc1d7a7aca7a809067bbde559f384ec02a9b0adf3b1d6ad153
build/lexer07-corpus-4stage/s1/140_src_tests_llvm-gep01_read2.o	stage1	9916a3786fdadcad3962f754120c396f36a0f9d44b50291f3bbeb4dd961da2c6	src/tests/llvm-gep01/read2.HC	N/A	de2e45f0dceeaf5d4efa194b7a341790ba9d4e0be5f6faf75d862abf8c4508ff
build/lexer07-corpus-4stage/s2/140_src_tests_llvm-gep01_read2.o	stage2	9c1166868fae2573328af1f5c86373577a4a4b9b7464872aa2e209e3fe3c84f4	src/tests/llvm-gep01/read2.HC	N/A	de2e45f0dceeaf5d4efa194b7a341790ba9d4e0be5f6faf75d862abf8c4508ff
build/lexer07-corpus-4stage/s3/140_src_tests_llvm-gep01_read2.o	stage3	2aec4181f1d40a8239828a1b7a00da3782114cf6efffe6c618f471687b40b7c7	src/tests/llvm-gep01/read2.HC	N/A	de2e45f0dceeaf5d4efa194b7a341790ba9d4e0be5f6faf75d862abf8c4508ff
build/lexer07-corpus-4stage/s0/140_src_tests_llvm-gep01_read2.o	stage0	9ebeebd6784300e84e7cc64345c8fd8d42740092d9ffce13e4de201f8b92c474	src/tests/llvm-gep01/read2.HC	N/A	de2e45f0dceeaf5d4efa194b7a341790ba9d4e0be5f6faf75d862abf8c4508ff
build/lexer07-corpus-4stage/s1/141_src_tests_llvm-gep01_readat.o	stage1	9916a3786fdadcad3962f754120c396f36a0f9d44b50291f3bbeb4dd961da2c6	src/tests/llvm-gep01/readat.HC	N/A	ad4f5e38c4f4176d1330857e322e21b44aac8363f00f506a87247a55f515589a
build/lexer07-corpus-4stage/s2/141_src_tests_llvm-gep01_readat.o	stage2	9c1166868fae2573328af1f5c86373577a4a4b9b7464872aa2e209e3fe3c84f4	src/tests/llvm-gep01/readat.HC	N/A	ad4f5e38c4f4176d1330857e322e21b44aac8363f00f506a87247a55f515589a
build/lexer07-corpus-4stage/s3/141_src_tests_llvm-gep01_readat.o	stage3	2aec4181f1d40a8239828a1b7a00da3782114cf6efffe6c618f471687b40b7c7	src/tests/llvm-gep01/readat.HC	N/A	ad4f5e38c4f4176d1330857e322e21b44aac8363f00f506a87247a55f515589a
build/lexer07-corpus-4stage/s0/141_src_tests_llvm-gep01_readat.o	stage0	9ebeebd6784300e84e7cc64345c8fd8d42740092d9ffce13e4de201f8b92c474	src/tests/llvm-gep01/readat.HC	N/A	ad4f5e38c4f4176d1330857e322e21b44aac8363f00f506a87247a55f515589a
build/lexer07-corpus-4stage/s1/142_src_tests_llvm-gep01_twodigits.o	stage1	9916a3786fdadcad3962f754120c396f36a0f9d44b50291f3bbeb4dd961da2c6	src/tests/llvm-gep01/twodigits.HC	N/A	9f341347cfa12f6df9592a7f77d762b4f39887da6b378bbeec8d94bc3870899e
build/lexer07-corpus-4stage/s2/142_src_tests_llvm-gep01_twodigits.o	stage2	9c1166868fae2573328af1f5c86373577a4a4b9b7464872aa2e209e3fe3c84f4	src/tests/llvm-gep01/twodigits.HC	N/A	9f341347cfa12f6df9592a7f77d762b4f39887da6b378bbeec8d94bc3870899e
build/lexer07-corpus-4stage/s3/142_src_tests_llvm-gep01_twodigits.o	stage3	2aec4181f1d40a8239828a1b7a00da3782114cf6efffe6c618f471687b40b7c7	src/tests/llvm-gep01/twodigits.HC	N/A	9f341347cfa12f6df9592a7f77d762b4f39887da6b378bbeec8d94bc3870899e
build/lexer07-corpus-4stage/s0/142_src_tests_llvm-gep01_twodigits.o	stage0	9ebeebd6784300e84e7cc64345c8fd8d42740092d9ffce13e4de201f8b92c474	src/tests/llvm-gep01/twodigits.HC	N/A	9f341347cfa12f6df9592a7f77d762b4f39887da6b378bbeec8d94bc3870899e
build/lexer07-corpus-4stage/s1/143_src_tests_llvm-intops01_b0_lexer_shape_probe.o	stage1	9916a3786fdadcad3962f754120c396f36a0f9d44b50291f3bbeb4dd961da2c6	src/tests/llvm-intops01/b0_lexer_shape_probe.HC	N/A	27c62e9ad1a218b824a80de49ab44e6d2a1e999dd86455f2137b9e1be66ef33d
build/lexer07-corpus-4stage/s2/143_src_tests_llvm-intops01_b0_lexer_shape_probe.o	stage2	9c1166868fae2573328af1f5c86373577a4a4b9b7464872aa2e209e3fe3c84f4	src/tests/llvm-intops01/b0_lexer_shape_probe.HC	N/A	27c62e9ad1a218b824a80de49ab44e6d2a1e999dd86455f2137b9e1be66ef33d
build/lexer07-corpus-4stage/s3/143_src_tests_llvm-intops01_b0_lexer_shape_probe.o	stage3	2aec4181f1d40a8239828a1b7a00da3782114cf6efffe6c618f471687b40b7c7	src/tests/llvm-intops01/b0_lexer_shape_probe.HC	N/A	27c62e9ad1a218b824a80de49ab44e6d2a1e999dd86455f2137b9e1be66ef33d
build/lexer07-corpus-4stage/s0/143_src_tests_llvm-intops01_b0_lexer_shape_probe.o	stage0	9ebeebd6784300e84e7cc64345c8fd8d42740092d9ffce13e4de201f8b92c474	src/tests/llvm-intops01/b0_lexer_shape_probe.HC	N/A	27c62e9ad1a218b824a80de49ab44e6d2a1e999dd86455f2137b9e1be66ef33d
build/lexer07-corpus-4stage/s1/144_src_tests_llvm-memory01_moved_neg_pointer.o	stage1	9916a3786fdadcad3962f754120c396f36a0f9d44b50291f3bbeb4dd961da2c6	src/tests/llvm-memory01/moved_neg_pointer.HC	N/A	ff0b2e964ec8092934279e11b31c558043d7ddbeaaf89d26b4a61c1c655781d1
build/lexer07-corpus-4stage/s2/144_src_tests_llvm-memory01_moved_neg_pointer.o	stage2	9c1166868fae2573328af1f5c86373577a4a4b9b7464872aa2e209e3fe3c84f4	src/tests/llvm-memory01/moved_neg_pointer.HC	N/A	ff0b2e964ec8092934279e11b31c558043d7ddbeaaf89d26b4a61c1c655781d1
build/lexer07-corpus-4stage/s3/144_src_tests_llvm-memory01_moved_neg_pointer.o	stage3	2aec4181f1d40a8239828a1b7a00da3782114cf6efffe6c618f471687b40b7c7	src/tests/llvm-memory01/moved_neg_pointer.HC	N/A	ff0b2e964ec8092934279e11b31c558043d7ddbeaaf89d26b4a61c1c655781d1
build/lexer07-corpus-4stage/s0/144_src_tests_llvm-memory01_moved_neg_pointer.o	stage0	9ebeebd6784300e84e7cc64345c8fd8d42740092d9ffce13e4de201f8b92c474	src/tests/llvm-memory01/moved_neg_pointer.HC	N/A	ff0b2e964ec8092934279e11b31c558043d7ddbeaaf89d26b4a61c1c655781d1
build/lexer07-corpus-4stage/s1/145_src_tests_llvm-memory01_p4_load_add.o	stage1	9916a3786fdadcad3962f754120c396f36a0f9d44b50291f3bbeb4dd961da2c6	src/tests/llvm-memory01/p4_load_add.HC	N/A	a14e8e7d08c375e0c5eef0e40a259a4cbcdded80fc04811cdc45b36c4903f7db
build/lexer07-corpus-4stage/s2/145_src_tests_llvm-memory01_p4_load_add.o	stage2	9c1166868fae2573328af1f5c86373577a4a4b9b7464872aa2e209e3fe3c84f4	src/tests/llvm-memory01/p4_load_add.HC	N/A	a14e8e7d08c375e0c5eef0e40a259a4cbcdded80fc04811cdc45b36c4903f7db
build/lexer07-corpus-4stage/s3/145_src_tests_llvm-memory01_p4_load_add.o	stage3	2aec4181f1d40a8239828a1b7a00da3782114cf6efffe6c618f471687b40b7c7	src/tests/llvm-memory01/p4_load_add.HC	N/A	a14e8e7d08c375e0c5eef0e40a259a4cbcdded80fc04811cdc45b36c4903f7db
build/lexer07-corpus-4stage/s0/145_src_tests_llvm-memory01_p4_load_add.o	stage0	9ebeebd6784300e84e7cc64345c8fd8d42740092d9ffce13e4de201f8b92c474	src/tests/llvm-memory01/p4_load_add.HC	N/A	a14e8e7d08c375e0c5eef0e40a259a4cbcdded80fc04811cdc45b36c4903f7db
build/lexer07-corpus-4stage/s1/146_src_tests_llvm-memory01_p5_store_inc.o	stage1	9916a3786fdadcad3962f754120c396f36a0f9d44b50291f3bbeb4dd961da2c6	src/tests/llvm-memory01/p5_store_inc.HC	N/A	50c84848f4d0547af0c94d88010222b516b89639fb10e06e912475f3fcb5eda6
build/lexer07-corpus-4stage/s2/146_src_tests_llvm-memory01_p5_store_inc.o	stage2	9c1166868fae2573328af1f5c86373577a4a4b9b7464872aa2e209e3fe3c84f4	src/tests/llvm-memory01/p5_store_inc.HC	N/A	50c84848f4d0547af0c94d88010222b516b89639fb10e06e912475f3fcb5eda6
build/lexer07-corpus-4stage/s3/146_src_tests_llvm-memory01_p5_store_inc.o	stage3	2aec4181f1d40a8239828a1b7a00da3782114cf6efffe6c618f471687b40b7c7	src/tests/llvm-memory01/p5_store_inc.HC	N/A	50c84848f4d0547af0c94d88010222b516b89639fb10e06e912475f3fcb5eda6
build/lexer07-corpus-4stage/s0/146_src_tests_llvm-memory01_p5_store_inc.o	stage0	9ebeebd6784300e84e7cc64345c8fd8d42740092d9ffce13e4de201f8b92c474	src/tests/llvm-memory01/p5_store_inc.HC	N/A	50c84848f4d0547af0c94d88010222b516b89639fb10e06e912475f3fcb5eda6
build/lexer07-corpus-4stage/s1/147_src_tests_llvm-memory01_red_load_deref.o	stage1	9916a3786fdadcad3962f754120c396f36a0f9d44b50291f3bbeb4dd961da2c6	src/tests/llvm-memory01/red_load_deref.HC	N/A	89468334a830739e3f5eba5e6b73249af9932357d4b393a1a199496d1dc1b125
build/lexer07-corpus-4stage/s2/147_src_tests_llvm-memory01_red_load_deref.o	stage2	9c1166868fae2573328af1f5c86373577a4a4b9b7464872aa2e209e3fe3c84f4	src/tests/llvm-memory01/red_load_deref.HC	N/A	89468334a830739e3f5eba5e6b73249af9932357d4b393a1a199496d1dc1b125
build/lexer07-corpus-4stage/s3/147_src_tests_llvm-memory01_red_load_deref.o	stage3	2aec4181f1d40a8239828a1b7a00da3782114cf6efffe6c618f471687b40b7c7	src/tests/llvm-memory01/red_load_deref.HC	N/A	89468334a830739e3f5eba5e6b73249af9932357d4b393a1a199496d1dc1b125
build/lexer07-corpus-4stage/s0/147_src_tests_llvm-memory01_red_load_deref.o	stage0	9ebeebd6784300e84e7cc64345c8fd8d42740092d9ffce13e4de201f8b92c474	src/tests/llvm-memory01/red_load_deref.HC	N/A	89468334a830739e3f5eba5e6b73249af9932357d4b393a1a199496d1dc1b125
build/lexer07-corpus-4stage/s1/148_src_tests_llvm-memory01_red_pointer_param.o	stage1	9916a3786fdadcad3962f754120c396f36a0f9d44b50291f3bbeb4dd961da2c6	src/tests/llvm-memory01/red_pointer_param.HC	N/A	81bd9ca3413394c19013c57fdf87b980147b274f3f671e1c76726e409f5a312c
build/lexer07-corpus-4stage/s2/148_src_tests_llvm-memory01_red_pointer_param.o	stage2	9c1166868fae2573328af1f5c86373577a4a4b9b7464872aa2e209e3fe3c84f4	src/tests/llvm-memory01/red_pointer_param.HC	N/A	81bd9ca3413394c19013c57fdf87b980147b274f3f671e1c76726e409f5a312c
build/lexer07-corpus-4stage/s3/148_src_tests_llvm-memory01_red_pointer_param.o	stage3	2aec4181f1d40a8239828a1b7a00da3782114cf6efffe6c618f471687b40b7c7	src/tests/llvm-memory01/red_pointer_param.HC	N/A	81bd9ca3413394c19013c57fdf87b980147b274f3f671e1c76726e409f5a312c
build/lexer07-corpus-4stage/s0/148_src_tests_llvm-memory01_red_pointer_param.o	stage0	9ebeebd6784300e84e7cc64345c8fd8d42740092d9ffce13e4de201f8b92c474	src/tests/llvm-memory01/red_pointer_param.HC	N/A	81bd9ca3413394c19013c57fdf87b980147b274f3f671e1c76726e409f5a312c
build/lexer07-corpus-4stage/s1/149_src_tests_llvm-memory01_red_ssa_local_baseline.o	stage1	9916a3786fdadcad3962f754120c396f36a0f9d44b50291f3bbeb4dd961da2c6	src/tests/llvm-memory01/red_ssa_local_baseline.HC	N/A	3c441ee71bef4536644b6f60919146857855a1eaea775dd052eaa17ffe70fc37
build/lexer07-corpus-4stage/s2/149_src_tests_llvm-memory01_red_ssa_local_baseline.o	stage2	9c1166868fae2573328af1f5c86373577a4a4b9b7464872aa2e209e3fe3c84f4	src/tests/llvm-memory01/red_ssa_local_baseline.HC	N/A	3c441ee71bef4536644b6f60919146857855a1eaea775dd052eaa17ffe70fc37
build/lexer07-corpus-4stage/s3/149_src_tests_llvm-memory01_red_ssa_local_baseline.o	stage3	2aec4181f1d40a8239828a1b7a00da3782114cf6efffe6c618f471687b40b7c7	src/tests/llvm-memory01/red_ssa_local_baseline.HC	N/A	3c441ee71bef4536644b6f60919146857855a1eaea775dd052eaa17ffe70fc37
build/lexer07-corpus-4stage/s0/149_src_tests_llvm-memory01_red_ssa_local_baseline.o	stage0	9ebeebd6784300e84e7cc64345c8fd8d42740092d9ffce13e4de201f8b92c474	src/tests/llvm-memory01/red_ssa_local_baseline.HC	N/A	3c441ee71bef4536644b6f60919146857855a1eaea775dd052eaa17ffe70fc37
build/lexer07-corpus-4stage/s1/150_src_tests_llvm-memory01_red_store_deref.o	stage1	9916a3786fdadcad3962f754120c396f36a0f9d44b50291f3bbeb4dd961da2c6	src/tests/llvm-memory01/red_store_deref.HC	N/A	6c49c43a699d87781cde3464df4076f39a77c6c3182ac6a28ee4e8be181eb7d0
build/lexer07-corpus-4stage/s2/150_src_tests_llvm-memory01_red_store_deref.o	stage2	9c1166868fae2573328af1f5c86373577a4a4b9b7464872aa2e209e3fe3c84f4	src/tests/llvm-memory01/red_store_deref.HC	N/A	6c49c43a699d87781cde3464df4076f39a77c6c3182ac6a28ee4e8be181eb7d0
build/lexer07-corpus-4stage/s3/150_src_tests_llvm-memory01_red_store_deref.o	stage3	2aec4181f1d40a8239828a1b7a00da3782114cf6efffe6c618f471687b40b7c7	src/tests/llvm-memory01/red_store_deref.HC	N/A	6c49c43a699d87781cde3464df4076f39a77c6c3182ac6a28ee4e8be181eb7d0
build/lexer07-corpus-4stage/s0/150_src_tests_llvm-memory01_red_store_deref.o	stage0	9ebeebd6784300e84e7cc64345c8fd8d42740092d9ffce13e4de201f8b92c474	src/tests/llvm-memory01/red_store_deref.HC	N/A	6c49c43a699d87781cde3464df4076f39a77c6c3182ac6a28ee4e8be181eb7d0
build/lexer07-corpus-4stage/s1/151_src_tests_llvm-spike_01_const.o	stage1	9916a3786fdadcad3962f754120c396f36a0f9d44b50291f3bbeb4dd961da2c6	src/tests/llvm-spike/01_const.HC	N/A	3c441ee71bef4536644b6f60919146857855a1eaea775dd052eaa17ffe70fc37
build/lexer07-corpus-4stage/s2/151_src_tests_llvm-spike_01_const.o	stage2	9c1166868fae2573328af1f5c86373577a4a4b9b7464872aa2e209e3fe3c84f4	src/tests/llvm-spike/01_const.HC	N/A	3c441ee71bef4536644b6f60919146857855a1eaea775dd052eaa17ffe70fc37
build/lexer07-corpus-4stage/s3/151_src_tests_llvm-spike_01_const.o	stage3	2aec4181f1d40a8239828a1b7a00da3782114cf6efffe6c618f471687b40b7c7	src/tests/llvm-spike/01_const.HC	N/A	3c441ee71bef4536644b6f60919146857855a1eaea775dd052eaa17ffe70fc37
build/lexer07-corpus-4stage/s0/151_src_tests_llvm-spike_01_const.o	stage0	9ebeebd6784300e84e7cc64345c8fd8d42740092d9ffce13e4de201f8b92c474	src/tests/llvm-spike/01_const.HC	N/A	3c441ee71bef4536644b6f60919146857855a1eaea775dd052eaa17ffe70fc37
build/lexer07-corpus-4stage/s1/152_src_tests_llvm-spike_02_add.o	stage1	9916a3786fdadcad3962f754120c396f36a0f9d44b50291f3bbeb4dd961da2c6	src/tests/llvm-spike/02_add.HC	N/A	e4c691392a945e21eab57338c65943c391c453773ed92e458b7397cc02c4a81a
build/lexer07-corpus-4stage/s2/152_src_tests_llvm-spike_02_add.o	stage2	9c1166868fae2573328af1f5c86373577a4a4b9b7464872aa2e209e3fe3c84f4	src/tests/llvm-spike/02_add.HC	N/A	e4c691392a945e21eab57338c65943c391c453773ed92e458b7397cc02c4a81a
build/lexer07-corpus-4stage/s3/152_src_tests_llvm-spike_02_add.o	stage3	2aec4181f1d40a8239828a1b7a00da3782114cf6efffe6c618f471687b40b7c7	src/tests/llvm-spike/02_add.HC	N/A	e4c691392a945e21eab57338c65943c391c453773ed92e458b7397cc02c4a81a
build/lexer07-corpus-4stage/s0/152_src_tests_llvm-spike_02_add.o	stage0	9ebeebd6784300e84e7cc64345c8fd8d42740092d9ffce13e4de201f8b92c474	src/tests/llvm-spike/02_add.HC	N/A	e4c691392a945e21eab57338c65943c391c453773ed92e458b7397cc02c4a81a
build/lexer07-corpus-4stage/s1/153_src_tests_llvm-spike_03_sub_mul.o	stage1	9916a3786fdadcad3962f754120c396f36a0f9d44b50291f3bbeb4dd961da2c6	src/tests/llvm-spike/03_sub_mul.HC	N/A	e5b4c8b61e3c28e20e47e0e2d42285582e2d2d04046c97263c2bde986879d89e
build/lexer07-corpus-4stage/s2/153_src_tests_llvm-spike_03_sub_mul.o	stage2	9c1166868fae2573328af1f5c86373577a4a4b9b7464872aa2e209e3fe3c84f4	src/tests/llvm-spike/03_sub_mul.HC	N/A	e5b4c8b61e3c28e20e47e0e2d42285582e2d2d04046c97263c2bde986879d89e
build/lexer07-corpus-4stage/s3/153_src_tests_llvm-spike_03_sub_mul.o	stage3	2aec4181f1d40a8239828a1b7a00da3782114cf6efffe6c618f471687b40b7c7	src/tests/llvm-spike/03_sub_mul.HC	N/A	e5b4c8b61e3c28e20e47e0e2d42285582e2d2d04046c97263c2bde986879d89e
build/lexer07-corpus-4stage/s0/153_src_tests_llvm-spike_03_sub_mul.o	stage0	9ebeebd6784300e84e7cc64345c8fd8d42740092d9ffce13e4de201f8b92c474	src/tests/llvm-spike/03_sub_mul.HC	N/A	e5b4c8b61e3c28e20e47e0e2d42285582e2d2d04046c97263c2bde986879d89e
build/lexer07-corpus-4stage/s1/154_src_tests_llvm-spike_04_cmp_branch.o	stage1	9916a3786fdadcad3962f754120c396f36a0f9d44b50291f3bbeb4dd961da2c6	src/tests/llvm-spike/04_cmp_branch.HC	N/A	e56ce27c0e4302438a2ac30baad33fd6295e877dcfeeff8feffb1fff283d5dee
build/lexer07-corpus-4stage/s2/154_src_tests_llvm-spike_04_cmp_branch.o	stage2	9c1166868fae2573328af1f5c86373577a4a4b9b7464872aa2e209e3fe3c84f4	src/tests/llvm-spike/04_cmp_branch.HC	N/A	e56ce27c0e4302438a2ac30baad33fd6295e877dcfeeff8feffb1fff283d5dee
build/lexer07-corpus-4stage/s3/154_src_tests_llvm-spike_04_cmp_branch.o	stage3	2aec4181f1d40a8239828a1b7a00da3782114cf6efffe6c618f471687b40b7c7	src/tests/llvm-spike/04_cmp_branch.HC	N/A	e56ce27c0e4302438a2ac30baad33fd6295e877dcfeeff8feffb1fff283d5dee
build/lexer07-corpus-4stage/s0/154_src_tests_llvm-spike_04_cmp_branch.o	stage0	9ebeebd6784300e84e7cc64345c8fd8d42740092d9ffce13e4de201f8b92c474	src/tests/llvm-spike/04_cmp_branch.HC	N/A	e56ce27c0e4302438a2ac30baad33fd6295e877dcfeeff8feffb1fff283d5dee
build/lexer07-corpus-4stage/s1/155_src_tests_llvm-spike_05_call.o	stage1	9916a3786fdadcad3962f754120c396f36a0f9d44b50291f3bbeb4dd961da2c6	src/tests/llvm-spike/05_call.HC	N/A	6554e0014bd7963789e8c258a7601d627a2751322d8dde74374bbfa4e5187ed1
build/lexer07-corpus-4stage/s2/155_src_tests_llvm-spike_05_call.o	stage2	9c1166868fae2573328af1f5c86373577a4a4b9b7464872aa2e209e3fe3c84f4	src/tests/llvm-spike/05_call.HC	N/A	6554e0014bd7963789e8c258a7601d627a2751322d8dde74374bbfa4e5187ed1
build/lexer07-corpus-4stage/s3/155_src_tests_llvm-spike_05_call.o	stage3	2aec4181f1d40a8239828a1b7a00da3782114cf6efffe6c618f471687b40b7c7	src/tests/llvm-spike/05_call.HC	N/A	6554e0014bd7963789e8c258a7601d627a2751322d8dde74374bbfa4e5187ed1
build/lexer07-corpus-4stage/s0/155_src_tests_llvm-spike_05_call.o	stage0	9ebeebd6784300e84e7cc64345c8fd8d42740092d9ffce13e4de201f8b92c474	src/tests/llvm-spike/05_call.HC	N/A	6554e0014bd7963789e8c258a7601d627a2751322d8dde74374bbfa4e5187ed1
build/lexer07-corpus-4stage/s1/158_src_tests_llvm-spike_neg_struct.o	stage1	9916a3786fdadcad3962f754120c396f36a0f9d44b50291f3bbeb4dd961da2c6	src/tests/llvm-spike/neg_struct.HC	N/A	dbd9ce31e16ed5d2307938efd438da94d5521ca879b0ccb79ad0e3fb5133394f
build/lexer07-corpus-4stage/s2/158_src_tests_llvm-spike_neg_struct.o	stage2	9c1166868fae2573328af1f5c86373577a4a4b9b7464872aa2e209e3fe3c84f4	src/tests/llvm-spike/neg_struct.HC	N/A	dbd9ce31e16ed5d2307938efd438da94d5521ca879b0ccb79ad0e3fb5133394f
build/lexer07-corpus-4stage/s3/158_src_tests_llvm-spike_neg_struct.o	stage3	2aec4181f1d40a8239828a1b7a00da3782114cf6efffe6c618f471687b40b7c7	src/tests/llvm-spike/neg_struct.HC	N/A	dbd9ce31e16ed5d2307938efd438da94d5521ca879b0ccb79ad0e3fb5133394f
build/lexer07-corpus-4stage/s0/158_src_tests_llvm-spike_neg_struct.o	stage0	9ebeebd6784300e84e7cc64345c8fd8d42740092d9ffce13e4de201f8b92c474	src/tests/llvm-spike/neg_struct.HC	N/A	dbd9ce31e16ed5d2307938efd438da94d5521ca879b0ccb79ad0e3fb5133394f
build/lexer07-corpus-4stage/s1/159_src_tests_llvm-spike_red_conversion_trunc.o	stage1	9916a3786fdadcad3962f754120c396f36a0f9d44b50291f3bbeb4dd961da2c6	src/tests/llvm-spike/red_conversion_trunc.HC	N/A	f339aab458532f95e830b95c8a4634422b838b497c505b8da80237130a4ad65d
build/lexer07-corpus-4stage/s2/159_src_tests_llvm-spike_red_conversion_trunc.o	stage2	9c1166868fae2573328af1f5c86373577a4a4b9b7464872aa2e209e3fe3c84f4	src/tests/llvm-spike/red_conversion_trunc.HC	N/A	f339aab458532f95e830b95c8a4634422b838b497c505b8da80237130a4ad65d
build/lexer07-corpus-4stage/s3/159_src_tests_llvm-spike_red_conversion_trunc.o	stage3	2aec4181f1d40a8239828a1b7a00da3782114cf6efffe6c618f471687b40b7c7	src/tests/llvm-spike/red_conversion_trunc.HC	N/A	f339aab458532f95e830b95c8a4634422b838b497c505b8da80237130a4ad65d
build/lexer07-corpus-4stage/s0/159_src_tests_llvm-spike_red_conversion_trunc.o	stage0	9ebeebd6784300e84e7cc64345c8fd8d42740092d9ffce13e4de201f8b92c474	src/tests/llvm-spike/red_conversion_trunc.HC	N/A	f339aab458532f95e830b95c8a4634422b838b497c505b8da80237130a4ad65d
build/lexer07-corpus-4stage/s1/160_src_tests_llvm-spike_red_conversion_trunc_i16.o	stage1	9916a3786fdadcad3962f754120c396f36a0f9d44b50291f3bbeb4dd961da2c6	src/tests/llvm-spike/red_conversion_trunc_i16.HC	N/A	41dc12734921948e109b682e478425905fa0653e4365d530c3ed40e4167e9260
build/lexer07-corpus-4stage/s2/160_src_tests_llvm-spike_red_conversion_trunc_i16.o	stage2	9c1166868fae2573328af1f5c86373577a4a4b9b7464872aa2e209e3fe3c84f4	src/tests/llvm-spike/red_conversion_trunc_i16.HC	N/A	41dc12734921948e109b682e478425905fa0653e4365d530c3ed40e4167e9260
build/lexer07-corpus-4stage/s3/160_src_tests_llvm-spike_red_conversion_trunc_i16.o	stage3	2aec4181f1d40a8239828a1b7a00da3782114cf6efffe6c618f471687b40b7c7	src/tests/llvm-spike/red_conversion_trunc_i16.HC	N/A	41dc12734921948e109b682e478425905fa0653e4365d530c3ed40e4167e9260
build/lexer07-corpus-4stage/s0/160_src_tests_llvm-spike_red_conversion_trunc_i16.o	stage0	9ebeebd6784300e84e7cc64345c8fd8d42740092d9ffce13e4de201f8b92c474	src/tests/llvm-spike/red_conversion_trunc_i16.HC	N/A	41dc12734921948e109b682e478425905fa0653e4365d530c3ed40e4167e9260
build/lexer07-corpus-4stage/s1/161_src_tests_llvm-spike_red_idiv_unclassified.o	stage1	9916a3786fdadcad3962f754120c396f36a0f9d44b50291f3bbeb4dd961da2c6	src/tests/llvm-spike/red_idiv_unclassified.HC	N/A	10f0c3c9dee2d09d84a43e9d67e84c58edd40795a3653187b7b0b515baa157c4
build/lexer07-corpus-4stage/s2/161_src_tests_llvm-spike_red_idiv_unclassified.o	stage2	9c1166868fae2573328af1f5c86373577a4a4b9b7464872aa2e209e3fe3c84f4	src/tests/llvm-spike/red_idiv_unclassified.HC	N/A	10f0c3c9dee2d09d84a43e9d67e84c58edd40795a3653187b7b0b515baa157c4
build/lexer07-corpus-4stage/s3/161_src_tests_llvm-spike_red_idiv_unclassified.o	stage3	2aec4181f1d40a8239828a1b7a00da3782114cf6efffe6c618f471687b40b7c7	src/tests/llvm-spike/red_idiv_unclassified.HC	N/A	10f0c3c9dee2d09d84a43e9d67e84c58edd40795a3653187b7b0b515baa157c4
build/lexer07-corpus-4stage/s0/161_src_tests_llvm-spike_red_idiv_unclassified.o	stage0	9ebeebd6784300e84e7cc64345c8fd8d42740092d9ffce13e4de201f8b92c474	src/tests/llvm-spike/red_idiv_unclassified.HC	N/A	10f0c3c9dee2d09d84a43e9d67e84c58edd40795a3653187b7b0b515baa157c4
build/lexer07-corpus-4stage/s1/162_src_tests_llvm-spike_red_local_alloca_emitted.o	stage1	9916a3786fdadcad3962f754120c396f36a0f9d44b50291f3bbeb4dd961da2c6	src/tests/llvm-spike/red_local_alloca_emitted.HC	N/A	f8ddd099dcde87d01da6485060b3c743109732fc7196ca9afd8992a320a469c8
build/lexer07-corpus-4stage/s2/162_src_tests_llvm-spike_red_local_alloca_emitted.o	stage2	9c1166868fae2573328af1f5c86373577a4a4b9b7464872aa2e209e3fe3c84f4	src/tests/llvm-spike/red_local_alloca_emitted.HC	N/A	f8ddd099dcde87d01da6485060b3c743109732fc7196ca9afd8992a320a469c8
build/lexer07-corpus-4stage/s3/162_src_tests_llvm-spike_red_local_alloca_emitted.o	stage3	2aec4181f1d40a8239828a1b7a00da3782114cf6efffe6c618f471687b40b7c7	src/tests/llvm-spike/red_local_alloca_emitted.HC	N/A	f8ddd099dcde87d01da6485060b3c743109732fc7196ca9afd8992a320a469c8
build/lexer07-corpus-4stage/s0/162_src_tests_llvm-spike_red_local_alloca_emitted.o	stage0	9ebeebd6784300e84e7cc64345c8fd8d42740092d9ffce13e4de201f8b92c474	src/tests/llvm-spike/red_local_alloca_emitted.HC	N/A	f8ddd099dcde87d01da6485060b3c743109732fc7196ca9afd8992a320a469c8
build/lexer07-corpus-4stage/s1/163_src_tests_llvm-spike_red_local_multi_def.o	stage1	9916a3786fdadcad3962f754120c396f36a0f9d44b50291f3bbeb4dd961da2c6	src/tests/llvm-spike/red_local_multi_def.HC	N/A	769200abfaa747ad7e9e4a187eb0d5c26ae526deda2e834ed4e00b35d9ceed60
build/lexer07-corpus-4stage/s2/163_src_tests_llvm-spike_red_local_multi_def.o	stage2	9c1166868fae2573328af1f5c86373577a4a4b9b7464872aa2e209e3fe3c84f4	src/tests/llvm-spike/red_local_multi_def.HC	N/A	769200abfaa747ad7e9e4a187eb0d5c26ae526deda2e834ed4e00b35d9ceed60
build/lexer07-corpus-4stage/s3/163_src_tests_llvm-spike_red_local_multi_def.o	stage3	2aec4181f1d40a8239828a1b7a00da3782114cf6efffe6c618f471687b40b7c7	src/tests/llvm-spike/red_local_multi_def.HC	N/A	769200abfaa747ad7e9e4a187eb0d5c26ae526deda2e834ed4e00b35d9ceed60
build/lexer07-corpus-4stage/s0/163_src_tests_llvm-spike_red_local_multi_def.o	stage0	9ebeebd6784300e84e7cc64345c8fd8d42740092d9ffce13e4de201f8b92c474	src/tests/llvm-spike/red_local_multi_def.HC	N/A	769200abfaa747ad7e9e4a187eb0d5c26ae526deda2e834ed4e00b35d9ceed60
build/lexer07-corpus-4stage/s1/164_src_tests_llvm-spike_red_pred_eq.o	stage1	9916a3786fdadcad3962f754120c396f36a0f9d44b50291f3bbeb4dd961da2c6	src/tests/llvm-spike/red_pred_eq.HC	N/A	abb40eb279121821fe2b2be4e21151dabb1822b581420540105cfcf6036948f3
build/lexer07-corpus-4stage/s2/164_src_tests_llvm-spike_red_pred_eq.o	stage2	9c1166868fae2573328af1f5c86373577a4a4b9b7464872aa2e209e3fe3c84f4	src/tests/llvm-spike/red_pred_eq.HC	N/A	abb40eb279121821fe2b2be4e21151dabb1822b581420540105cfcf6036948f3
build/lexer07-corpus-4stage/s3/164_src_tests_llvm-spike_red_pred_eq.o	stage3	2aec4181f1d40a8239828a1b7a00da3782114cf6efffe6c618f471687b40b7c7	src/tests/llvm-spike/red_pred_eq.HC	N/A	abb40eb279121821fe2b2be4e21151dabb1822b581420540105cfcf6036948f3
build/lexer07-corpus-4stage/s0/164_src_tests_llvm-spike_red_pred_eq.o	stage0	9ebeebd6784300e84e7cc64345c8fd8d42740092d9ffce13e4de201f8b92c474	src/tests/llvm-spike/red_pred_eq.HC	N/A	abb40eb279121821fe2b2be4e21151dabb1822b581420540105cfcf6036948f3
build/lexer07-corpus-4stage/s1/165_src_tests_llvm-spike_red_pred_ne.o	stage1	9916a3786fdadcad3962f754120c396f36a0f9d44b50291f3bbeb4dd961da2c6	src/tests/llvm-spike/red_pred_ne.HC	N/A	a824d78c0839a8e720789aaf2639b8a856d2c565d35cb3d3ecd623d3ab498c63
build/lexer07-corpus-4stage/s2/165_src_tests_llvm-spike_red_pred_ne.o	stage2	9c1166868fae2573328af1f5c86373577a4a4b9b7464872aa2e209e3fe3c84f4	src/tests/llvm-spike/red_pred_ne.HC	N/A	a824d78c0839a8e720789aaf2639b8a856d2c565d35cb3d3ecd623d3ab498c63
build/lexer07-corpus-4stage/s3/165_src_tests_llvm-spike_red_pred_ne.o	stage3	2aec4181f1d40a8239828a1b7a00da3782114cf6efffe6c618f471687b40b7c7	src/tests/llvm-spike/red_pred_ne.HC	N/A	a824d78c0839a8e720789aaf2639b8a856d2c565d35cb3d3ecd623d3ab498c63
build/lexer07-corpus-4stage/s0/165_src_tests_llvm-spike_red_pred_ne.o	stage0	9ebeebd6784300e84e7cc64345c8fd8d42740092d9ffce13e4de201f8b92c474	src/tests/llvm-spike/red_pred_ne.HC	N/A	a824d78c0839a8e720789aaf2639b8a856d2c565d35cb3d3ecd623d3ab498c63
build/lexer07-corpus-4stage/s1/166_src_tests_llvm-spike_red_pred_sge.o	stage1	9916a3786fdadcad3962f754120c396f36a0f9d44b50291f3bbeb4dd961da2c6	src/tests/llvm-spike/red_pred_sge.HC	N/A	37e63c3908a333c79a240aad00f66e6367142cbd3e0f5cf52283a5b48184d9cc
build/lexer07-corpus-4stage/s2/166_src_tests_llvm-spike_red_pred_sge.o	stage2	9c1166868fae2573328af1f5c86373577a4a4b9b7464872aa2e209e3fe3c84f4	src/tests/llvm-spike/red_pred_sge.HC	N/A	37e63c3908a333c79a240aad00f66e6367142cbd3e0f5cf52283a5b48184d9cc
build/lexer07-corpus-4stage/s3/166_src_tests_llvm-spike_red_pred_sge.o	stage3	2aec4181f1d40a8239828a1b7a00da3782114cf6efffe6c618f471687b40b7c7	src/tests/llvm-spike/red_pred_sge.HC	N/A	37e63c3908a333c79a240aad00f66e6367142cbd3e0f5cf52283a5b48184d9cc
build/lexer07-corpus-4stage/s0/166_src_tests_llvm-spike_red_pred_sge.o	stage0	9ebeebd6784300e84e7cc64345c8fd8d42740092d9ffce13e4de201f8b92c474	src/tests/llvm-spike/red_pred_sge.HC	N/A	37e63c3908a333c79a240aad00f66e6367142cbd3e0f5cf52283a5b48184d9cc
build/lexer07-corpus-4stage/s1/167_src_tests_llvm-spike_red_pred_sgt.o	stage1	9916a3786fdadcad3962f754120c396f36a0f9d44b50291f3bbeb4dd961da2c6	src/tests/llvm-spike/red_pred_sgt.HC	N/A	e56ce27c0e4302438a2ac30baad33fd6295e877dcfeeff8feffb1fff283d5dee
build/lexer07-corpus-4stage/s2/167_src_tests_llvm-spike_red_pred_sgt.o	stage2	9c1166868fae2573328af1f5c86373577a4a4b9b7464872aa2e209e3fe3c84f4	src/tests/llvm-spike/red_pred_sgt.HC	N/A	e56ce27c0e4302438a2ac30baad33fd6295e877dcfeeff8feffb1fff283d5dee
build/lexer07-corpus-4stage/s3/167_src_tests_llvm-spike_red_pred_sgt.o	stage3	2aec4181f1d40a8239828a1b7a00da3782114cf6efffe6c618f471687b40b7c7	src/tests/llvm-spike/red_pred_sgt.HC	N/A	e56ce27c0e4302438a2ac30baad33fd6295e877dcfeeff8feffb1fff283d5dee
build/lexer07-corpus-4stage/s0/167_src_tests_llvm-spike_red_pred_sgt.o	stage0	9ebeebd6784300e84e7cc64345c8fd8d42740092d9ffce13e4de201f8b92c474	src/tests/llvm-spike/red_pred_sgt.HC	N/A	e56ce27c0e4302438a2ac30baad33fd6295e877dcfeeff8feffb1fff283d5dee
build/lexer07-corpus-4stage/s1/168_src_tests_llvm-spike_red_pred_sle.o	stage1	9916a3786fdadcad3962f754120c396f36a0f9d44b50291f3bbeb4dd961da2c6	src/tests/llvm-spike/red_pred_sle.HC	N/A	52e8df4aac83908b2a081a48b26df840033e604d489abcc9bcf8ba4425d377f5
build/lexer07-corpus-4stage/s2/168_src_tests_llvm-spike_red_pred_sle.o	stage2	9c1166868fae2573328af1f5c86373577a4a4b9b7464872aa2e209e3fe3c84f4	src/tests/llvm-spike/red_pred_sle.HC	N/A	52e8df4aac83908b2a081a48b26df840033e604d489abcc9bcf8ba4425d377f5
build/lexer07-corpus-4stage/s3/168_src_tests_llvm-spike_red_pred_sle.o	stage3	2aec4181f1d40a8239828a1b7a00da3782114cf6efffe6c618f471687b40b7c7	src/tests/llvm-spike/red_pred_sle.HC	N/A	52e8df4aac83908b2a081a48b26df840033e604d489abcc9bcf8ba4425d377f5
build/lexer07-corpus-4stage/s0/168_src_tests_llvm-spike_red_pred_sle.o	stage0	9ebeebd6784300e84e7cc64345c8fd8d42740092d9ffce13e4de201f8b92c474	src/tests/llvm-spike/red_pred_sle.HC	N/A	52e8df4aac83908b2a081a48b26df840033e604d489abcc9bcf8ba4425d377f5
build/lexer07-corpus-4stage/s1/169_src_tests_llvm-spike_red_pred_slt.o	stage1	9916a3786fdadcad3962f754120c396f36a0f9d44b50291f3bbeb4dd961da2c6	src/tests/llvm-spike/red_pred_slt.HC	N/A	3c554942421048b474b72426ca702530781d3b81de36d16945e35fae6fb90253
build/lexer07-corpus-4stage/s2/169_src_tests_llvm-spike_red_pred_slt.o	stage2	9c1166868fae2573328af1f5c86373577a4a4b9b7464872aa2e209e3fe3c84f4	src/tests/llvm-spike/red_pred_slt.HC	N/A	3c554942421048b474b72426ca702530781d3b81de36d16945e35fae6fb90253
build/lexer07-corpus-4stage/s3/169_src_tests_llvm-spike_red_pred_slt.o	stage3	2aec4181f1d40a8239828a1b7a00da3782114cf6efffe6c618f471687b40b7c7	src/tests/llvm-spike/red_pred_slt.HC	N/A	3c554942421048b474b72426ca702530781d3b81de36d16945e35fae6fb90253
build/lexer07-corpus-4stage/s0/169_src_tests_llvm-spike_red_pred_slt.o	stage0	9ebeebd6784300e84e7cc64345c8fd8d42740092d9ffce13e4de201f8b92c474	src/tests/llvm-spike/red_pred_slt.HC	N/A	3c554942421048b474b72426ca702530781d3b81de36d16945e35fae6fb90253
build/lexer07-corpus-4stage/s1/170_src_tests_llvm-spike_red_remainder_mod.o	stage1	9916a3786fdadcad3962f754120c396f36a0f9d44b50291f3bbeb4dd961da2c6	src/tests/llvm-spike/red_remainder_mod.HC	N/A	b348b8cb938cf8f4cb0a10451e58173c46ccdfcf85a3d8de46be6a2e784d80c1
build/lexer07-corpus-4stage/s2/170_src_tests_llvm-spike_red_remainder_mod.o	stage2	9c1166868fae2573328af1f5c86373577a4a4b9b7464872aa2e209e3fe3c84f4	src/tests/llvm-spike/red_remainder_mod.HC	N/A	b348b8cb938cf8f4cb0a10451e58173c46ccdfcf85a3d8de46be6a2e784d80c1
build/lexer07-corpus-4stage/s3/170_src_tests_llvm-spike_red_remainder_mod.o	stage3	2aec4181f1d40a8239828a1b7a00da3782114cf6efffe6c618f471687b40b7c7	src/tests/llvm-spike/red_remainder_mod.HC	N/A	b348b8cb938cf8f4cb0a10451e58173c46ccdfcf85a3d8de46be6a2e784d80c1
build/lexer07-corpus-4stage/s0/170_src_tests_llvm-spike_red_remainder_mod.o	stage0	9ebeebd6784300e84e7cc64345c8fd8d42740092d9ffce13e4de201f8b92c474	src/tests/llvm-spike/red_remainder_mod.HC	N/A	b348b8cb938cf8f4cb0a10451e58173c46ccdfcf85a3d8de46be6a2e784d80c1
build/lexer07-corpus-4stage/s1/171_src_tests_llvm-spike_red_shift_shl.o	stage1	9916a3786fdadcad3962f754120c396f36a0f9d44b50291f3bbeb4dd961da2c6	src/tests/llvm-spike/red_shift_shl.HC	N/A	819cd12e4f3029e17e6a38cc4a7f410edaf99086927ba6592d5b89619534f384
build/lexer07-corpus-4stage/s2/171_src_tests_llvm-spike_red_shift_shl.o	stage2	9c1166868fae2573328af1f5c86373577a4a4b9b7464872aa2e209e3fe3c84f4	src/tests/llvm-spike/red_shift_shl.HC	N/A	819cd12e4f3029e17e6a38cc4a7f410edaf99086927ba6592d5b89619534f384
build/lexer07-corpus-4stage/s3/171_src_tests_llvm-spike_red_shift_shl.o	stage3	2aec4181f1d40a8239828a1b7a00da3782114cf6efffe6c618f471687b40b7c7	src/tests/llvm-spike/red_shift_shl.HC	N/A	819cd12e4f3029e17e6a38cc4a7f410edaf99086927ba6592d5b89619534f384
build/lexer07-corpus-4stage/s0/171_src_tests_llvm-spike_red_shift_shl.o	stage0	9ebeebd6784300e84e7cc64345c8fd8d42740092d9ffce13e4de201f8b92c474	src/tests/llvm-spike/red_shift_shl.HC	N/A	819cd12e4f3029e17e6a38cc4a7f410edaf99086927ba6592d5b89619534f384
build/lexer07-corpus-4stage/s1/172_src_tests_lsp_run_lsp_tests.o	stage1	9916a3786fdadcad3962f754120c396f36a0f9d44b50291f3bbeb4dd961da2c6	src/tests/lsp/run_lsp_tests.HC	N/A	2a1b1505a9c74d17b165c5a032b246fea1abdab47620b1fc3face29417147c18
build/lexer07-corpus-4stage/s2/172_src_tests_lsp_run_lsp_tests.o	stage2	9c1166868fae2573328af1f5c86373577a4a4b9b7464872aa2e209e3fe3c84f4	src/tests/lsp/run_lsp_tests.HC	N/A	2a1b1505a9c74d17b165c5a032b246fea1abdab47620b1fc3face29417147c18
build/lexer07-corpus-4stage/s3/172_src_tests_lsp_run_lsp_tests.o	stage3	2aec4181f1d40a8239828a1b7a00da3782114cf6efffe6c618f471687b40b7c7	src/tests/lsp/run_lsp_tests.HC	N/A	2a1b1505a9c74d17b165c5a032b246fea1abdab47620b1fc3face29417147c18
build/lexer07-corpus-4stage/s0/172_src_tests_lsp_run_lsp_tests.o	stage0	9ebeebd6784300e84e7cc64345c8fd8d42740092d9ffce13e4de201f8b92c474	src/tests/lsp/run_lsp_tests.HC	N/A	2a1b1505a9c74d17b165c5a032b246fea1abdab47620b1fc3face29417147c18
build/lexer07-corpus-4stage/s1/173_src_tests_native-x86-float-cmp-parity01_finite_baseline.o	stage1	9916a3786fdadcad3962f754120c396f36a0f9d44b50291f3bbeb4dd961da2c6	src/tests/native-x86-float-cmp-parity01/finite_baseline.HC	N/A	8fdaef431dae4227f5fb3564d2de0ec50aaf533acd9d0740a0d487f4d4ef419e
build/lexer07-corpus-4stage/s2/173_src_tests_native-x86-float-cmp-parity01_finite_baseline.o	stage2	9c1166868fae2573328af1f5c86373577a4a4b9b7464872aa2e209e3fe3c84f4	src/tests/native-x86-float-cmp-parity01/finite_baseline.HC	N/A	8fdaef431dae4227f5fb3564d2de0ec50aaf533acd9d0740a0d487f4d4ef419e
build/lexer07-corpus-4stage/s3/173_src_tests_native-x86-float-cmp-parity01_finite_baseline.o	stage3	2aec4181f1d40a8239828a1b7a00da3782114cf6efffe6c618f471687b40b7c7	src/tests/native-x86-float-cmp-parity01/finite_baseline.HC	N/A	8fdaef431dae4227f5fb3564d2de0ec50aaf533acd9d0740a0d487f4d4ef419e
build/lexer07-corpus-4stage/s0/173_src_tests_native-x86-float-cmp-parity01_finite_baseline.o	stage0	9ebeebd6784300e84e7cc64345c8fd8d42740092d9ffce13e4de201f8b92c474	src/tests/native-x86-float-cmp-parity01/finite_baseline.HC	N/A	8fdaef431dae4227f5fb3564d2de0ec50aaf533acd9d0740a0d487f4d4ef419e
build/lexer07-corpus-4stage/s1/174_src_tests_native-x86-float-cmp-parity01_ir_fcmp_witness.o	stage1	9916a3786fdadcad3962f754120c396f36a0f9d44b50291f3bbeb4dd961da2c6	src/tests/native-x86-float-cmp-parity01/ir_fcmp_witness.HC	N/A	72fe3eb671f9ceacf4fd38cb2d24ef31b84e63ab626d1755c81c67c9766f5b51
build/lexer07-corpus-4stage/s2/174_src_tests_native-x86-float-cmp-parity01_ir_fcmp_witness.o	stage2	9c1166868fae2573328af1f5c86373577a4a4b9b7464872aa2e209e3fe3c84f4	src/tests/native-x86-float-cmp-parity01/ir_fcmp_witness.HC	N/A	72fe3eb671f9ceacf4fd38cb2d24ef31b84e63ab626d1755c81c67c9766f5b51
build/lexer07-corpus-4stage/s3/174_src_tests_native-x86-float-cmp-parity01_ir_fcmp_witness.o	stage3	2aec4181f1d40a8239828a1b7a00da3782114cf6efffe6c618f471687b40b7c7	src/tests/native-x86-float-cmp-parity01/ir_fcmp_witness.HC	N/A	72fe3eb671f9ceacf4fd38cb2d24ef31b84e63ab626d1755c81c67c9766f5b51
build/lexer07-corpus-4stage/s0/174_src_tests_native-x86-float-cmp-parity01_ir_fcmp_witness.o	stage0	9ebeebd6784300e84e7cc64345c8fd8d42740092d9ffce13e4de201f8b92c474	src/tests/native-x86-float-cmp-parity01/ir_fcmp_witness.HC	N/A	72fe3eb671f9ceacf4fd38cb2d24ef31b84e63ab626d1755c81c67c9766f5b51
build/lexer07-corpus-4stage/s1/175_src_tests_native-x86-float-cmp-parity01_red_nan.o	stage1	9916a3786fdadcad3962f754120c396f36a0f9d44b50291f3bbeb4dd961da2c6	src/tests/native-x86-float-cmp-parity01/red_nan.HC	N/A	ffb770e69e3c090402d1ce90d7b5f11e389d70bc4c978844f578caf4dd7e8343
build/lexer07-corpus-4stage/s2/175_src_tests_native-x86-float-cmp-parity01_red_nan.o	stage2	9c1166868fae2573328af1f5c86373577a4a4b9b7464872aa2e209e3fe3c84f4	src/tests/native-x86-float-cmp-parity01/red_nan.HC	N/A	ffb770e69e3c090402d1ce90d7b5f11e389d70bc4c978844f578caf4dd7e8343
build/lexer07-corpus-4stage/s3/175_src_tests_native-x86-float-cmp-parity01_red_nan.o	stage3	2aec4181f1d40a8239828a1b7a00da3782114cf6efffe6c618f471687b40b7c7	src/tests/native-x86-float-cmp-parity01/red_nan.HC	N/A	ffb770e69e3c090402d1ce90d7b5f11e389d70bc4c978844f578caf4dd7e8343
build/lexer07-corpus-4stage/s0/175_src_tests_native-x86-float-cmp-parity01_red_nan.o	stage0	9ebeebd6784300e84e7cc64345c8fd8d42740092d9ffce13e4de201f8b92c474	src/tests/native-x86-float-cmp-parity01/red_nan.HC	N/A	ffb770e69e3c090402d1ce90d7b5f11e389d70bc4c978844f578caf4dd7e8343
build/lexer07-corpus-4stage/s1/176_src_tests_native-x86-float-cmp-parity01_special_values.o	stage1	9916a3786fdadcad3962f754120c396f36a0f9d44b50291f3bbeb4dd961da2c6	src/tests/native-x86-float-cmp-parity01/special_values.HC	N/A	b139805e903e385c66a5656cd906e6816ff8f156b5c2edc7269ee76784f7b205
build/lexer07-corpus-4stage/s2/176_src_tests_native-x86-float-cmp-parity01_special_values.o	stage2	9c1166868fae2573328af1f5c86373577a4a4b9b7464872aa2e209e3fe3c84f4	src/tests/native-x86-float-cmp-parity01/special_values.HC	N/A	b139805e903e385c66a5656cd906e6816ff8f156b5c2edc7269ee76784f7b205
build/lexer07-corpus-4stage/s3/176_src_tests_native-x86-float-cmp-parity01_special_values.o	stage3	2aec4181f1d40a8239828a1b7a00da3782114cf6efffe6c618f471687b40b7c7	src/tests/native-x86-float-cmp-parity01/special_values.HC	N/A	b139805e903e385c66a5656cd906e6816ff8f156b5c2edc7269ee76784f7b205
build/lexer07-corpus-4stage/s0/176_src_tests_native-x86-float-cmp-parity01_special_values.o	stage0	9ebeebd6784300e84e7cc64345c8fd8d42740092d9ffce13e4de201f8b92c474	src/tests/native-x86-float-cmp-parity01/special_values.HC	N/A	b139805e903e385c66a5656cd906e6816ff8f156b5c2edc7269ee76784f7b205
build/lexer07-corpus-4stage/s1/177_src_tests_repro_171_default_function_pointers.o	stage1	9916a3786fdadcad3962f754120c396f36a0f9d44b50291f3bbeb4dd961da2c6	src/tests/repro_171_default_function_pointers.HC	N/A	9b16605d45ff5910e4ac5abf386df2f2646f5b3e4310737a647bd8a3d6b86c36
build/lexer07-corpus-4stage/s2/177_src_tests_repro_171_default_function_pointers.o	stage2	9c1166868fae2573328af1f5c86373577a4a4b9b7464872aa2e209e3fe3c84f4	src/tests/repro_171_default_function_pointers.HC	N/A	9b16605d45ff5910e4ac5abf386df2f2646f5b3e4310737a647bd8a3d6b86c36
build/lexer07-corpus-4stage/s3/177_src_tests_repro_171_default_function_pointers.o	stage3	2aec4181f1d40a8239828a1b7a00da3782114cf6efffe6c618f471687b40b7c7	src/tests/repro_171_default_function_pointers.HC	N/A	9b16605d45ff5910e4ac5abf386df2f2646f5b3e4310737a647bd8a3d6b86c36
build/lexer07-corpus-4stage/s0/177_src_tests_repro_171_default_function_pointers.o	stage0	9ebeebd6784300e84e7cc64345c8fd8d42740092d9ffce13e4de201f8b92c474	src/tests/repro_171_default_function_pointers.HC	N/A	9b16605d45ff5910e4ac5abf386df2f2646f5b3e4310737a647bd8a3d6b86c36
build/lexer07-corpus-4stage/s1/178_src_tests_run.o	stage1	9916a3786fdadcad3962f754120c396f36a0f9d44b50291f3bbeb4dd961da2c6	src/tests/run.HC	N/A	85978ce71e30cfff3558621f8b6b8ec9e80648623ac1450108b7e0f2cce3712b
build/lexer07-corpus-4stage/s2/178_src_tests_run.o	stage2	9c1166868fae2573328af1f5c86373577a4a4b9b7464872aa2e209e3fe3c84f4	src/tests/run.HC	N/A	85978ce71e30cfff3558621f8b6b8ec9e80648623ac1450108b7e0f2cce3712b
build/lexer07-corpus-4stage/s3/178_src_tests_run.o	stage3	2aec4181f1d40a8239828a1b7a00da3782114cf6efffe6c618f471687b40b7c7	src/tests/run.HC	N/A	85978ce71e30cfff3558621f8b6b8ec9e80648623ac1450108b7e0f2cce3712b
build/lexer07-corpus-4stage/s0/178_src_tests_run.o	stage0	9ebeebd6784300e84e7cc64345c8fd8d42740092d9ffce13e4de201f8b92c474	src/tests/run.HC	N/A	85978ce71e30cfff3558621f8b6b8ec9e80648623ac1450108b7e0f2cce3712b
build/lexer07-corpus-4stage/s1/179_src_tests_run_jit.o	stage1	9916a3786fdadcad3962f754120c396f36a0f9d44b50291f3bbeb4dd961da2c6	src/tests/run_jit.HC	N/A	a7acda53d466083f4f978bc2ee91ce217ae05f8b1a18eabd29494a0fc7de113d
build/lexer07-corpus-4stage/s2/179_src_tests_run_jit.o	stage2	9c1166868fae2573328af1f5c86373577a4a4b9b7464872aa2e209e3fe3c84f4	src/tests/run_jit.HC	N/A	a7acda53d466083f4f978bc2ee91ce217ae05f8b1a18eabd29494a0fc7de113d
build/lexer07-corpus-4stage/s3/179_src_tests_run_jit.o	stage3	2aec4181f1d40a8239828a1b7a00da3782114cf6efffe6c618f471687b40b7c7	src/tests/run_jit.HC	N/A	a7acda53d466083f4f978bc2ee91ce217ae05f8b1a18eabd29494a0fc7de113d
build/lexer07-corpus-4stage/s0/179_src_tests_run_jit.o	stage0	9ebeebd6784300e84e7cc64345c8fd8d42740092d9ffce13e4de201f8b92c474	src/tests/run_jit.HC	N/A	a7acda53d466083f4f978bc2ee91ce217ae05f8b1a18eabd29494a0fc7de113d
build/lexer07-corpus-4stage/s1/180_src_tests_run_shared.o	stage1	9916a3786fdadcad3962f754120c396f36a0f9d44b50291f3bbeb4dd961da2c6	src/tests/run_shared.HC	N/A	c279fc1da31ada02d292566cd489809297b045b2531e823f0c3aee2bef39901e
build/lexer07-corpus-4stage/s2/180_src_tests_run_shared.o	stage2	9c1166868fae2573328af1f5c86373577a4a4b9b7464872aa2e209e3fe3c84f4	src/tests/run_shared.HC	N/A	c279fc1da31ada02d292566cd489809297b045b2531e823f0c3aee2bef39901e
build/lexer07-corpus-4stage/s3/180_src_tests_run_shared.o	stage3	2aec4181f1d40a8239828a1b7a00da3782114cf6efffe6c618f471687b40b7c7	src/tests/run_shared.HC	N/A	c279fc1da31ada02d292566cd489809297b045b2531e823f0c3aee2bef39901e
build/lexer07-corpus-4stage/s0/180_src_tests_run_shared.o	stage0	9ebeebd6784300e84e7cc64345c8fd8d42740092d9ffce13e4de201f8b92c474	src/tests/run_shared.HC	N/A	c279fc1da31ada02d292566cd489809297b045b2531e823f0c3aee2bef39901e
build/lexer07-corpus-4stage/s1/181_src_tests_testhelper.o	stage1	9916a3786fdadcad3962f754120c396f36a0f9d44b50291f3bbeb4dd961da2c6	src/tests/testhelper.HC	N/A	5c6694c03de9d3a00bac7159e692c3067330f3209beb10a750b376977e14ec48
build/lexer07-corpus-4stage/s2/181_src_tests_testhelper.o	stage2	9c1166868fae2573328af1f5c86373577a4a4b9b7464872aa2e209e3fe3c84f4	src/tests/testhelper.HC	N/A	5c6694c03de9d3a00bac7159e692c3067330f3209beb10a750b376977e14ec48
build/lexer07-corpus-4stage/s3/181_src_tests_testhelper.o	stage3	2aec4181f1d40a8239828a1b7a00da3782114cf6efffe6c618f471687b40b7c7	src/tests/testhelper.HC	N/A	5c6694c03de9d3a00bac7159e692c3067330f3209beb10a750b376977e14ec48
build/lexer07-corpus-4stage/s0/181_src_tests_testhelper.o	stage0	9ebeebd6784300e84e7cc64345c8fd8d42740092d9ffce13e4de201f8b92c474	src/tests/testhelper.HC	N/A	5c6694c03de9d3a00bac7159e692c3067330f3209beb10a750b376977e14ec48
